school_id,month,infrastructure_deficit_pct,electricity_availability,drinking_water_availability,functional_toilet_availability,boundary_wall_availability,playground_availability,infrastructure_records,school_name,district,block,total_enrolled_students,school_type,medium
SCH0001,2025-07,40.0,100.0,100.0,100.0,0.0,0.0,1,Govt. Primary School Nadkarni,Amritsar,Amritsar-I,419,Upper Primary,Hindi
SCH0001,2025-09,75.0,0.0,100.0,,0.0,0.0,1,Govt. Primary School Nadkarni,Amritsar,Amritsar-I,419,Upper Primary,Hindi
SCH0002,2025-03,40.0,0.0,100.0,100.0,100.0,0.0,1,Govt. Primary School Dewan,Unknown,Tarn Taran,56,Upper Primary,Hindi
SCH0002,2025-09,20.0,100.0,100.0,100.0,100.0,0.0,1,Govt. Primary School Dewan,Unknown,Tarn Taran,56,Upper Primary,Hindi
SCH0002,2026-03,0.0,100.0,100.0,100.0,100.0,100.0,1,Govt. Primary School Dewan,Unknown,Tarn Taran,56,Upper Primary,Hindi
SCH0003,2025-04,20.0,100.0,100.0,50.0,50.0,100.0,2,Govt. Senior Secondary School Chopra,Ferozepur,Zira,269,Primary,English
SCH0003,2025-05,20.0,100.0,100.0,100.0,100.0,0.0,1,Govt. Senior Secondary School Chopra,Ferozepur,Zira,269,Primary,English
SCH0003,2025-08,50.0,100.0,,100.0,0.0,0.0,1,Govt. Senior Secondary School Chopra,Ferozepur,Zira,269,Primary,English
SCH0003,2025-12,0.0,100.0,100.0,100.0,100.0,100.0,1,Govt. Senior Secondary School Chopra,Ferozepur,Zira,269,Primary,English
SCH0003,2026-03,0.0,100.0,100.0,100.0,,100.0,1,Govt. Senior Secondary School Chopra,Ferozepur,Zira,269,Primary,English
SCH0004,2025-08,20.0,100.0,100.0,100.0,100.0,0.0,1,Govt. Elementary School Kaur,Bathinda,Unknown,150,Secondary,English
SCH0004,2025-10,30.0,50.0,100.0,100.0,50.0,50.0,2,Govt. Elementary School Kaur,Bathinda,Unknown,150,Secondary,English
SCH0004,2026-01,60.0,0.0,0.0,100.0,100.0,0.0,1,Govt. Elementary School Kaur,Bathinda,Unknown,150,Secondary,English
SCH0004,2026-02,20.0,100.0,100.0,100.0,100.0,0.0,1,Govt. Elementary School Kaur,Bathinda,Unknown,150,Secondary,English
SCH0005,2025-04,40.0,0.0,100.0,100.0,100.0,0.0,1,Govt. Elementary School Bajwa,Bathinda,Unknown,413,Primary,English
SCH0005,2025-06,40.0,50.0,50.0,100.0,0.0,100.0,2,Govt. Elementary School Bajwa,Bathinda,Unknown,413,Primary,English
SCH0005,2025-10,60.0,0.0,100.0,100.0,0.0,0.0,1,Govt. Elementary School Bajwa,Bathinda,Unknown,413,Primary,English
SCH0006,2025-07,42.5,0.0,50.0,0.0,100.0,100.0,2,Govt. Primary School Bahri,Moga,Moga-II,400,Upper Primary,Punjabi
SCH0007,2025-08,20.0,100.0,100.0,100.0,100.0,0.0,1,Govt. Middle School Kale,Ferozepur,Makhu,272,Secondary,English
SCH0007,2025-09,20.0,100.0,100.0,100.0,0.0,100.0,1,Govt. Middle School Kale,Ferozepur,Makhu,272,Secondary,English
SCH0007,2025-12,10.0,100.0,100.0,100.0,50.0,100.0,2,Govt. Middle School Kale,Ferozepur,Makhu,272,Secondary,English
SCH0007,2026-02,20.0,0.0,100.0,100.0,100.0,100.0,1,Govt. Middle School Kale,Ferozepur,Makhu,272,Secondary,English
SCH0008,2025-01,40.0,100.0,100.0,0.0,100.0,0.0,1,Govt. Middle School Sibal,Amritsar,Amritsar-II,313,Upper Primary,Hindi
SCH0008,2025-05,20.0,0.0,100.0,100.0,100.0,100.0,1,Govt. Middle School Sibal,Amritsar,Amritsar-II,313,Upper Primary,Hindi
SCH0008,2025-06,20.0,100.0,100.0,100.0,0.0,100.0,1,Govt. Middle School Sibal,Amritsar,Amritsar-II,313,Upper Primary,Hindi
SCH0008,2025-07,33.333333333333336,100.0,66.66666666666666,66.66666666666666,66.66666666666666,33.33333333333333,3,Govt. Middle School Sibal,Amritsar,Amritsar-II,313,Upper Primary,Hindi
SCH0008,2025-12,20.0,100.0,100.0,100.0,100.0,0.0,1,Govt. Middle School Sibal,Amritsar,Amritsar-II,313,Upper Primary,Hindi
SCH0009,2025-05,40.0,50.0,50.0,0.0,100.0,100.0,2,Govt. Middle School Bakshi,Patiala,Samana,433,Upper Primary,Punjabi
SCH0009,2025-06,32.5,100.0,100.0,100.0,50.0,0.0,2,Govt. Middle School Bakshi,Patiala,Samana,433,Upper Primary,Punjabi
SCH0009,2025-07,45.0,100.0,100.0,50.0,0.0,50.0,2,Govt. Middle School Bakshi,Patiala,Samana,433,Upper Primary,Punjabi
SCH0009,2025-10,52.5,50.0,50.0,50.0,50.0,0.0,2,Govt. Middle School Bakshi,Patiala,Samana,433,Upper Primary,Punjabi
SCH0010,2025-04,40.0,100.0,100.0,0.0,100.0,0.0,1,Govt. Elementary School Mani,Patiala,Samana,148,Higher Secondary,Hindi
SCH0010,2025-05,40.0,100.0,100.0,100.0,0.0,0.0,1,Govt. Elementary School Mani,Patiala,Samana,148,Higher Secondary,Hindi
SCH0010,2025-12,20.0,100.0,100.0,50.0,50.0,100.0,2,Govt. Elementary School Mani,Patiala,Samana,148,Higher Secondary,Hindi
SCH0010,2026-01,40.0,100.0,100.0,0.0,100.0,0.0,1,Govt. Elementary School Mani,Patiala,Samana,148,Higher Secondary,Hindi
SCH0010,2026-02,40.0,0.0,100.0,100.0,0.0,100.0,1,Govt. Elementary School Mani,Patiala,Samana,148,Higher Secondary,Hindi
SCH0011,2025-06,40.0,100.0,100.0,100.0,0.0,0.0,1,Govt. Senior Secondary School Munshi,Patiala,Samana,422,Higher Secondary,Punjabi
SCH0011,2025-09,20.0,100.0,100.0,100.0,0.0,100.0,1,Govt. Senior Secondary School Munshi,Patiala,Samana,422,Higher Secondary,Punjabi
SCH0011,2026-03,20.0,100.0,100.0,100.0,100.0,0.0,1,Govt. Senior Secondary School Munshi,Patiala,Samana,422,Higher Secondary,Punjabi
SCH0012,2025-07,67.5,50.0,50.0,0.0,50.0,0.0,2,Govt. Elementary School Mand,Ludhiana,Ludhiana-I,118,Higher Secondary,Punjabi
SCH0012,2025-12,20.0,100.0,100.0,0.0,100.0,100.0,1,Govt. Elementary School Mand,Ludhiana,Ludhiana-I,118,Higher Secondary,Punjabi
SCH0013,2025-10,20.0,100.0,100.0,100.0,100.0,0.0,1,Govt. Middle School Contractor,Bathinda,Bathinda,388,Secondary,Punjabi
SCH0013,2026-01,0.0,100.0,100.0,100.0,100.0,100.0,1,Govt. Middle School Contractor,Bathinda,Bathinda,388,Secondary,Punjabi
SCH0014,2025-05,75.0,0.0,100.0,0.0,0.0,,1,Govt. Senior Secondary School Soman,Jalandhar,Phillaur,41,Secondary,Punjabi
SCH0014,2026-01,35.0,100.0,100.0,100.0,0.0,50.0,2,Govt. Senior Secondary School Soman,Jalandhar,Phillaur,41,Secondary,Punjabi
SCH0014,2026-02,60.0,0.0,100.0,0.0,100.0,0.0,1,Govt. Senior Secondary School Soman,Jalandhar,Phillaur,41,Secondary,Punjabi
SCH0014,2026-03,50.0,50.0,100.0,100.0,0.0,0.0,2,Govt. Senior Secondary School Soman,Jalandhar,Phillaur,41,Secondary,Punjabi
SCH0015,2025-07,20.0,100.0,100.0,100.0,0.0,100.0,1,Govt. Primary School Brahmbhatt,Bathinda,Maur,118,Upper Primary,Punjabi
SCH0015,2025-10,20.0,100.0,50.0,100.0,100.0,50.0,2,Govt. Primary School Brahmbhatt,Bathinda,Maur,118,Upper Primary,Punjabi
SCH0015,2026-03,60.0,0.0,100.0,100.0,0.0,0.0,1,Govt. Primary School Brahmbhatt,Bathinda,Maur,118,Upper Primary,Punjabi
SCH0016,2025-05,30.0,100.0,50.0,100.0,50.0,50.0,2,Govt. Senior Secondary School Varughese,Ludhiana,Ludhiana-I,225,Secondary,Punjabi
SCH0016,2025-06,60.0,100.0,0.0,100.0,0.0,0.0,1,Govt. Senior Secondary School Varughese,Ludhiana,Ludhiana-I,225,Secondary,Punjabi
SCH0016,2025-07,0.0,100.0,100.0,100.0,100.0,100.0,2,Govt. Senior Secondary School Varughese,Ludhiana,Ludhiana-I,225,Secondary,Punjabi
SCH0016,2025-08,20.0,100.0,100.0,0.0,100.0,100.0,1,Govt. Senior Secondary School Varughese,Ludhiana,Ludhiana-I,225,Secondary,Punjabi
SCH0017,2025-04,0.0,100.0,100.0,100.0,100.0,100.0,1,Govt. Elementary School Pandit,Amritsar,Tarn Taran,75,Upper Primary,Hindi
SCH0017,2025-05,60.0,100.0,100.0,0.0,0.0,0.0,1,Govt. Elementary School Pandit,Amritsar,Tarn Taran,75,Upper Primary,Hindi
SCH0017,2025-07,20.0,0.0,100.0,100.0,100.0,100.0,1,Govt. Elementary School Pandit,Amritsar,Tarn Taran,75,Upper Primary,Hindi
SCH0017,2025-11,60.0,0.0,0.0,100.0,0.0,100.0,1,Govt. Elementary School Pandit,Amritsar,Tarn Taran,75,Upper Primary,Hindi
SCH0017,2025-12,60.0,0.0,100.0,100.0,0.0,0.0,1,Govt. Elementary School Pandit,Amritsar,Tarn Taran,75,Upper Primary,Hindi
SCH0017,2026-03,50.0,100.0,100.0,0.0,,0.0,1,Govt. Elementary School Pandit,Amritsar,Tarn Taran,75,Upper Primary,Hindi
SCH0018,2025-03,60.0,0.0,100.0,0.0,0.0,100.0,1,Govt. Elementary School Palla,Bathinda,Talwandi Sabo,148,Upper Primary,English
SCH0018,2025-04,40.0,100.0,100.0,100.0,0.0,0.0,1,Govt. Elementary School Palla,Bathinda,Talwandi Sabo,148,Upper Primary,English
SCH0018,2025-09,40.0,100.0,100.0,100.0,0.0,0.0,1,Govt. Elementary School Palla,Bathinda,Talwandi Sabo,148,Upper Primary,English
SCH0018,2025-11,40.0,50.0,50.0,100.0,50.0,50.0,2,Govt. Elementary School Palla,Bathinda,Talwandi Sabo,148,Upper Primary,English
SCH0018,2026-01,20.0,100.0,100.0,100.0,0.0,100.0,1,Govt. Elementary School Palla,Bathinda,Talwandi Sabo,148,Upper Primary,English
SCH0018,2026-03,40.0,0.0,100.0,100.0,0.0,100.0,1,Govt. Elementary School Palla,Bathinda,Talwandi Sabo,148,Upper Primary,English
SCH0019,2025-04,20.0,100.0,0.0,100.0,100.0,100.0,1,Govt. Senior Secondary School Venkatesh,Sangrur,Dhuri,101,Primary,Punjabi
SCH0019,2025-05,22.5,100.0,100.0,100.0,0.0,100.0,2,Govt. Senior Secondary School Venkatesh,Sangrur,Dhuri,101,Primary,Punjabi
SCH0019,2025-06,40.0,100.0,100.0,0.0,100.0,0.0,1,Govt. Senior Secondary School Venkatesh,Sangrur,Dhuri,101,Primary,Punjabi
SCH0019,2025-07,20.0,100.0,100.0,100.0,100.0,0.0,1,Govt. Senior Secondary School Venkatesh,Sangrur,Dhuri,101,Primary,Punjabi
SCH0019,2026-01,0.0,100.0,100.0,100.0,,100.0,1,Govt. Senior Secondary School Venkatesh,Sangrur,Dhuri,101,Primary,Punjabi
SCH0019,2026-03,60.0,0.0,100.0,0.0,100.0,0.0,1,Govt. Senior Secondary School Venkatesh,Sangrur,Dhuri,101,Primary,Punjabi
SCH0020,2025-02,20.0,100.0,100.0,100.0,100.0,0.0,1,Govt. Primary School Soman,Amritsar,Amritsar-I,157,Primary,English
SCH0020,2025-07,40.0,100.0,100.0,100.0,0.0,0.0,1,Govt. Primary School Soman,Amritsar,Amritsar-I,157,Primary,English
SCH0020,2025-11,30.0,50.0,100.0,50.0,50.0,100.0,2,Govt. Primary School Soman,Amritsar,Amritsar-I,157,Primary,English
SCH0021,2025-07,60.0,0.0,100.0,0.0,100.0,0.0,1,Govt. Elementary School Sami,Sangrur,Sunam,316,Higher Secondary,Hindi
SCH0021,2025-09,50.0,0.0,100.0,100.0,0.0,,1,Govt. Elementary School Sami,Sangrur,Sunam,316,Higher Secondary,Hindi
SCH0022,2025-04,0.0,100.0,100.0,100.0,100.0,100.0,1,Govt. Primary School Aggarwal,Amritsar,Amritsar-I,377,Higher Secondary,Punjabi
SCH0022,2025-11,0.0,100.0,100.0,100.0,100.0,100.0,1,Govt. Primary School Aggarwal,Amritsar,Amritsar-I,377,Higher Secondary,Punjabi
SCH0022,2026-02,26.666666666666668,66.66666666666666,66.66666666666666,100.0,66.66666666666666,66.66666666666666,3,Govt. Primary School Aggarwal,Amritsar,Amritsar-I,377,Higher Secondary,Punjabi
SCH0022,2026-03,20.0,100.0,100.0,100.0,0.0,100.0,1,Govt. Primary School Aggarwal,Amritsar,Amritsar-I,377,Higher Secondary,Punjabi
SCH0023,2025-05,20.0,100.0,100.0,100.0,0.0,50.0,2,Govt. Senior Secondary School Bumb,Ludhiana,Machhiwara,412,Primary,Hindi
SCH0023,2025-08,22.5,100.0,100.0,100.0,50.0,50.0,2,Govt. Senior Secondary School Bumb,Ludhiana,Machhiwara,412,Primary,Hindi
SCH0024,2025-04,0.0,100.0,100.0,100.0,100.0,100.0,1,Govt. Primary School Bhandari,Ferozepur,Unknown,182,Primary,Hindi
SCH0024,2025-05,40.0,100.0,100.0,100.0,0.0,0.0,1,Govt. Primary School Bhandari,Ferozepur,Unknown,182,Primary,Hindi
SCH0024,2025-07,40.0,0.0,100.0,100.0,100.0,0.0,1,Govt. Primary School Bhandari,Ferozepur,Unknown,182,Primary,Hindi
SCH0024,2025-09,55.0,100.0,0.0,100.0,0.0,0.0,2,Govt. Primary School Bhandari,Ferozepur,Unknown,182,Primary,Hindi
SCH0024,2025-10,40.0,50.0,100.0,50.0,50.0,50.0,2,Govt. Primary School Bhandari,Ferozepur,Unknown,182,Primary,Hindi
SCH0024,2025-11,0.0,100.0,100.0,100.0,100.0,100.0,1,Govt. Primary School Bhandari,Ferozepur,Unknown,182,Primary,Hindi
SCH0024,2025-12,20.0,100.0,100.0,0.0,100.0,100.0,1,Govt. Primary School Bhandari,Ferozepur,Unknown,182,Primary,Hindi
SCH0024,2026-01,25.0,100.0,100.0,,100.0,0.0,1,Govt. Primary School Bhandari,Ferozepur,Unknown,182,Primary,Hindi
SCH0024,2026-03,40.0,100.0,100.0,100.0,0.0,0.0,1,Govt. Primary School Bhandari,Ferozepur,Unknown,182,Primary,Hindi
SCH0025,2025-05,20.0,100.0,100.0,0.0,100.0,100.0,1,Govt. Elementary School Tella,Ludhiana,Ludhiana-I,425,Upper Primary,Punjabi
SCH0025,2025-07,40.0,0.0,100.0,0.0,100.0,100.0,1,Govt. Elementary School Tella,Ludhiana,Ludhiana-I,425,Upper Primary,Punjabi
SCH0025,2025-09,40.0,100.0,100.0,100.0,0.0,0.0,1,Govt. Elementary School Tella,Ludhiana,Ludhiana-I,425,Upper Primary,Punjabi
SCH0025,2026-01,20.0,100.0,100.0,100.0,100.0,0.0,1,Govt. Elementary School Tella,Ludhiana,Ludhiana-I,425,Upper Primary,Punjabi
SCH0026,2025-04,0.0,100.0,100.0,100.0,100.0,,1,Govt. Elementary School Narayan,Unknown,Ludhiana-II,234,Higher Secondary,Hindi
SCH0026,2025-07,0.0,100.0,100.0,100.0,100.0,100.0,1,Govt. Elementary School Narayan,Unknown,Ludhiana-II,234,Higher Secondary,Hindi
SCH0026,2025-10,21.666666666666668,50.0,100.0,66.66666666666666,100.0,66.66666666666666,3,Govt. Elementary School Narayan,Unknown,Ludhiana-II,234,Higher Secondary,Hindi
SCH0026,2025-12,20.0,100.0,0.0,100.0,100.0,100.0,1,Govt. Elementary School Narayan,Unknown,Ludhiana-II,234,Higher Secondary,Hindi
SCH0026,2026-01,25.0,100.0,,100.0,100.0,0.0,1,Govt. Elementary School Narayan,Unknown,Ludhiana-II,234,Higher Secondary,Hindi
SCH0026,2026-03,20.0,100.0,100.0,100.0,100.0,0.0,1,Govt. Elementary School Narayan,Unknown,Ludhiana-II,234,Higher Secondary,Hindi
SCH0027,2025-10,100.0,0.0,0.0,,0.0,0.0,1,Govt. Primary School Lal,Sangrur,Sunam,137,Primary,Punjabi
SCH0027,2025-11,0.0,100.0,100.0,100.0,100.0,100.0,1,Govt. Primary School Lal,Sangrur,Sunam,137,Primary,Punjabi
SCH0027,2026-03,25.0,100.0,100.0,100.0,0.0,,1,Govt. Primary School Lal,Sangrur,Sunam,137,Primary,Punjabi
SCH0028,2025-05,0.0,100.0,100.0,100.0,100.0,100.0,2,Govt. Primary School Sengupta,Ludhiana,Machhiwara,297,Upper Primary,Punjabi
SCH0028,2025-11,0.0,100.0,100.0,100.0,100.0,100.0,1,Govt. Primary School Sengupta,Ludhiana,Machhiwara,297,Upper Primary,Punjabi
SCH0028,2025-12,20.0,100.0,100.0,100.0,100.0,0.0,1,Govt. Primary School Sengupta,Ludhiana,Machhiwara,297,Upper Primary,Punjabi
SCH0028,2026-02,20.0,100.0,100.0,0.0,100.0,100.0,1,Govt. Primary School Sengupta,Ludhiana,Machhiwara,297,Upper Primary,Punjabi
SCH0028,2026-03,30.0,100.0,50.0,100.0,50.0,50.0,2,Govt. Primary School Sengupta,Ludhiana,Machhiwara,297,Upper Primary,Punjabi
SCH0029,2025-04,20.0,100.0,100.0,50.0,100.0,50.0,2,Govt. Primary School Lad,Amritsar,Amritsar-II,246,Upper Primary,Punjabi
SCH0029,2025-05,20.0,100.0,0.0,100.0,100.0,100.0,1,Govt. Primary School Lad,Amritsar,Amritsar-II,246,Upper Primary,Punjabi
SCH0029,2025-07,30.0,50.0,100.0,100.0,50.0,50.0,2,Govt. Primary School Lad,Amritsar,Amritsar-II,246,Upper Primary,Punjabi
SCH0029,2025-11,20.0,100.0,0.0,100.0,100.0,100.0,1,Govt. Primary School Lad,Amritsar,Amritsar-II,246,Upper Primary,Punjabi
SCH0029,2026-01,0.0,100.0,100.0,100.0,100.0,100.0,1,Govt. Primary School Lad,Amritsar,Amritsar-II,246,Upper Primary,Punjabi
SCH0030,2025-04,40.0,100.0,100.0,100.0,0.0,0.0,1,Govt. Elementary School Kar,Moga,Bagha Purana,144,Secondary,English
SCH0030,2025-07,0.0,100.0,100.0,100.0,100.0,100.0,1,Govt. Elementary School Kar,Moga,Bagha Purana,144,Secondary,English
SCH0030,2025-12,60.0,0.0,100.0,0.0,100.0,0.0,1,Govt. Elementary School Kar,Moga,Bagha Purana,144,Secondary,English
SCH0030,2026-01,40.0,100.0,100.0,0.0,100.0,0.0,1,Govt. Elementary School Kar,Moga,Bagha Purana,144,Secondary,English
SCH0030,2026-03,50.0,,0.0,100.0,100.0,0.0,1,Govt. Elementary School Kar,Moga,Bagha Purana,144,Secondary,English
SCH0031,2025-03,25.0,100.0,100.0,,0.0,100.0,1,Govt. Primary School Mohanty,Sangrur,Unknown,424,Primary,Hindi
SCH0031,2025-05,40.0,100.0,100.0,100.0,0.0,0.0,1,Govt. Primary School Mohanty,Sangrur,Unknown,424,Primary,Hindi
SCH0031,2025-09,40.0,100.0,0.0,100.0,100.0,0.0,1,Govt. Primary School Mohanty,Sangrur,Unknown,424,Primary,Hindi
SCH0031,2026-01,60.0,100.0,0.0,100.0,0.0,0.0,1,Govt. Primary School Mohanty,Sangrur,Unknown,424,Primary,Hindi
SCH0032,2025-04,33.33333333333333,100.0,0.0,,,100.0,1,Govt. Senior Secondary School Narang,Bathinda,Maur,218,Upper Primary,Hindi
SCH0032,2025-05,20.0,100.0,100.0,100.0,100.0,0.0,1,Govt. Senior Secondary School Narang,Bathinda,Maur,218,Upper Primary,Hindi
SCH0032,2025-06,20.0,100.0,100.0,100.0,0.0,100.0,1,Govt. Senior Secondary School Narang,Bathinda,Maur,218,Upper Primary,Hindi
SCH0032,2025-07,50.0,0.0,100.0,,100.0,0.0,1,Govt. Senior Secondary School Narang,Bathinda,Maur,218,Upper Primary,Hindi
SCH0032,2025-08,0.0,100.0,100.0,100.0,100.0,100.0,1,Govt. Senior Secondary School Narang,Bathinda,Maur,218,Upper Primary,Hindi
SCH0032,2025-11,40.0,100.0,0.0,100.0,0.0,100.0,1,Govt. Senior Secondary School Narang,Bathinda,Maur,218,Upper Primary,Hindi
SCH0032,2026-03,30.0,100.0,50.0,50.0,100.0,50.0,2,Govt. Senior Secondary School Narang,Bathinda,Maur,218,Upper Primary,Hindi
SCH0033,2025-05,33.333333333333336,66.66666666666666,100.0,66.66666666666666,66.66666666666666,33.33333333333333,3,Govt. Primary School Shroff,Bathinda,Bathinda,381,Secondary,Hindi
SCH0033,2025-06,75.0,0.0,,0.0,0.0,100.0,1,Govt. Primary School Shroff,Bathinda,Bathinda,381,Secondary,Hindi
SCH0033,2025-07,40.0,0.0,100.0,100.0,100.0,0.0,1,Govt. Primary School Shroff,Bathinda,Bathinda,381,Secondary,Hindi
SCH0033,2025-08,0.0,100.0,100.0,100.0,100.0,100.0,1,Govt. Primary School Shroff,Bathinda,Bathinda,381,Secondary,Hindi
SCH0033,2025-12,0.0,,100.0,100.0,100.0,100.0,1,Govt. Primary School Shroff,Bathinda,Bathinda,381,Secondary,Hindi
SCH0033,2026-01,80.0,0.0,0.0,100.0,0.0,0.0,1,Govt. Primary School Shroff,Bathinda,Bathinda,381,Secondary,Hindi
SCH0033,2026-03,8.333333333333334,100.0,100.0,100.0,100.0,66.66666666666666,3,Govt. Primary School Shroff,Bathinda,Bathinda,381,Secondary,Hindi
SCH0034,2025-12,25.0,100.0,100.0,100.0,,0.0,1,Govt. Senior Secondary School Kumar,Bathinda,Bathinda,94,Upper Primary,Hindi
SCH0034,2026-03,30.0,100.0,100.0,100.0,50.0,0.0,2,Govt. Senior Secondary School Kumar,Bathinda,Bathinda,94,Upper Primary,Hindi
SCH0035,2025-08,10.0,100.0,50.0,100.0,100.0,100.0,2,Govt. Elementary School Setty,Bathinda,Talwandi Sabo,168,Primary,Punjabi
SCH0035,2025-09,20.0,0.0,100.0,100.0,100.0,100.0,1,Govt. Elementary School Setty,Bathinda,Talwandi Sabo,168,Primary,Punjabi
SCH0035,2026-01,60.0,0.0,100.0,0.0,100.0,0.0,1,Govt. Elementary School Setty,Bathinda,Talwandi Sabo,168,Primary,Punjabi
SCH0035,2026-02,20.0,100.0,100.0,100.0,100.0,0.0,1,Govt. Elementary School Setty,Bathinda,Talwandi Sabo,168,Primary,Punjabi
SCH0035,2026-03,20.0,100.0,100.0,100.0,100.0,0.0,1,Govt. Elementary School Setty,Bathinda,Talwandi Sabo,168,Primary,Punjabi
SCH0036,2025-01,25.0,100.0,,0.0,100.0,100.0,1,Govt. Elementary School Solanki,Ludhiana,Doraha,434,Secondary,Punjabi
SCH0036,2025-04,40.0,0.0,100.0,100.0,100.0,0.0,1,Govt. Elementary School Solanki,Ludhiana,Doraha,434,Secondary,Punjabi
SCH0036,2025-08,25.0,,100.0,100.0,0.0,100.0,1,Govt. Elementary School Solanki,Ludhiana,Doraha,434,Secondary,Punjabi
SCH0036,2025-11,40.0,100.0,100.0,100.0,0.0,0.0,1,Govt. Elementary School Solanki,Ludhiana,Doraha,434,Secondary,Punjabi
SCH0037,2025-04,40.0,100.0,50.0,50.0,50.0,50.0,2,Govt. Middle School More,Ludhiana,Ludhiana-I,78,Upper Primary,Hindi
SCH0037,2025-06,30.0,100.0,100.0,50.0,100.0,0.0,2,Govt. Middle School More,Ludhiana,Ludhiana-I,78,Upper Primary,Hindi
SCH0037,2025-07,40.0,100.0,100.0,0.0,100.0,0.0,1,Govt. Middle School More,Ludhiana,Ludhiana-I,78,Upper Primary,Hindi
SCH0037,2025-08,0.0,100.0,100.0,100.0,100.0,100.0,1,Govt. Middle School More,Ludhiana,Ludhiana-I,78,Upper Primary,Hindi
SCH0037,2025-09,30.0,100.0,100.0,66.66666666666666,66.66666666666666,33.33333333333333,3,Govt. Middle School More,Ludhiana,Ludhiana-I,78,Upper Primary,Hindi
SCH0037,2025-11,40.0,100.0,100.0,100.0,0.0,0.0,1,Govt. Middle School More,Ludhiana,Ludhiana-I,78,Upper Primary,Hindi
SCH0037,2026-02,20.0,100.0,100.0,100.0,100.0,0.0,1,Govt. Middle School More,Ludhiana,Ludhiana-I,78,Upper Primary,Hindi
SCH0038,2025-01,40.0,100.0,100.0,100.0,0.0,0.0,1,Govt. Senior Secondary School Mandal,Ferozepur,Zira,61,Primary,Punjabi
SCH0038,2025-10,60.0,100.0,0.0,100.0,0.0,0.0,1,Govt. Senior Secondary School Mandal,Ferozepur,Zira,61,Primary,Punjabi
SCH0039,2025-06,75.0,,100.0,0.0,0.0,0.0,1,Govt. Senior Secondary School Baral,Moga,Nihal Singh Wala,357,Upper Primary,Punjabi
SCH0039,2026-01,35.0,0.0,100.0,100.0,50.0,50.0,2,Govt. Senior Secondary School Baral,Moga,Nihal Singh Wala,357,Upper Primary,Punjabi
SCH0039,2026-02,20.0,100.0,100.0,0.0,100.0,100.0,1,Govt. Senior Secondary School Baral,Moga,Nihal Singh Wala,357,Upper Primary,Punjabi
SCH0040,2025-05,25.0,0.0,100.0,100.0,100.0,,1,Govt. Primary School Gole,Jalandhar,Nakodar,440,Upper Primary,Punjabi
SCH0040,2025-07,20.0,100.0,100.0,0.0,100.0,100.0,1,Govt. Primary School Gole,Jalandhar,Nakodar,440,Upper Primary,Punjabi
SCH0040,2025-08,20.0,0.0,100.0,100.0,100.0,100.0,1,Govt. Primary School Gole,Jalandhar,Nakodar,440,Upper Primary,Punjabi
SCH0040,2025-09,20.0,100.0,100.0,100.0,100.0,0.0,1,Govt. Primary School Gole,Jalandhar,Nakodar,440,Upper Primary,Punjabi
SCH0040,2025-12,60.0,0.0,0.0,100.0,0.0,100.0,1,Govt. Primary School Gole,Jalandhar,Nakodar,440,Upper Primary,Punjabi
SCH0040,2026-02,20.0,100.0,100.0,100.0,100.0,0.0,1,Govt. Primary School Gole,Jalandhar,Nakodar,440,Upper Primary,Punjabi
SCH0041,2025-04,0.0,100.0,100.0,100.0,100.0,100.0,1,Govt. Senior Secondary School Kuruvilla,Sangrur,Sunam,142,Higher Secondary,Hindi
SCH0041,2025-05,60.0,0.0,100.0,100.0,0.0,0.0,1,Govt. Senior Secondary School Kuruvilla,Sangrur,Sunam,142,Higher Secondary,Hindi
SCH0041,2025-07,20.0,100.0,100.0,0.0,100.0,100.0,1,Govt. Senior Secondary School Kuruvilla,Sangrur,Sunam,142,Higher Secondary,Hindi
SCH0041,2026-02,40.0,100.0,100.0,100.0,0.0,0.0,1,Govt. Senior Secondary School Kuruvilla,Sangrur,Sunam,142,Higher Secondary,Hindi
SCH0041,2026-03,20.0,100.0,100.0,100.0,50.0,50.0,2,Govt. Senior Secondary School Kuruvilla,Sangrur,Sunam,142,Higher Secondary,Hindi
SCH0042,2025-07,40.0,0.0,100.0,100.0,100.0,0.0,1,Govt. Elementary School Bhatnagar,Ferozepur,Makhu,182,Secondary,Hindi
SCH0042,2025-09,0.0,100.0,100.0,100.0,100.0,100.0,1,Govt. Elementary School Bhatnagar,Ferozepur,Makhu,182,Secondary,Hindi
SCH0042,2025-12,10.0,100.0,100.0,100.0,50.0,100.0,2,Govt. Elementary School Bhatnagar,Ferozepur,Makhu,182,Secondary,Hindi
SCH0042,2026-03,20.0,100.0,100.0,0.0,100.0,100.0,1,Govt. Elementary School Bhatnagar,Ferozepur,Makhu,182,Secondary,Hindi
SCH0042,2026-07,20.0,100.0,100.0,0.0,100.0,100.0,1,Govt. Elementary School Bhatnagar,Ferozepur,Makhu,182,Secondary,Hindi
SCH0043,2025-04,0.0,100.0,100.0,100.0,100.0,100.0,1,Govt. Middle School Sachar,Moga,Unknown,99,Secondary,Hindi
SCH0043,2025-09,20.0,100.0,100.0,100.0,0.0,100.0,1,Govt. Middle School Sachar,Moga,Unknown,99,Secondary,Hindi
SCH0043,2025-10,0.0,100.0,100.0,100.0,,100.0,1,Govt. Middle School Sachar,Moga,Unknown,99,Secondary,Hindi
SCH0043,2025-11,60.0,100.0,100.0,0.0,0.0,0.0,1,Govt. Middle School Sachar,Moga,Unknown,99,Secondary,Hindi
SCH0043,2025-12,20.0,100.0,100.0,100.0,100.0,0.0,1,Govt. Middle School Sachar,Moga,Unknown,99,Secondary,Hindi
SCH0043,2026-03,42.5,100.0,50.0,50.0,50.0,0.0,2,Govt. Middle School Sachar,Moga,Unknown,99,Secondary,Hindi
SCH0044,2025-09,20.0,100.0,100.0,100.0,100.0,0.0,1,Govt. Primary School Rajagopalan,Ferozepur,Makhu,413,Higher Secondary,Hindi
SCH0044,2026-03,80.0,0.0,0.0,100.0,0.0,0.0,1,Govt. Primary School Rajagopalan,Ferozepur,Makhu,413,Higher Secondary,Hindi
SCH0044,2026-08,20.0,100.0,100.0,100.0,100.0,0.0,1,Govt. Primary School Rajagopalan,Ferozepur,Makhu,413,Higher Secondary,Hindi
SCH0045,2025-05,40.0,0.0,100.0,100.0,0.0,100.0,1,Govt. Senior Secondary School Divan,Patiala,Samana,62,Primary,Punjabi
SCH0045,2025-07,25.0,,100.0,100.0,100.0,0.0,1,Govt. Senior Secondary School Divan,Patiala,Samana,62,Primary,Punjabi
SCH0045,2025-11,20.0,100.0,0.0,100.0,100.0,100.0,1,Govt. Senior Secondary School Divan,Patiala,Samana,62,Primary,Punjabi
SCH0046,2025-05,0.0,100.0,100.0,100.0,100.0,100.0,1,Govt. Elementary School Mody,Moga,Bagha Purana,379,Secondary,English
SCH0046,2025-11,40.0,100.0,100.0,100.0,0.0,0.0,1,Govt. Elementary School Mody,Moga,Bagha Purana,379,Secondary,English
SCH0046,2026-01,50.0,100.0,0.0,,100.0,0.0,1,Govt. Elementary School Mody,Moga,Bagha Purana,379,Secondary,English
SCH0046,2026-03,20.0,100.0,100.0,100.0,100.0,0.0,1,Govt. Elementary School Mody,Moga,Bagha Purana,379,Secondary,English
SCH0047,2025-04,25.0,100.0,100.0,,0.0,100.0,1,Govt. Senior Secondary School Karpe,Jalandhar,Jalandhar-II,255,Higher Secondary,English
SCH0047,2025-08,50.0,100.0,,100.0,0.0,0.0,1,Govt. Senior Secondary School Karpe,Jalandhar,Jalandhar-II,255,Higher Secondary,English
SCH0047,2025-10,40.0,100.0,100.0,100.0,0.0,0.0,1,Govt. Senior Secondary School Karpe,Jalandhar,Jalandhar-II,255,Higher Secondary,English
SCH0047,2025-11,22.5,50.0,100.0,100.0,50.0,100.0,2,Govt. Senior Secondary School Karpe,Jalandhar,Jalandhar-II,255,Higher Secondary,English
SCH0048,2025-12,0.0,100.0,,100.0,,100.0,1,Govt. Middle School Chana,Ferozepur,Ferozepur,195,Higher Secondary,Punjabi
SCH0049,2025-10,0.0,100.0,100.0,100.0,100.0,100.0,1,Govt. Middle School Purohit,Patiala,Rajpura,446,Upper Primary,Hindi
SCH0049,2026-01,20.0,100.0,100.0,100.0,66.66666666666666,33.33333333333333,3,Govt. Middle School Purohit,Patiala,Rajpura,446,Upper Primary,Hindi
SCH0050,2025-04,40.0,100.0,100.0,0.0,100.0,0.0,1,Govt. Senior Secondary School Tank,Moga,Moga-I,424,Secondary,Punjabi
SCH0050,2025-06,60.0,100.0,100.0,0.0,0.0,0.0,1,Govt. Senior Secondary School Tank,Moga,Moga-I,424,Secondary,Punjabi
SCH0050,2025-09,40.0,100.0,100.0,100.0,0.0,0.0,1,Govt. Senior Secondary School Tank,Moga,Moga-I,424,Secondary,Punjabi
SCH0050,2025-10,80.0,100.0,0.0,0.0,0.0,0.0,1,Govt. Senior Secondary School Tank,Moga,Moga-I,424,Secondary,Punjabi
SCH0050,2026-01,25.0,100.0,100.0,100.0,,0.0,1,Govt. Senior Secondary School Tank,Moga,Moga-I,424,Secondary,Punjabi
SCH0051,2025-10,30.0,100.0,50.0,100.0,50.0,50.0,2,Govt. Senior Secondary School Sarkar,Patiala,Rajpura,352,Primary,Punjabi
SCH0051,2026-01,20.0,100.0,100.0,100.0,100.0,0.0,1,Govt. Senior Secondary School Sarkar,Patiala,Rajpura,352,Primary,Punjabi
SCH0051,2026-02,40.0,100.0,50.0,100.0,0.0,50.0,2,Govt. Senior Secondary School Sarkar,Patiala,Rajpura,352,Primary,Punjabi
SCH0051,2026-03,20.0,100.0,100.0,100.0,50.0,50.0,2,Govt. Senior Secondary School Sarkar,Patiala,Rajpura,352,Primary,Punjabi
SCH0052,2025-04,40.0,0.0,100.0,100.0,0.0,100.0,1,Govt. Primary School Kannan,Sangrur,Dhuri,164,Primary,Hindi
SCH0052,2025-06,60.0,0.0,100.0,100.0,0.0,0.0,1,Govt. Primary School Kannan,Sangrur,Dhuri,164,Primary,Hindi
SCH0052,2025-08,60.0,0.0,100.0,0.0,100.0,0.0,1,Govt. Primary School Kannan,Sangrur,Dhuri,164,Primary,Hindi
SCH0052,2026-04,40.0,100.0,100.0,0.0,100.0,0.0,1,Govt. Primary School Kannan,Sangrur,Dhuri,164,Primary,Hindi
SCH0053,2025-06,40.0,100.0,100.0,100.0,0.0,0.0,1,Govt. Elementary School Tailor,Jalandhar,Phillaur,65,Primary,Hindi
SCH0053,2025-07,33.33333333333333,0.0,,100.0,,100.0,1,Govt. Elementary School Tailor,Jalandhar,Phillaur,65,Primary,Hindi
SCH0053,2025-08,0.0,100.0,100.0,100.0,100.0,100.0,1,Govt. Elementary School Tailor,Jalandhar,Phillaur,65,Primary,Hindi
SCH0053,2025-11,60.0,0.0,100.0,100.0,0.0,0.0,1,Govt. Elementary School Tailor,Jalandhar,Phillaur,65,Primary,Hindi
SCH0053,2025-12,60.0,100.0,0.0,100.0,0.0,0.0,1,Govt. Elementary School Tailor,Jalandhar,Phillaur,65,Primary,Hindi
SCH0053,2026-01,25.0,100.0,100.0,100.0,,0.0,1,Govt. Elementary School Tailor,Jalandhar,Phillaur,65,Primary,Hindi
SCH0053,2026-02,20.0,100.0,0.0,100.0,100.0,100.0,1,Govt. Elementary School Tailor,Jalandhar,Phillaur,65,Primary,Hindi
SCH0053,2026-03,0.0,100.0,100.0,100.0,100.0,100.0,1,Govt. Elementary School Tailor,Jalandhar,Phillaur,65,Primary,Hindi
SCH0054,2025-06,33.33333333333333,0.0,100.0,,100.0,,1,Govt. Elementary School Bajwa,Moga,Nihal Singh Wala,353,Higher Secondary,Punjabi
SCH0055,2025-04,40.0,100.0,0.0,100.0,100.0,0.0,1,Govt. Elementary School Sem,Sangrur,Malerkotla,424,Secondary,English
SCH0055,2025-07,40.0,100.0,0.0,100.0,100.0,0.0,1,Govt. Elementary School Sem,Sangrur,Malerkotla,424,Secondary,English
SCH0055,2025-09,60.0,100.0,0.0,0.0,100.0,0.0,1,Govt. Elementary School Sem,Sangrur,Malerkotla,424,Secondary,English
SCH0055,2025-11,40.0,100.0,0.0,100.0,100.0,0.0,1,Govt. Elementary School Sem,Sangrur,Malerkotla,424,Secondary,English
SCH0055,2025-12,40.0,100.0,50.0,100.0,50.0,0.0,2,Govt. Elementary School Sem,Sangrur,Malerkotla,424,Secondary,English
SCH0056,2025-07,33.33333333333333,100.0,,,0.0,100.0,1,Govt. Primary School Nagar,Sangrur,Sangrur,405,Secondary,Hindi
SCH0056,2025-08,60.0,0.0,100.0,100.0,0.0,0.0,1,Govt. Primary School Nagar,Sangrur,Sangrur,405,Secondary,Hindi
SCH0056,2025-09,20.0,100.0,100.0,100.0,0.0,100.0,1,Govt. Primary School Nagar,Sangrur,Sangrur,405,Secondary,Hindi
SCH0056,2025-11,0.0,100.0,100.0,100.0,100.0,100.0,1,Govt. Primary School Nagar,Sangrur,Sangrur,405,Secondary,Hindi
SCH0056,2026-03,0.0,100.0,100.0,100.0,100.0,100.0,1,Govt. Primary School Nagar,Sangrur,Sangrur,405,Secondary,Hindi
SCH0056,2026-09,20.0,100.0,100.0,100.0,100.0,0.0,1,Govt. Primary School Nagar,Sangrur,Sangrur,405,Secondary,Hindi
SCH0057,2025-05,20.0,100.0,0.0,100.0,100.0,100.0,1,Govt. Elementary School Wagle,Ferozepur,Zira,401,Higher Secondary,Hindi
SCH0057,2025-09,50.0,100.0,,0.0,100.0,0.0,1,Govt. Elementary School Wagle,Ferozepur,Zira,401,Higher Secondary,Hindi
SCH0057,2025-12,40.0,100.0,100.0,0.0,0.0,100.0,1,Govt. Elementary School Wagle,Ferozepur,Zira,401,Higher Secondary,Hindi
SCH0058,2025-06,40.0,100.0,0.0,100.0,100.0,0.0,1,Govt. Elementary School Savant,Ferozepur,Mamdot,434,Primary,English
SCH0058,2025-08,25.0,100.0,100.0,0.0,,100.0,1,Govt. Elementary School Savant,Ferozepur,Mamdot,434,Primary,English
SCH0058,2025-09,50.0,0.0,0.0,100.0,100.0,,1,Govt. Elementary School Savant,Ferozepur,Mamdot,434,Primary,English
SCH0058,2025-12,40.0,100.0,0.0,100.0,0.0,100.0,1,Govt. Elementary School Savant,Ferozepur,Mamdot,434,Primary,English
SCH0058,2026-03,40.0,100.0,0.0,100.0,0.0,100.0,1,Govt. Elementary School Savant,Ferozepur,Mamdot,434,Primary,English
SCH0059,2025-04,22.5,50.0,100.0,100.0,100.0,0.0,2,Govt. Middle School Barman,Bathinda,Talwandi Sabo,254,Upper Primary,Punjabi
SCH0059,2025-06,22.5,100.0,100.0,100.0,50.0,50.0,2,Govt. Middle School Barman,Bathinda,Talwandi Sabo,254,Upper Primary,Punjabi
SCH0059,2025-07,40.0,0.0,100.0,0.0,100.0,100.0,1,Govt. Middle School Barman,Bathinda,Talwandi Sabo,254,Upper Primary,Punjabi
SCH0059,2025-08,30.0,100.0,100.0,100.0,50.0,0.0,2,Govt. Middle School Barman,Bathinda,Talwandi Sabo,254,Upper Primary,Punjabi
SCH0059,2026-01,50.0,,0.0,0.0,100.0,100.0,1,Govt. Middle School Barman,Bathinda,Talwandi Sabo,254,Upper Primary,Punjabi
SCH0059,2026-03,60.0,0.0,100.0,100.0,0.0,0.0,1,Govt. Middle School Barman,Bathinda,Talwandi Sabo,254,Upper Primary,Punjabi
SCH0060,2025-07,20.0,100.0,100.0,100.0,100.0,0.0,1,Govt. Elementary School Srinivas,Ferozepur,Makhu,382,Higher Secondary,Hindi
SCH0060,2025-12,50.0,,100.0,100.0,0.0,0.0,1,Govt. Elementary School Srinivas,Ferozepur,Makhu,382,Higher Secondary,Hindi
SCH0060,2026-03,40.0,0.0,0.0,100.0,100.0,100.0,1,Govt. Elementary School Srinivas,Ferozepur,Makhu,382,Higher Secondary,Hindi
SCH0061,2025-04,20.0,100.0,100.0,100.0,0.0,100.0,1,Govt. Elementary School Dhawan,Ludhiana,Machhiwara,343,Primary,Punjabi
SCH0061,2025-05,60.0,100.0,100.0,0.0,0.0,0.0,1,Govt. Elementary School Dhawan,Ludhiana,Machhiwara,343,Primary,Punjabi
SCH0061,2025-09,40.0,100.0,100.0,100.0,0.0,0.0,1,Govt. Elementary School Dhawan,Ludhiana,Machhiwara,343,Primary,Punjabi
SCH0061,2025-11,60.0,0.0,100.0,0.0,100.0,0.0,1,Govt. Elementary School Dhawan,Ludhiana,Machhiwara,343,Primary,Punjabi
SCH0062,2025-06,20.0,100.0,100.0,100.0,0.0,100.0,1,Govt. Middle School Pradhan,Jalandhar,Jalandhar-I,173,Upper Primary,Punjabi
SCH0062,2025-07,40.0,100.0,100.0,0.0,100.0,0.0,1,Govt. Middle School Pradhan,Jalandhar,Jalandhar-I,173,Upper Primary,Punjabi
SCH0062,2025-08,53.333333333333336,0.0,66.66666666666666,66.66666666666666,66.66666666666666,33.33333333333333,3,Govt. Middle School Pradhan,Jalandhar,Jalandhar-I,173,Upper Primary,Punjabi
SCH0062,2025-09,40.0,0.0,0.0,100.0,100.0,100.0,1,Govt. Middle School Pradhan,Jalandhar,Jalandhar-I,173,Upper Primary,Punjabi
SCH0062,2026-02,40.0,0.0,100.0,100.0,50.0,50.0,2,Govt. Middle School Pradhan,Jalandhar,Jalandhar-I,173,Upper Primary,Punjabi
SCH0063,2025-05,40.0,100.0,100.0,100.0,0.0,0.0,1,Govt. Primary School Singhal,Bathinda,Talwandi Sabo,169,Higher Secondary,English
SCH0063,2025-09,40.0,100.0,100.0,100.0,0.0,0.0,1,Govt. Primary School Singhal,Bathinda,Talwandi Sabo,169,Higher Secondary,English
SCH0063,2025-12,38.75,33.33333333333333,66.66666666666666,66.66666666666666,75.0,50.0,4,Govt. Primary School Singhal,Bathinda,Talwandi Sabo,169,Higher Secondary,English
SCH0063,2026-02,20.0,100.0,100.0,100.0,100.0,0.0,1,Govt. Primary School Singhal,Bathinda,Talwandi Sabo,169,Higher Secondary,English
SCH0064,2025-06,40.0,100.0,100.0,100.0,0.0,0.0,1,Govt. Senior Secondary School Nayar,Patiala,Patiala,439,Primary,Punjabi
SCH0064,2025-08,30.0,100.0,50.0,50.0,100.0,50.0,2,Govt. Senior Secondary School Nayar,Patiala,Patiala,439,Primary,Punjabi
SCH0064,2025-09,20.0,0.0,100.0,100.0,100.0,100.0,1,Govt. Senior Secondary School Nayar,Patiala,Patiala,439,Primary,Punjabi
SCH0064,2025-11,40.0,100.0,0.0,100.0,100.0,0.0,1,Govt. Senior Secondary School Nayar,Patiala,Patiala,439,Primary,Punjabi
SCH0064,2026-01,30.0,50.0,100.0,50.0,50.0,100.0,2,Govt. Senior Secondary School Nayar,Patiala,Patiala,439,Primary,Punjabi
SCH0064,2026-03,35.0,100.0,50.0,100.0,100.0,0.0,2,Govt. Senior Secondary School Nayar,Patiala,Patiala,439,Primary,Punjabi
SCH0065,2025-04,0.0,100.0,100.0,100.0,100.0,100.0,1,Govt. Senior Secondary School Palla,Jalandhar,Jalandhar-II,104,Primary,English
SCH0065,2025-05,20.0,100.0,100.0,100.0,0.0,100.0,1,Govt. Senior Secondary School Palla,Jalandhar,Jalandhar-II,104,Primary,English
SCH0065,2026-09,75.0,100.0,0.0,0.0,,0.0,1,Govt. Senior Secondary School Palla,Jalandhar,Jalandhar-II,104,Primary,English
SCH0066,2025-06,0.0,100.0,100.0,100.0,,100.0,1,Govt. Senior Secondary School Devan,Moga,Moga-II,350,Primary,Punjabi
SCH0066,2025-12,40.0,0.0,100.0,100.0,0.0,100.0,1,Govt. Senior Secondary School Devan,Moga,Moga-II,350,Primary,Punjabi
SCH0066,2026-01,40.0,0.0,100.0,100.0,0.0,100.0,1,Govt. Senior Secondary School Devan,Moga,Moga-II,350,Primary,Punjabi
SCH0066,2026-03,0.0,100.0,100.0,100.0,100.0,100.0,1,Govt. Senior Secondary School Devan,Moga,Moga-II,350,Primary,Punjabi
SCH0067,2025-04,80.0,0.0,100.0,0.0,0.0,0.0,1,Govt. Senior Secondary School Dewan,Ludhiana,Unknown,334,Higher Secondary,Hindi
SCH0067,2025-06,40.0,0.0,100.0,100.0,100.0,0.0,1,Govt. Senior Secondary School Dewan,Ludhiana,Unknown,334,Higher Secondary,Hindi
SCH0067,2025-07,30.0,100.0,0.0,100.0,100.0,50.0,2,Govt. Senior Secondary School Dewan,Ludhiana,Unknown,334,Higher Secondary,Hindi
SCH0067,2025-10,20.0,100.0,100.0,0.0,100.0,100.0,1,Govt. Senior Secondary School Dewan,Ludhiana,Unknown,334,Higher Secondary,Hindi
SCH0067,2026-01,0.0,100.0,100.0,100.0,100.0,100.0,1,Govt. Senior Secondary School Dewan,Ludhiana,Unknown,334,Higher Secondary,Hindi
SCH0067,2026-03,12.5,100.0,100.0,100.0,50.0,100.0,2,Govt. Senior Secondary School Dewan,Ludhiana,Unknown,334,Higher Secondary,Hindi
SCH0068,2025-04,20.0,100.0,100.0,100.0,100.0,0.0,1,Govt. Primary School Mangat,Amritsar,Ajnala,390,Primary,Punjabi
SCH0068,2025-05,40.0,100.0,0.0,100.0,0.0,100.0,1,Govt. Primary School Mangat,Amritsar,Ajnala,390,Primary,Punjabi
SCH0068,2026-03,20.0,100.0,100.0,100.0,0.0,100.0,1,Govt. Primary School Mangat,Amritsar,Ajnala,390,Primary,Punjabi
SCH0069,2025-04,20.0,100.0,100.0,100.0,0.0,100.0,1,Govt. Elementary School Mital,Moga,Moga-I,299,Primary,English
SCH0069,2026-07,20.0,100.0,0.0,100.0,100.0,100.0,1,Govt. Elementary School Mital,Moga,Moga-I,299,Primary,English
SCH0070,2025-06,20.0,100.0,100.0,0.0,100.0,100.0,1,Govt. Elementary School Nair,Sangrur,Sunam,262,Secondary,Hindi
SCH0070,2025-11,0.0,100.0,100.0,100.0,100.0,100.0,1,Govt. Elementary School Nair,Sangrur,Sunam,262,Secondary,Hindi
SCH0070,2026-01,30.0,0.0,100.0,100.0,100.0,50.0,2,Govt. Elementary School Nair,Sangrur,Sunam,262,Secondary,Hindi
SCH0070,2026-03,20.0,100.0,100.0,100.0,100.0,0.0,1,Govt. Elementary School Nair,Sangrur,Sunam,262,Secondary,Hindi
SCH0071,2025-06,37.5,50.0,100.0,50.0,100.0,50.0,2,Govt. Elementary School Comar,Bathinda,Rampura Phul,165,Primary,Punjabi
SCH0071,2025-09,0.0,100.0,100.0,100.0,100.0,100.0,1,Govt. Elementary School Comar,Bathinda,Rampura Phul,165,Primary,Punjabi
SCH0071,2025-12,25.0,100.0,100.0,,0.0,100.0,1,Govt. Elementary School Comar,Bathinda,Rampura Phul,165,Primary,Punjabi
SCH0071,2026-01,60.0,0.0,0.0,100.0,100.0,0.0,1,Govt. Elementary School Comar,Bathinda,Rampura Phul,165,Primary,Punjabi
SCH0071,2026-03,20.0,100.0,100.0,100.0,100.0,0.0,1,Govt. Elementary School Comar,Bathinda,Rampura Phul,165,Primary,Punjabi
SCH0071,2026-12,40.0,0.0,100.0,100.0,0.0,100.0,1,Govt. Elementary School Comar,Bathinda,Rampura Phul,165,Primary,Punjabi
SCH0072,2025-05,0.0,100.0,100.0,100.0,100.0,100.0,1,Govt. Senior Secondary School Sengupta,Ferozepur,Makhu,54,Secondary,English
SCH0072,2025-09,20.0,100.0,100.0,100.0,0.0,100.0,1,Govt. Senior Secondary School Sengupta,Ferozepur,Makhu,54,Secondary,English
SCH0072,2025-10,6.666666666666667,100.0,100.0,100.0,100.0,66.66666666666666,3,Govt. Senior Secondary School Sengupta,Ferozepur,Makhu,54,Secondary,English
SCH0072,2025-11,40.0,100.0,100.0,100.0,0.0,0.0,1,Govt. Senior Secondary School Sengupta,Ferozepur,Makhu,54,Secondary,English
SCH0072,2025-12,45.0,100.0,100.0,100.0,0.0,0.0,2,Govt. Senior Secondary School Sengupta,Ferozepur,Makhu,54,Secondary,English
SCH0073,2025-05,30.0,50.0,100.0,100.0,50.0,50.0,2,Govt. Senior Secondary School Shah,Moga,Unknown,345,Secondary,Punjabi
SCH0073,2025-08,0.0,100.0,100.0,100.0,100.0,100.0,1,Govt. Senior Secondary School Shah,Moga,Unknown,345,Secondary,Punjabi
SCH0073,2025-12,20.0,100.0,100.0,100.0,0.0,100.0,1,Govt. Senior Secondary School Shah,Moga,Unknown,345,Secondary,Punjabi
SCH0073,2026-01,50.0,100.0,100.0,,0.0,0.0,1,Govt. Senior Secondary School Shah,Moga,Unknown,345,Secondary,Punjabi
SCH0073,2026-02,0.0,100.0,100.0,100.0,100.0,100.0,1,Govt. Senior Secondary School Shah,Moga,Unknown,345,Secondary,Punjabi
SCH0074,2025-04,40.0,100.0,100.0,0.0,100.0,0.0,1,Govt. Primary School Parmer,Sangrur,Unknown,393,Higher Secondary,Hindi
SCH0074,2025-06,40.0,100.0,100.0,0.0,100.0,0.0,1,Govt. Primary School Parmer,Sangrur,Unknown,393,Higher Secondary,Hindi
SCH0074,2025-09,60.0,0.0,100.0,0.0,100.0,0.0,1,Govt. Primary School Parmer,Sangrur,Unknown,393,Higher Secondary,Hindi
SCH0074,2025-10,60.0,100.0,0.0,0.0,0.0,100.0,1,Govt. Primary School Parmer,Sangrur,Unknown,393,Higher Secondary,Hindi
SCH0074,2025-11,40.0,100.0,100.0,100.0,0.0,0.0,1,Govt. Primary School Parmer,Sangrur,Unknown,393,Higher Secondary,Hindi
SCH0075,2025-06,67.5,0.0,50.0,50.0,0.0,50.0,2,Govt. Middle School Mody,Ferozepur,Zira,196,Secondary,Hindi
SCH0075,2025-08,50.0,100.0,50.0,50.0,0.0,50.0,2,Govt. Middle School Mody,Ferozepur,Zira,196,Secondary,Hindi
SCH0075,2025-11,0.0,100.0,,100.0,100.0,100.0,1,Govt. Middle School Mody,Ferozepur,Zira,196,Secondary,Hindi
SCH0076,2025-06,25.0,100.0,100.0,,100.0,0.0,1,Govt. Primary School Oommen,Moga,Bagha Purana,399,Secondary,English
SCH0076,2025-09,40.0,100.0,100.0,100.0,0.0,0.0,1,Govt. Primary School Oommen,Moga,Bagha Purana,399,Secondary,English
SCH0076,2025-11,13.333333333333334,66.66666666666666,100.0,100.0,66.66666666666666,100.0,3,Govt. Primary School Oommen,Moga,Bagha Purana,399,Secondary,English
SCH0076,2026-03,20.0,100.0,100.0,100.0,0.0,100.0,1,Govt. Primary School Oommen,Moga,Bagha Purana,399,Secondary,English
SCH0077,2025-07,50.0,,0.0,100.0,100.0,0.0,1,Govt. Middle School Buch,Amritsar,Amritsar-II,138,Higher Secondary,Hindi
SCH0077,2025-08,40.0,100.0,100.0,0.0,0.0,100.0,1,Govt. Middle School Buch,Amritsar,Amritsar-II,138,Higher Secondary,Hindi
SCH0077,2025-10,40.0,100.0,0.0,100.0,0.0,100.0,1,Govt. Middle School Buch,Amritsar,Amritsar-II,138,Higher Secondary,Hindi
SCH0077,2026-01,50.0,100.0,,100.0,0.0,0.0,1,Govt. Middle School Buch,Amritsar,Amritsar-II,138,Higher Secondary,Hindi
SCH0078,2025-06,60.0,100.0,0.0,100.0,0.0,0.0,1,Govt. Senior Secondary School Bhavsar,Bathinda,Maur,224,Primary,Punjabi
SCH0078,2025-09,30.0,50.0,50.0,100.0,100.0,50.0,2,Govt. Senior Secondary School Bhavsar,Bathinda,Maur,224,Primary,Punjabi
SCH0078,2025-10,36.666666666666664,100.0,66.66666666666666,66.66666666666666,0.0,100.0,3,Govt. Senior Secondary School Bhavsar,Bathinda,Maur,224,Primary,Punjabi
SCH0078,2025-12,0.0,100.0,100.0,100.0,100.0,100.0,1,Govt. Senior Secondary School Bhavsar,Bathinda,Maur,224,Primary,Punjabi
SCH0078,2026-01,20.0,100.0,100.0,100.0,100.0,0.0,1,Govt. Senior Secondary School Bhavsar,Bathinda,Maur,224,Primary,Punjabi
SCH0078,2026-02,60.0,0.0,100.0,50.0,0.0,50.0,2,Govt. Senior Secondary School Bhavsar,Bathinda,Maur,224,Primary,Punjabi
SCH0079,2025-04,0.0,100.0,100.0,100.0,,100.0,1,Govt. Primary School Dash,Bathinda,Maur,366,Higher Secondary,Punjabi
SCH0079,2025-11,0.0,100.0,100.0,,100.0,100.0,1,Govt. Primary School Dash,Bathinda,Maur,366,Higher Secondary,Punjabi
SCH0079,2026-02,0.0,100.0,100.0,100.0,100.0,100.0,1,Govt. Primary School Dash,Bathinda,Maur,366,Higher Secondary,Punjabi
SCH0080,2025-04,40.0,0.0,100.0,100.0,0.0,100.0,1,Govt. Elementary School Roy,Sangrur,Dhuri,214,Primary,Punjabi
SCH0080,2025-05,40.0,100.0,100.0,100.0,0.0,0.0,1,Govt. Elementary School Roy,Sangrur,Dhuri,214,Primary,Punjabi
SCH0080,2025-06,12.5,100.0,100.0,100.0,50.0,100.0,2,Govt. Elementary School Roy,Sangrur,Dhuri,214,Primary,Punjabi
SCH0080,2025-09,60.0,100.0,0.0,0.0,0.0,100.0,1,Govt. Elementary School Roy,Sangrur,Dhuri,214,Primary,Punjabi
SCH0080,2025-11,20.0,100.0,100.0,100.0,100.0,0.0,1,Govt. Elementary School Roy,Sangrur,Dhuri,214,Primary,Punjabi
SCH0080,2025-12,25.0,0.0,100.0,,100.0,100.0,1,Govt. Elementary School Roy,Sangrur,Dhuri,214,Primary,Punjabi
SCH0080,2026-01,40.0,100.0,0.0,100.0,100.0,0.0,1,Govt. Elementary School Roy,Sangrur,Dhuri,214,Primary,Punjabi
SCH0080,2026-02,40.0,100.0,100.0,0.0,100.0,0.0,1,Govt. Elementary School Roy,Sangrur,Dhuri,214,Primary,Punjabi
SCH0080,2026-03,10.0,50.0,100.0,100.0,100.0,100.0,2,Govt. Elementary School Roy,Sangrur,Dhuri,214,Primary,Punjabi
SCH0081,2025-04,50.0,100.0,,100.0,0.0,0.0,1,Govt. Middle School Batta,Ferozepur,Unknown,77,Primary,Hindi
SCH0081,2025-05,40.0,100.0,100.0,0.0,100.0,0.0,1,Govt. Middle School Batta,Ferozepur,Unknown,77,Primary,Hindi
SCH0081,2025-06,20.0,100.0,100.0,100.0,100.0,0.0,2,Govt. Middle School Batta,Ferozepur,Unknown,77,Primary,Hindi
SCH0081,2025-09,40.0,100.0,0.0,100.0,0.0,100.0,1,Govt. Middle School Batta,Ferozepur,Unknown,77,Primary,Hindi
SCH0081,2025-12,20.0,100.0,100.0,100.0,100.0,0.0,1,Govt. Middle School Batta,Ferozepur,Unknown,77,Primary,Hindi
SCH0081,2026-01,40.0,100.0,0.0,100.0,100.0,0.0,1,Govt. Middle School Batta,Ferozepur,Unknown,77,Primary,Hindi
SCH0082,2025-07,20.0,100.0,100.0,50.0,100.0,50.0,2,Govt. Elementary School Mistry,Amritsar,Tarn Taran,350,Upper Primary,Punjabi
SCH0082,2025-11,40.0,100.0,100.0,100.0,0.0,0.0,1,Govt. Elementary School Mistry,Amritsar,Tarn Taran,350,Upper Primary,Punjabi
SCH0082,2026-02,20.0,100.0,100.0,100.0,100.0,0.0,1,Govt. Elementary School Mistry,Amritsar,Tarn Taran,350,Upper Primary,Punjabi
SCH0083,2025-05,0.0,100.0,100.0,100.0,100.0,100.0,1,Govt. Primary School Dutta,Bathinda,Talwandi Sabo,196,Primary,Hindi
SCH0083,2025-06,50.0,50.0,100.0,50.0,0.0,50.0,2,Govt. Primary School Dutta,Bathinda,Talwandi Sabo,196,Primary,Hindi
SCH0083,2025-09,0.0,100.0,100.0,,100.0,100.0,1,Govt. Primary School Dutta,Bathinda,Talwandi Sabo,196,Primary,Hindi
SCH0083,2026-03,20.0,100.0,100.0,100.0,0.0,100.0,1,Govt. Primary School Dutta,Bathinda,Talwandi Sabo,196,Primary,Hindi
SCH0084,2025-01,40.0,100.0,100.0,100.0,0.0,0.0,1,Govt. Primary School Wali,Patiala,Samana,378,Upper Primary,Punjabi
SCH0084,2025-04,20.0,100.0,100.0,100.0,0.0,100.0,1,Govt. Primary School Wali,Patiala,Samana,378,Upper Primary,Punjabi
SCH0084,2025-09,25.0,100.0,100.0,,100.0,0.0,1,Govt. Primary School Wali,Patiala,Samana,378,Upper Primary,Punjabi
SCH0084,2025-10,60.0,100.0,0.0,0.0,0.0,100.0,1,Govt. Primary School Wali,Patiala,Samana,378,Upper Primary,Punjabi
SCH0084,2025-12,40.0,0.0,100.0,100.0,0.0,100.0,1,Govt. Primary School Wali,Patiala,Samana,378,Upper Primary,Punjabi
SCH0084,2026-01,0.0,100.0,100.0,100.0,100.0,100.0,1,Govt. Primary School Wali,Patiala,Samana,378,Upper Primary,Punjabi
SCH0085,2025-08,50.0,100.0,0.0,,100.0,0.0,1,Govt. Elementary School Bandi,Unknown,Unknown,189,Secondary,Hindi
SCH0085,2025-11,0.0,100.0,100.0,100.0,100.0,,1,Govt. Elementary School Bandi,Unknown,Unknown,189,Secondary,Hindi
SCH0085,2025-12,20.0,0.0,100.0,100.0,100.0,100.0,1,Govt. Elementary School Bandi,Unknown,Unknown,189,Secondary,Hindi
SCH0085,2026-03,40.0,0.0,100.0,100.0,0.0,100.0,1,Govt. Elementary School Bandi,Unknown,Unknown,189,Secondary,Hindi
SCH0086,2025-04,25.0,,100.0,100.0,100.0,0.0,1,Govt. Middle School Tata,Bathinda,Maur,257,Upper Primary,Punjabi
SCH0086,2025-07,0.0,,100.0,100.0,100.0,100.0,1,Govt. Middle School Tata,Bathinda,Maur,257,Upper Primary,Punjabi
SCH0086,2025-08,20.0,100.0,100.0,100.0,0.0,50.0,2,Govt. Middle School Tata,Bathinda,Maur,257,Upper Primary,Punjabi
SCH0086,2025-10,40.0,100.0,100.0,100.0,0.0,0.0,1,Govt. Middle School Tata,Bathinda,Maur,257,Upper Primary,Punjabi
SCH0086,2025-11,20.0,100.0,100.0,50.0,100.0,50.0,2,Govt. Middle School Tata,Bathinda,Maur,257,Upper Primary,Punjabi
SCH0086,2026-01,50.0,100.0,0.0,100.0,,0.0,1,Govt. Middle School Tata,Bathinda,Maur,257,Upper Primary,Punjabi
SCH0087,2025-09,0.0,100.0,100.0,100.0,100.0,,1,Govt. Elementary School Grewal,Ludhiana,Ludhiana-II,445,Secondary,Punjabi
SCH0087,2026-03,0.0,100.0,100.0,100.0,100.0,100.0,1,Govt. Elementary School Grewal,Ludhiana,Ludhiana-II,445,Secondary,Punjabi
SCH0088,2025-12,0.0,100.0,100.0,100.0,100.0,100.0,1,Govt. Middle School Golla,Bathinda,Talwandi Sabo,264,Primary,Punjabi
SCH0089,2025-05,45.0,50.0,100.0,100.0,0.0,0.0,2,Govt. Middle School Krishnamurthy,Amritsar,Amritsar-II,385,Primary,Hindi
SCH0089,2025-07,40.0,100.0,0.0,100.0,0.0,100.0,1,Govt. Middle School Krishnamurthy,Amritsar,Amritsar-II,385,Primary,Hindi
SCH0089,2025-10,60.0,0.0,100.0,100.0,0.0,0.0,1,Govt. Middle School Krishnamurthy,Amritsar,Amritsar-II,385,Primary,Hindi
SCH0089,2025-12,0.0,100.0,100.0,100.0,100.0,100.0,1,Govt. Middle School Krishnamurthy,Amritsar,Amritsar-II,385,Primary,Hindi
SCH0090,2025-04,50.0,100.0,,0.0,100.0,0.0,1,Govt. Elementary School Pingle,Sangrur,Dhuri,182,Higher Secondary,Punjabi
SCH0090,2025-07,20.0,100.0,100.0,100.0,0.0,100.0,1,Govt. Elementary School Pingle,Sangrur,Dhuri,182,Higher Secondary,Punjabi
SCH0090,2025-09,20.0,100.0,100.0,100.0,100.0,0.0,1,Govt. Elementary School Pingle,Sangrur,Dhuri,182,Higher Secondary,Punjabi
SCH0090,2026-02,20.0,100.0,100.0,100.0,100.0,0.0,1,Govt. Elementary School Pingle,Sangrur,Dhuri,182,Higher Secondary,Punjabi
SCH0091,2025-07,40.0,0.0,0.0,100.0,100.0,100.0,1,Govt. Middle School Soman,Moga,Nihal Singh Wala,210,Primary,Punjabi
SCH0091,2025-09,50.0,,100.0,100.0,0.0,0.0,1,Govt. Middle School Soman,Moga,Nihal Singh Wala,210,Primary,Punjabi
SCH0092,2025-05,0.0,100.0,100.0,100.0,100.0,100.0,1,Govt. Middle School Bawa,Bathinda,Talwandi Sabo,429,Higher Secondary,Punjabi
SCH0092,2025-08,75.0,0.0,,100.0,0.0,0.0,1,Govt. Middle School Bawa,Bathinda,Talwandi Sabo,429,Higher Secondary,Punjabi
SCH0092,2025-10,25.0,100.0,100.0,100.0,,0.0,1,Govt. Middle School Bawa,Bathinda,Talwandi Sabo,429,Higher Secondary,Punjabi
SCH0092,2026-12,20.0,100.0,100.0,100.0,0.0,100.0,1,Govt. Middle School Bawa,Bathinda,Talwandi Sabo,429,Higher Secondary,Punjabi
SCH0093,2025-09,60.0,0.0,0.0,0.0,100.0,100.0,1,Govt. Elementary School Bora,Ludhiana,Machhiwara,251,Secondary,Punjabi
SCH0093,2025-11,0.0,100.0,100.0,100.0,100.0,100.0,1,Govt. Elementary School Bora,Ludhiana,Machhiwara,251,Secondary,Punjabi
SCH0093,2025-12,20.0,100.0,100.0,100.0,50.0,50.0,2,Govt. Elementary School Bora,Ludhiana,Machhiwara,251,Secondary,Punjabi
SCH0093,2026-01,40.0,100.0,100.0,100.0,0.0,0.0,1,Govt. Elementary School Bora,Ludhiana,Machhiwara,251,Secondary,Punjabi
SCH0093,2026-02,0.0,,100.0,100.0,100.0,,1,Govt. Elementary School Bora,Ludhiana,Machhiwara,251,Secondary,Punjabi
SCH0094,2025-04,20.0,100.0,100.0,100.0,100.0,0.0,1,Govt. Elementary School Pingle,Patiala,Samana,321,Secondary,Hindi
SCH0094,2025-07,0.0,100.0,100.0,100.0,100.0,,1,Govt. Elementary School Pingle,Patiala,Samana,321,Secondary,Hindi
SCH0094,2025-09,0.0,100.0,100.0,100.0,100.0,100.0,1,Govt. Elementary School Pingle,Patiala,Samana,321,Secondary,Hindi
SCH0094,2026-03,20.0,100.0,100.0,100.0,0.0,100.0,1,Govt. Elementary School Pingle,Patiala,Samana,321,Secondary,Hindi
SCH0095,2025-04,40.0,0.0,100.0,0.0,100.0,100.0,1,Govt. Primary School Kanda,Patiala,Nabha,199,Higher Secondary,Punjabi
SCH0095,2025-05,22.5,100.0,100.0,50.0,100.0,50.0,2,Govt. Primary School Kanda,Patiala,Nabha,199,Higher Secondary,Punjabi
SCH0095,2025-11,60.0,100.0,0.0,100.0,0.0,0.0,1,Govt. Primary School Kanda,Patiala,Nabha,199,Higher Secondary,Punjabi
SCH0095,2025-12,50.0,0.0,,100.0,100.0,0.0,1,Govt. Primary School Kanda,Patiala,Nabha,199,Higher Secondary,Punjabi
SCH0095,2026-01,20.0,100.0,100.0,100.0,100.0,0.0,1,Govt. Primary School Kanda,Patiala,Nabha,199,Higher Secondary,Punjabi
SCH0096,2025-04,40.0,0.0,100.0,0.0,100.0,100.0,1,Govt. Elementary School Walia,Jalandhar,Phillaur,406,Secondary,Hindi
SCH0096,2025-05,22.5,50.0,100.0,100.0,50.0,100.0,2,Govt. Elementary School Walia,Jalandhar,Phillaur,406,Secondary,Hindi
SCH0096,2025-06,40.0,0.0,100.0,100.0,0.0,100.0,1,Govt. Elementary School Walia,Jalandhar,Phillaur,406,Secondary,Hindi
SCH0096,2025-07,0.0,100.0,100.0,100.0,100.0,100.0,1,Govt. Elementary School Walia,Jalandhar,Phillaur,406,Secondary,Hindi
SCH0096,2025-09,25.0,100.0,100.0,100.0,0.0,,1,Govt. Elementary School Walia,Jalandhar,Phillaur,406,Secondary,Hindi
SCH0096,2025-10,20.0,0.0,100.0,100.0,100.0,100.0,1,Govt. Elementary School Walia,Jalandhar,Phillaur,406,Secondary,Hindi
SCH0096,2025-12,40.0,66.66666666666666,100.0,0.0,66.66666666666666,66.66666666666666,3,Govt. Elementary School Walia,Jalandhar,Phillaur,406,Secondary,Hindi
SCH0097,2025-04,20.0,0.0,100.0,100.0,100.0,100.0,1,Govt. Middle School Prakash,Sangrur,Sunam,236,Upper Primary,Punjabi
SCH0097,2025-05,40.0,100.0,100.0,0.0,0.0,100.0,1,Govt. Middle School Prakash,Sangrur,Sunam,236,Upper Primary,Punjabi
SCH0097,2025-08,25.0,100.0,100.0,100.0,,0.0,1,Govt. Middle School Prakash,Sangrur,Sunam,236,Upper Primary,Punjabi
SCH0097,2026-01,20.0,100.0,100.0,100.0,100.0,0.0,1,Govt. Middle School Prakash,Sangrur,Sunam,236,Upper Primary,Punjabi
SCH0097,2026-03,40.0,100.0,100.0,100.0,0.0,0.0,1,Govt. Middle School Prakash,Sangrur,Sunam,236,Upper Primary,Punjabi
SCH0098,2025-05,40.0,100.0,100.0,0.0,100.0,0.0,1,Govt. Elementary School Soman,Moga,Bagha Purana,41,Secondary,Punjabi
SCH0098,2025-08,20.0,100.0,100.0,100.0,0.0,100.0,1,Govt. Elementary School Soman,Moga,Bagha Purana,41,Secondary,Punjabi
SCH0098,2025-12,0.0,100.0,,100.0,100.0,,1,Govt. Elementary School Soman,Moga,Bagha Purana,41,Secondary,Punjabi
SCH0098,2026-03,20.0,100.0,100.0,100.0,100.0,0.0,1,Govt. Elementary School Soman,Moga,Bagha Purana,41,Secondary,Punjabi
SCH0099,2025-06,0.0,100.0,100.0,100.0,100.0,100.0,1,Govt. Middle School Korpal,Sangrur,Malerkotla,210,Higher Secondary,Hindi
SCH0099,2025-08,20.0,100.0,100.0,100.0,100.0,0.0,1,Govt. Middle School Korpal,Sangrur,Malerkotla,210,Higher Secondary,Hindi
SCH0099,2025-10,20.0,0.0,100.0,100.0,100.0,100.0,1,Govt. Middle School Korpal,Sangrur,Malerkotla,210,Higher Secondary,Hindi
SCH0100,2025-04,0.0,100.0,100.0,100.0,100.0,100.0,1,Govt. Elementary School Sandal,Ferozepur,Zira,437,Secondary,Hindi
SCH0100,2025-08,20.0,100.0,100.0,100.0,0.0,100.0,1,Govt. Elementary School Sandal,Ferozepur,Zira,437,Secondary,Hindi
SCH0100,2025-09,20.0,100.0,100.0,100.0,100.0,0.0,1,Govt. Elementary School Sandal,Ferozepur,Zira,437,Secondary,Hindi
SCH0100,2025-10,0.0,100.0,100.0,100.0,100.0,100.0,1,Govt. Elementary School Sandal,Ferozepur,Zira,437,Secondary,Hindi
SCH0100,2025-12,60.0,100.0,100.0,0.0,0.0,0.0,1,Govt. Elementary School Sandal,Ferozepur,Zira,437,Secondary,Hindi
SCH0101,2025-04,40.0,100.0,100.0,100.0,0.0,0.0,1,Govt. Elementary School Saxena,Sangrur,Unknown,104,Secondary,Punjabi
SCH0101,2025-05,20.0,0.0,100.0,100.0,100.0,100.0,1,Govt. Elementary School Saxena,Sangrur,Unknown,104,Secondary,Punjabi
SCH0101,2025-07,20.0,100.0,100.0,100.0,0.0,100.0,1,Govt. Elementary School Saxena,Sangrur,Unknown,104,Secondary,Punjabi
SCH0101,2025-08,20.0,100.0,100.0,100.0,0.0,100.0,1,Govt. Elementary School Saxena,Sangrur,Unknown,104,Secondary,Punjabi
SCH0101,2025-10,25.0,0.0,,100.0,100.0,100.0,1,Govt. Elementary School Saxena,Sangrur,Unknown,104,Secondary,Punjabi
SCH0102,2025-07,0.0,100.0,100.0,100.0,100.0,100.0,1,Govt. Middle School Kakar,Ludhiana,Ludhiana-II,249,Upper Primary,Punjabi
SCH0102,2025-11,20.0,100.0,50.0,100.0,100.0,50.0,2,Govt. Middle School Kakar,Ludhiana,Ludhiana-II,249,Upper Primary,Punjabi
SCH0102,2026-10,50.0,100.0,100.0,0.0,,0.0,1,Govt. Middle School Kakar,Ludhiana,Ludhiana-II,249,Upper Primary,Punjabi
SCH0103,2025-06,20.0,100.0,100.0,100.0,0.0,100.0,1,Govt. Elementary School Parsa,Amritsar,Ajnala,385,Higher Secondary,Punjabi
SCH0103,2025-07,30.0,100.0,100.0,50.0,100.0,0.0,2,Govt. Elementary School Parsa,Amritsar,Ajnala,385,Higher Secondary,Punjabi
SCH0103,2025-09,60.0,0.0,100.0,100.0,0.0,0.0,1,Govt. Elementary School Parsa,Amritsar,Ajnala,385,Higher Secondary,Punjabi
SCH0103,2025-11,0.0,100.0,100.0,100.0,100.0,100.0,1,Govt. Elementary School Parsa,Amritsar,Ajnala,385,Higher Secondary,Punjabi
SCH0103,2026-01,20.0,0.0,100.0,100.0,100.0,100.0,1,Govt. Elementary School Parsa,Amritsar,Ajnala,385,Higher Secondary,Punjabi
SCH0103,2026-02,25.0,100.0,100.0,100.0,,0.0,1,Govt. Elementary School Parsa,Amritsar,Ajnala,385,Higher Secondary,Punjabi
SCH0104,2025-09,0.0,100.0,100.0,100.0,100.0,100.0,1,Govt. Primary School Chacko,Amritsar,Amritsar-II,363,Secondary,Punjabi
SCH0104,2025-12,20.0,100.0,100.0,100.0,50.0,50.0,2,Govt. Primary School Chacko,Amritsar,Amritsar-II,363,Secondary,Punjabi
SCH0104,2026-01,0.0,100.0,100.0,100.0,100.0,100.0,1,Govt. Primary School Chacko,Amritsar,Amritsar-II,363,Secondary,Punjabi
SCH0105,2025-05,20.0,100.0,100.0,100.0,100.0,0.0,1,Govt. Primary School Desai,Amritsar,Tarn Taran,125,Primary,English
SCH0105,2025-06,30.0,100.0,50.0,100.0,50.0,50.0,2,Govt. Primary School Desai,Amritsar,Tarn Taran,125,Primary,English
SCH0105,2025-08,60.0,100.0,0.0,100.0,0.0,0.0,1,Govt. Primary School Desai,Amritsar,Tarn Taran,125,Primary,English
SCH0105,2025-09,0.0,100.0,100.0,,100.0,100.0,1,Govt. Primary School Desai,Amritsar,Tarn Taran,125,Primary,English
SCH0105,2025-10,40.0,50.0,100.0,100.0,0.0,50.0,2,Govt. Primary School Desai,Amritsar,Tarn Taran,125,Primary,English
SCH0105,2025-12,40.0,0.0,0.0,100.0,100.0,100.0,1,Govt. Primary School Desai,Amritsar,Tarn Taran,125,Primary,English
SCH0105,2026-03,20.0,0.0,100.0,100.0,100.0,100.0,1,Govt. Primary School Desai,Amritsar,Tarn Taran,125,Primary,English
SCH0106,2025-10,20.0,0.0,100.0,100.0,100.0,100.0,1,Govt. Primary School Shanker,Ferozepur,Zira,165,Upper Primary,Punjabi
SCH0106,2025-11,40.0,100.0,100.0,0.0,100.0,0.0,1,Govt. Primary School Shanker,Ferozepur,Zira,165,Upper Primary,Punjabi
SCH0106,2026-01,25.0,,100.0,100.0,0.0,100.0,1,Govt. Primary School Shanker,Ferozepur,Zira,165,Upper Primary,Punjabi
SCH0107,2025-06,20.0,100.0,100.0,100.0,66.66666666666666,33.33333333333333,3,Govt. Elementary School Krishna,Patiala,Rajpura,338,Higher Secondary,Punjabi
SCH0107,2025-07,20.0,100.0,100.0,0.0,100.0,50.0,2,Govt. Elementary School Krishna,Patiala,Rajpura,338,Higher Secondary,Punjabi
SCH0107,2025-10,20.0,100.0,100.0,100.0,100.0,0.0,1,Govt. Elementary School Krishna,Patiala,Rajpura,338,Higher Secondary,Punjabi
SCH0107,2025-11,75.0,,100.0,0.0,0.0,0.0,1,Govt. Elementary School Krishna,Patiala,Rajpura,338,Higher Secondary,Punjabi
SCH0107,2026-01,40.0,0.0,100.0,100.0,0.0,100.0,1,Govt. Elementary School Krishna,Patiala,Rajpura,338,Higher Secondary,Punjabi
SCH0108,2025-05,25.0,100.0,100.0,100.0,,0.0,1,Govt. Middle School Warrior,Sangrur,Malerkotla,386,Primary,English
SCH0108,2025-07,80.0,0.0,0.0,0.0,0.0,100.0,1,Govt. Middle School Warrior,Sangrur,Malerkotla,386,Primary,English
SCH0108,2025-11,22.5,100.0,100.0,50.0,50.0,100.0,2,Govt. Middle School Warrior,Sangrur,Malerkotla,386,Primary,English
SCH0108,2026-03,40.0,0.0,100.0,100.0,0.0,100.0,1,Govt. Middle School Warrior,Sangrur,Malerkotla,386,Primary,English
SCH0109,2025-06,0.0,100.0,100.0,100.0,100.0,100.0,1,Govt. Elementary School Pradhan,Ferozepur,Makhu,273,Upper Primary,Punjabi
SCH0109,2025-09,20.0,100.0,100.0,100.0,0.0,100.0,1,Govt. Elementary School Pradhan,Ferozepur,Makhu,273,Upper Primary,Punjabi
SCH0109,2025-12,40.0,100.0,100.0,100.0,0.0,0.0,1,Govt. Elementary School Pradhan,Ferozepur,Makhu,273,Upper Primary,Punjabi
SCH0109,2026-02,40.0,0.0,100.0,100.0,100.0,0.0,1,Govt. Elementary School Pradhan,Ferozepur,Makhu,273,Upper Primary,Punjabi
SCH0110,2025-08,0.0,100.0,100.0,100.0,100.0,100.0,1,Govt. Primary School Goswami,Moga,Bagha Purana,398,Higher Secondary,Punjabi
SCH0110,2025-11,60.0,0.0,100.0,0.0,100.0,0.0,1,Govt. Primary School Goswami,Moga,Bagha Purana,398,Higher Secondary,Punjabi
SCH0111,2025-10,20.0,80.0,100.0,80.0,100.0,40.0,5,Govt. Middle School Butala,Bathinda,Maur,350,Upper Primary,Hindi
SCH0112,2025-04,20.0,100.0,100.0,100.0,100.0,0.0,1,Govt. Senior Secondary School Bhagat,Amritsar,Unknown,198,Primary,English
SCH0112,2025-06,0.0,100.0,100.0,,100.0,100.0,1,Govt. Senior Secondary School Bhagat,Amritsar,Unknown,198,Primary,English
SCH0112,2025-07,60.0,0.0,100.0,0.0,100.0,0.0,1,Govt. Senior Secondary School Bhagat,Amritsar,Unknown,198,Primary,English
SCH0112,2025-10,54.166666666666664,100.0,0.0,50.0,50.0,0.0,2,Govt. Senior Secondary School Bhagat,Amritsar,Unknown,198,Primary,English
SCH0113,2025-07,40.0,100.0,100.0,0.0,0.0,100.0,1,Govt. Middle School Subramaniam,Moga,Nihal Singh Wala,129,Secondary,English
SCH0113,2026-01,0.0,100.0,100.0,100.0,100.0,100.0,1,Govt. Middle School Subramaniam,Moga,Nihal Singh Wala,129,Secondary,English
SCH0114,2025-04,33.333333333333336,100.0,50.0,66.66666666666666,0.0,66.66666666666666,3,Govt. Primary School Randhawa,Sangrur,Malerkotla,422,Primary,Hindi
SCH0114,2025-09,20.0,0.0,100.0,100.0,100.0,50.0,2,Govt. Primary School Randhawa,Sangrur,Malerkotla,422,Primary,Hindi
SCH0114,2025-10,25.0,100.0,100.0,50.0,100.0,50.0,2,Govt. Primary School Randhawa,Sangrur,Malerkotla,422,Primary,Hindi
SCH0114,2026-01,20.0,0.0,100.0,100.0,100.0,100.0,1,Govt. Primary School Randhawa,Sangrur,Malerkotla,422,Primary,Hindi
SCH0114,2026-02,0.0,100.0,100.0,100.0,100.0,100.0,1,Govt. Primary School Randhawa,Sangrur,Malerkotla,422,Primary,Hindi
SCH0114,2026-03,75.0,0.0,0.0,,0.0,100.0,1,Govt. Primary School Randhawa,Sangrur,Malerkotla,422,Primary,Hindi
SCH0115,2025-07,25.0,100.0,,100.0,100.0,0.0,1,Govt. Primary School Sachdev,Ferozepur,Makhu,86,Primary,English
SCH0115,2025-12,20.0,0.0,100.0,100.0,100.0,100.0,1,Govt. Primary School Sachdev,Ferozepur,Makhu,86,Primary,English
SCH0116,2025-09,10.0,100.0,100.0,50.0,100.0,100.0,2,Govt. Middle School Gandhi,Ferozepur,Makhu,95,Higher Secondary,Hindi
SCH0116,2025-10,40.0,0.0,100.0,100.0,50.0,50.0,2,Govt. Middle School Gandhi,Ferozepur,Makhu,95,Higher Secondary,Hindi
SCH0116,2025-11,37.5,50.0,100.0,50.0,100.0,50.0,2,Govt. Middle School Gandhi,Ferozepur,Makhu,95,Higher Secondary,Hindi
SCH0116,2025-12,20.0,50.0,100.0,100.0,50.0,100.0,2,Govt. Middle School Gandhi,Ferozepur,Makhu,95,Higher Secondary,Hindi
SCH0117,2025-07,60.0,100.0,0.0,100.0,0.0,0.0,1,Govt. Primary School Reddy,Amritsar,Tarn Taran,398,Higher Secondary,English
SCH0117,2025-10,0.0,100.0,100.0,100.0,100.0,100.0,1,Govt. Primary School Reddy,Amritsar,Tarn Taran,398,Higher Secondary,English
SCH0117,2026-01,40.0,100.0,100.0,0.0,100.0,0.0,1,Govt. Primary School Reddy,Amritsar,Tarn Taran,398,Higher Secondary,English
SCH0117,2026-02,60.0,100.0,100.0,0.0,0.0,0.0,1,Govt. Primary School Reddy,Amritsar,Tarn Taran,398,Higher Secondary,English
SCH0117,2026-03,25.0,100.0,100.0,100.0,50.0,50.0,2,Govt. Primary School Reddy,Amritsar,Tarn Taran,398,Higher Secondary,English
SCH0118,2025-04,40.0,100.0,100.0,100.0,0.0,0.0,1,Govt. Middle School Hari,Sangrur,Sangrur,89,Upper Primary,Hindi
SCH0118,2025-05,40.0,100.0,0.0,100.0,0.0,100.0,1,Govt. Middle School Hari,Sangrur,Sangrur,89,Upper Primary,Hindi
SCH0118,2025-09,0.0,100.0,100.0,100.0,100.0,100.0,1,Govt. Middle School Hari,Sangrur,Sangrur,89,Upper Primary,Hindi
SCH0118,2026-03,20.0,0.0,100.0,100.0,100.0,100.0,1,Govt. Middle School Hari,Sangrur,Sangrur,89,Upper Primary,Hindi
SCH0119,2025-04,60.0,0.0,100.0,100.0,0.0,0.0,1,Govt. Middle School Sur,Ferozepur,Unknown,252,Higher Secondary,English
SCH0119,2025-05,0.0,100.0,100.0,,100.0,100.0,1,Govt. Middle School Sur,Ferozepur,Unknown,252,Higher Secondary,English
SCH0119,2025-06,40.0,0.0,100.0,0.0,100.0,100.0,1,Govt. Middle School Sur,Ferozepur,Unknown,252,Higher Secondary,English
SCH0119,2025-12,20.0,100.0,100.0,100.0,0.0,100.0,1,Govt. Middle School Sur,Ferozepur,Unknown,252,Higher Secondary,English
SCH0119,2026-01,40.0,100.0,100.0,100.0,0.0,0.0,1,Govt. Middle School Sur,Ferozepur,Unknown,252,Higher Secondary,English
SCH0119,2026-02,0.0,100.0,100.0,100.0,100.0,100.0,1,Govt. Middle School Sur,Ferozepur,Unknown,252,Higher Secondary,English
SCH0120,2025-07,0.0,100.0,100.0,100.0,100.0,100.0,1,Govt. Middle School Sharaf,Patiala,Rajpura,267,Secondary,English
SCH0120,2025-09,0.0,100.0,100.0,100.0,100.0,100.0,1,Govt. Middle School Sharaf,Patiala,Rajpura,267,Secondary,English
SCH0120,2026-01,25.0,100.0,100.0,100.0,0.0,,1,Govt. Middle School Sharaf,Patiala,Rajpura,267,Secondary,English
SCH0121,2025-09,40.0,100.0,0.0,100.0,100.0,0.0,1,Govt. Elementary School Deshmukh,Ludhiana,Unknown,181,Primary,Hindi
SCH0121,2026-01,20.0,100.0,100.0,50.0,100.0,50.0,2,Govt. Elementary School Deshmukh,Ludhiana,Unknown,181,Primary,Hindi
SCH0122,2025-07,25.0,100.0,,100.0,0.0,100.0,1,Govt. Senior Secondary School Ahluwalia,Ludhiana,Unknown,442,Upper Primary,Hindi
SCH0122,2025-10,66.66666666666666,,,100.0,0.0,0.0,1,Govt. Senior Secondary School Ahluwalia,Ludhiana,Unknown,442,Upper Primary,Hindi
SCH0122,2026-01,40.0,100.0,100.0,100.0,0.0,0.0,1,Govt. Senior Secondary School Ahluwalia,Ludhiana,Unknown,442,Upper Primary,Hindi
SCH0122,2026-02,30.0,100.0,100.0,100.0,0.0,50.0,2,Govt. Senior Secondary School Ahluwalia,Ludhiana,Unknown,442,Upper Primary,Hindi
SCH0123,2025-06,25.0,100.0,100.0,100.0,,0.0,1,Govt. Primary School Cheema,Patiala,Nabha,159,Upper Primary,Hindi
SCH0123,2026-01,40.0,0.0,0.0,100.0,100.0,100.0,1,Govt. Primary School Cheema,Patiala,Nabha,159,Upper Primary,Hindi
SCH0123,2026-03,20.0,100.0,100.0,100.0,0.0,100.0,1,Govt. Primary School Cheema,Patiala,Nabha,159,Upper Primary,Hindi
SCH0123,2026-06,20.0,100.0,100.0,100.0,100.0,0.0,1,Govt. Primary School Cheema,Patiala,Nabha,159,Upper Primary,Hindi
SCH0124,2025-04,20.0,100.0,100.0,0.0,100.0,100.0,1,Govt. Middle School Goda,Jalandhar,Nakodar,448,Primary,Hindi
SCH0124,2025-07,40.0,0.0,100.0,100.0,0.0,100.0,1,Govt. Middle School Goda,Jalandhar,Nakodar,448,Primary,Hindi
SCH0124,2025-08,12.5,100.0,100.0,100.0,100.0,50.0,2,Govt. Middle School Goda,Jalandhar,Nakodar,448,Primary,Hindi
SCH0124,2026-02,40.0,100.0,100.0,100.0,0.0,0.0,1,Govt. Middle School Goda,Jalandhar,Nakodar,448,Primary,Hindi
SCH0125,2025-04,80.0,0.0,0.0,0.0,100.0,0.0,1,Govt. Primary School Srivastava,Moga,Moga-I,129,Upper Primary,Punjabi
SCH0125,2025-06,0.0,100.0,,100.0,100.0,100.0,1,Govt. Primary School Srivastava,Moga,Moga-I,129,Upper Primary,Punjabi
SCH0125,2025-08,25.0,100.0,100.0,,0.0,100.0,1,Govt. Primary School Srivastava,Moga,Moga-I,129,Upper Primary,Punjabi
SCH0125,2025-12,26.666666666666668,33.33333333333333,100.0,100.0,66.66666666666666,66.66666666666666,3,Govt. Primary School Srivastava,Moga,Moga-I,129,Upper Primary,Punjabi
SCH0125,2026-02,40.0,100.0,100.0,0.0,100.0,0.0,1,Govt. Primary School Srivastava,Moga,Moga-I,129,Upper Primary,Punjabi
SCH0126,2025-05,50.0,100.0,50.0,100.0,0.0,0.0,2,Govt. Primary School Pillay,Sangrur,Malerkotla,302,Higher Secondary,Hindi
SCH0126,2025-07,80.0,0.0,0.0,100.0,0.0,0.0,1,Govt. Primary School Pillay,Sangrur,Malerkotla,302,Higher Secondary,Hindi
SCH0127,2025-06,20.0,100.0,100.0,0.0,100.0,100.0,1,Govt. Elementary School Palla,Bathinda,Talwandi Sabo,369,Primary,Punjabi
SCH0127,2025-07,25.0,,100.0,100.0,100.0,0.0,1,Govt. Elementary School Palla,Bathinda,Talwandi Sabo,369,Primary,Punjabi
SCH0127,2025-10,40.0,0.0,100.0,100.0,100.0,0.0,1,Govt. Elementary School Palla,Bathinda,Talwandi Sabo,369,Primary,Punjabi
SCH0128,2025-05,10.0,100.0,100.0,100.0,50.0,100.0,2,Govt. Primary School Walla,Sangrur,Dhuri,77,Secondary,Hindi
SCH0128,2025-07,75.0,0.0,,100.0,0.0,0.0,1,Govt. Primary School Walla,Sangrur,Dhuri,77,Secondary,Hindi
SCH0129,2025-05,60.0,0.0,100.0,100.0,0.0,0.0,1,Govt. Elementary School Malhotra,Moga,Unknown,345,Higher Secondary,Punjabi
SCH0129,2025-06,20.0,100.0,100.0,100.0,0.0,100.0,1,Govt. Elementary School Malhotra,Moga,Unknown,345,Higher Secondary,Punjabi
SCH0129,2025-10,40.0,0.0,100.0,100.0,0.0,100.0,1,Govt. Elementary School Malhotra,Moga,Unknown,345,Higher Secondary,Punjabi
SCH0130,2025-04,40.0,100.0,0.0,100.0,0.0,100.0,1,Govt. Elementary School Mall,Patiala,Rajpura,271,Higher Secondary,Punjabi
SCH0130,2025-12,30.0,100.0,100.0,100.0,66.66666666666666,0.0,3,Govt. Elementary School Mall,Patiala,Rajpura,271,Higher Secondary,Punjabi
SCH0131,2025-04,0.0,100.0,,100.0,100.0,100.0,1,Govt. Elementary School Dani,Moga,Unknown,200,Secondary,Punjabi
SCH0131,2025-06,25.0,,100.0,100.0,0.0,100.0,1,Govt. Elementary School Dani,Moga,Unknown,200,Secondary,Punjabi
SCH0131,2025-08,37.5,100.0,100.0,50.0,100.0,0.0,2,Govt. Elementary School Dani,Moga,Unknown,200,Secondary,Punjabi
SCH0131,2025-09,50.0,100.0,,100.0,0.0,0.0,1,Govt. Elementary School Dani,Moga,Unknown,200,Secondary,Punjabi
SCH0131,2026-03,20.0,50.0,50.0,100.0,100.0,100.0,2,Govt. Elementary School Dani,Moga,Unknown,200,Secondary,Punjabi
SCH0132,2025-05,20.0,66.66666666666666,50.0,100.0,50.0,100.0,3,Govt. Primary School Rajagopal,Amritsar,Tarn Taran,89,Secondary,Hindi
SCH0132,2025-06,10.0,100.0,100.0,100.0,100.0,50.0,2,Govt. Primary School Rajagopal,Amritsar,Tarn Taran,89,Secondary,Hindi
SCH0132,2025-08,32.5,100.0,100.0,100.0,0.0,50.0,2,Govt. Primary School Rajagopal,Amritsar,Tarn Taran,89,Secondary,Hindi
SCH0132,2025-10,25.0,,100.0,0.0,100.0,100.0,1,Govt. Primary School Rajagopal,Amritsar,Tarn Taran,89,Secondary,Hindi
SCH0132,2025-12,40.0,100.0,50.0,50.0,50.0,50.0,2,Govt. Primary School Rajagopal,Amritsar,Tarn Taran,89,Secondary,Hindi
SCH0132,2026-01,0.0,100.0,100.0,100.0,,100.0,1,Govt. Primary School Rajagopal,Amritsar,Tarn Taran,89,Secondary,Hindi
SCH0133,2025-06,0.0,100.0,100.0,100.0,,,1,Govt. Primary School Thakur,Moga,Moga-I,250,Higher Secondary,Hindi
SCH0133,2025-07,40.0,100.0,0.0,100.0,100.0,0.0,1,Govt. Primary School Thakur,Moga,Moga-I,250,Higher Secondary,Hindi
SCH0133,2025-09,20.0,50.0,100.0,100.0,100.0,50.0,2,Govt. Primary School Thakur,Moga,Moga-I,250,Higher Secondary,Hindi
SCH0133,2025-10,10.0,100.0,100.0,100.0,50.0,100.0,2,Govt. Primary School Thakur,Moga,Moga-I,250,Higher Secondary,Hindi
SCH0133,2025-12,50.0,100.0,0.0,100.0,,0.0,1,Govt. Primary School Thakur,Moga,Moga-I,250,Higher Secondary,Hindi
SCH0134,2025-07,40.0,100.0,0.0,100.0,0.0,100.0,1,Govt. Elementary School Suri,Bathinda,Rampura Phul,93,Upper Primary,Punjabi
SCH0135,2025-06,20.0,0.0,100.0,100.0,100.0,100.0,1,Govt. Primary School Raghavan,Moga,Bagha Purana,98,Upper Primary,English
SCH0135,2025-12,25.0,100.0,100.0,,0.0,100.0,1,Govt. Primary School Raghavan,Moga,Bagha Purana,98,Upper Primary,English
SCH0135,2026-01,20.0,100.0,0.0,100.0,100.0,100.0,1,Govt. Primary School Raghavan,Moga,Bagha Purana,98,Upper Primary,English
SCH0136,2025-06,20.0,100.0,100.0,100.0,100.0,0.0,1,Govt. Middle School Banerjee,Ludhiana,Unknown,179,Secondary,Hindi
SCH0136,2025-11,0.0,100.0,100.0,100.0,100.0,100.0,1,Govt. Middle School Banerjee,Ludhiana,Unknown,179,Secondary,Hindi
SCH0136,2026-02,20.0,0.0,100.0,100.0,100.0,100.0,1,Govt. Middle School Banerjee,Ludhiana,Unknown,179,Secondary,Hindi
SCH0136,2026-06,40.0,0.0,100.0,100.0,100.0,0.0,1,Govt. Middle School Banerjee,Ludhiana,Unknown,179,Secondary,Hindi
SCH0137,2025-04,20.0,100.0,100.0,100.0,0.0,100.0,1,Govt. Senior Secondary School Dani,Ferozepur,Ferozepur,112,Primary,Punjabi
SCH0137,2026-01,75.0,100.0,0.0,0.0,0.0,,1,Govt. Senior Secondary School Dani,Ferozepur,Ferozepur,112,Primary,Punjabi
SCH0137,2026-02,10.0,100.0,100.0,100.0,100.0,50.0,2,Govt. Senior Secondary School Dani,Ferozepur,Ferozepur,112,Primary,Punjabi
SCH0138,2025-04,60.0,100.0,0.0,100.0,0.0,0.0,1,Govt. Primary School Gandhi,Moga,Moga-II,229,Secondary,Hindi
SCH0138,2025-06,46.666666666666664,0.0,100.0,100.0,66.66666666666666,0.0,3,Govt. Primary School Gandhi,Moga,Moga-II,229,Secondary,Hindi
SCH0138,2025-10,40.0,100.0,100.0,0.0,100.0,0.0,1,Govt. Primary School Gandhi,Moga,Moga-II,229,Secondary,Hindi
SCH0138,2026-02,40.0,100.0,100.0,0.0,0.0,100.0,1,Govt. Primary School Gandhi,Moga,Moga-II,229,Secondary,Hindi
SCH0139,2025-07,20.0,100.0,100.0,100.0,0.0,100.0,1,Govt. Elementary School Lata,Jalandhar,Jalandhar-I,385,Higher Secondary,Punjabi
SCH0139,2025-12,25.0,100.0,100.0,50.0,100.0,50.0,2,Govt. Elementary School Lata,Jalandhar,Jalandhar-I,385,Higher Secondary,Punjabi
SCH0140,2025-06,20.0,100.0,100.0,100.0,100.0,0.0,1,Govt. Middle School Garg,Bathinda,Maur,426,Secondary,Hindi
SCH0140,2025-08,20.0,0.0,100.0,100.0,100.0,100.0,1,Govt. Middle School Garg,Bathinda,Maur,426,Secondary,Hindi
SCH0140,2025-10,0.0,100.0,100.0,100.0,100.0,100.0,1,Govt. Middle School Garg,Bathinda,Maur,426,Secondary,Hindi
SCH0140,2025-11,0.0,100.0,100.0,100.0,,,1,Govt. Middle School Garg,Bathinda,Maur,426,Secondary,Hindi
SCH0140,2025-12,20.0,100.0,100.0,100.0,100.0,0.0,1,Govt. Middle School Garg,Bathinda,Maur,426,Secondary,Hindi
SCH0140,2026-01,10.0,100.0,100.0,100.0,50.0,100.0,2,Govt. Middle School Garg,Bathinda,Maur,426,Secondary,Hindi
SCH0141,2025-04,20.0,100.0,100.0,100.0,0.0,100.0,1,Govt. Middle School Sane,Sangrur,Malerkotla,63,Primary,Hindi
SCH0141,2025-05,25.0,100.0,100.0,100.0,0.0,,1,Govt. Middle School Sane,Sangrur,Malerkotla,63,Primary,Hindi
SCH0141,2025-06,20.0,100.0,100.0,100.0,0.0,100.0,1,Govt. Middle School Sane,Sangrur,Malerkotla,63,Primary,Hindi
SCH0141,2025-08,25.0,0.0,100.0,100.0,100.0,,1,Govt. Middle School Sane,Sangrur,Malerkotla,63,Primary,Hindi
SCH0141,2025-09,30.0,50.0,50.0,100.0,100.0,50.0,2,Govt. Middle School Sane,Sangrur,Malerkotla,63,Primary,Hindi
SCH0141,2025-11,40.0,100.0,100.0,100.0,0.0,0.0,1,Govt. Middle School Sane,Sangrur,Malerkotla,63,Primary,Hindi
SCH0141,2025-12,33.333333333333336,50.0,100.0,100.0,33.33333333333333,33.33333333333333,3,Govt. Middle School Sane,Sangrur,Malerkotla,63,Primary,Hindi
SCH0141,2026-03,40.0,100.0,0.0,100.0,0.0,100.0,1,Govt. Middle School Sane,Sangrur,Malerkotla,63,Primary,Hindi
SCH0142,2025-06,0.0,100.0,100.0,100.0,100.0,,1,Govt. Senior Secondary School Badami,Bathinda,Rampura Phul,207,Higher Secondary,Hindi
SCH0142,2025-08,20.0,100.0,100.0,100.0,100.0,0.0,2,Govt. Senior Secondary School Badami,Bathinda,Rampura Phul,207,Higher Secondary,Hindi
SCH0142,2025-11,60.0,0.0,0.0,100.0,0.0,100.0,1,Govt. Senior Secondary School Badami,Bathinda,Rampura Phul,207,Higher Secondary,Hindi
SCH0142,2026-01,25.0,100.0,100.0,100.0,0.0,,1,Govt. Senior Secondary School Badami,Bathinda,Rampura Phul,207,Higher Secondary,Hindi
SCH0142,2026-03,0.0,100.0,100.0,,100.0,100.0,1,Govt. Senior Secondary School Badami,Bathinda,Rampura Phul,207,Higher Secondary,Hindi
SCH0143,2025-04,40.0,0.0,100.0,100.0,100.0,0.0,1,Govt. Elementary School Venkataraman,Patiala,Samana,76,Primary,English
SCH0143,2025-05,60.0,100.0,100.0,0.0,0.0,0.0,1,Govt. Elementary School Venkataraman,Patiala,Samana,76,Primary,English
SCH0143,2025-06,60.0,0.0,100.0,0.0,100.0,0.0,1,Govt. Elementary School Venkataraman,Patiala,Samana,76,Primary,English
SCH0143,2025-07,60.0,100.0,0.0,0.0,0.0,100.0,1,Govt. Elementary School Venkataraman,Patiala,Samana,76,Primary,English
SCH0143,2025-10,25.0,100.0,,100.0,100.0,0.0,1,Govt. Elementary School Venkataraman,Patiala,Samana,76,Primary,English
SCH0143,2025-11,20.0,0.0,100.0,100.0,100.0,100.0,1,Govt. Elementary School Venkataraman,Patiala,Samana,76,Primary,English
SCH0143,2026-01,20.0,100.0,100.0,100.0,100.0,0.0,1,Govt. Elementary School Venkataraman,Patiala,Samana,76,Primary,English
SCH0144,2025-05,20.0,100.0,100.0,100.0,100.0,0.0,1,Govt. Primary School Bakshi,Ferozepur,Mamdot,403,Secondary,Hindi
SCH0144,2025-08,20.0,100.0,100.0,0.0,100.0,100.0,1,Govt. Primary School Bakshi,Ferozepur,Mamdot,403,Secondary,Hindi
SCH0144,2025-11,50.0,,100.0,100.0,0.0,0.0,1,Govt. Primary School Bakshi,Ferozepur,Mamdot,403,Secondary,Hindi
SCH0144,2026-02,40.0,100.0,100.0,0.0,100.0,0.0,1,Govt. Primary School Bakshi,Ferozepur,Mamdot,403,Secondary,Hindi
SCH0145,2025-05,60.0,0.0,100.0,100.0,0.0,0.0,1,Govt. Elementary School Kashyap,Sangrur,Malerkotla,85,Primary,Punjabi
SCH0145,2025-12,25.0,,100.0,100.0,100.0,0.0,1,Govt. Elementary School Kashyap,Sangrur,Malerkotla,85,Primary,Punjabi
SCH0145,2026-01,32.5,100.0,100.0,50.0,50.0,0.0,2,Govt. Elementary School Kashyap,Sangrur,Malerkotla,85,Primary,Punjabi
SCH0145,2026-03,0.0,100.0,100.0,100.0,100.0,100.0,1,Govt. Elementary School Kashyap,Sangrur,Malerkotla,85,Primary,Punjabi
SCH0146,2025-04,60.0,100.0,0.0,0.0,0.0,100.0,1,Govt. Primary School Sundaram,Bathinda,Rampura Phul,153,Upper Primary,Hindi
SCH0146,2025-06,20.0,100.0,100.0,100.0,100.0,0.0,1,Govt. Primary School Sundaram,Bathinda,Rampura Phul,153,Upper Primary,Hindi
SCH0146,2025-08,40.0,0.0,100.0,100.0,100.0,0.0,1,Govt. Primary School Sundaram,Bathinda,Rampura Phul,153,Upper Primary,Hindi
SCH0146,2025-12,0.0,100.0,100.0,100.0,100.0,100.0,1,Govt. Primary School Sundaram,Bathinda,Rampura Phul,153,Upper Primary,Hindi
SCH0147,2025-07,60.0,100.0,100.0,0.0,0.0,0.0,1,Govt. Senior Secondary School Das,Moga,Bagha Purana,412,Upper Primary,Hindi
SCH0147,2025-08,0.0,100.0,100.0,100.0,100.0,100.0,1,Govt. Senior Secondary School Das,Moga,Bagha Purana,412,Upper Primary,Hindi
SCH0147,2026-01,0.0,100.0,100.0,100.0,,100.0,1,Govt. Senior Secondary School Das,Moga,Bagha Purana,412,Upper Primary,Hindi
SCH0148,2025-04,20.0,0.0,100.0,100.0,100.0,100.0,1,Govt. Elementary School Sastry,Jalandhar,Jalandhar-I,130,Higher Secondary,Hindi
SCH0148,2025-07,0.0,100.0,100.0,100.0,100.0,100.0,1,Govt. Elementary School Sastry,Jalandhar,Jalandhar-I,130,Higher Secondary,Hindi
SCH0148,2025-09,0.0,100.0,100.0,100.0,100.0,100.0,1,Govt. Elementary School Sastry,Jalandhar,Jalandhar-I,130,Higher Secondary,Hindi
SCH0148,2025-10,0.0,100.0,100.0,100.0,100.0,100.0,2,Govt. Elementary School Sastry,Jalandhar,Jalandhar-I,130,Higher Secondary,Hindi
SCH0148,2026-03,60.0,0.0,0.0,100.0,0.0,100.0,1,Govt. Elementary School Sastry,Jalandhar,Jalandhar-I,130,Higher Secondary,Hindi
SCH0149,2025-05,40.0,0.0,100.0,0.0,100.0,100.0,1,Govt. Middle School Uppal,Moga,Bagha Purana,117,Higher Secondary,Hindi
SCH0149,2025-06,20.0,100.0,100.0,100.0,0.0,100.0,1,Govt. Middle School Uppal,Moga,Bagha Purana,117,Higher Secondary,Hindi
SCH0150,2025-05,20.0,100.0,100.0,0.0,100.0,100.0,1,Govt. Primary School Parikh,Ludhiana,Doraha,299,Higher Secondary,English
SCH0150,2025-08,20.0,0.0,100.0,100.0,100.0,100.0,1,Govt. Primary School Parikh,Ludhiana,Doraha,299,Higher Secondary,English
SCH0150,2025-12,33.333333333333336,100.0,100.0,33.33333333333333,33.33333333333333,66.66666666666666,3,Govt. Primary School Parikh,Ludhiana,Doraha,299,Higher Secondary,English
SCH0151,2025-04,40.0,100.0,100.0,0.0,100.0,0.0,1,Govt. Primary School Dugar,Amritsar,Amritsar-I,354,Higher Secondary,Hindi
SCH0151,2025-05,20.0,100.0,100.0,100.0,0.0,100.0,1,Govt. Primary School Dugar,Amritsar,Amritsar-I,354,Higher Secondary,Hindi
SCH0151,2025-07,33.333333333333336,100.0,100.0,66.66666666666666,33.33333333333333,0.0,3,Govt. Primary School Dugar,Amritsar,Amritsar-I,354,Higher Secondary,Hindi
SCH0151,2025-08,40.0,100.0,100.0,100.0,0.0,0.0,1,Govt. Primary School Dugar,Amritsar,Amritsar-I,354,Higher Secondary,Hindi
SCH0151,2025-10,60.0,0.0,0.0,100.0,0.0,100.0,1,Govt. Primary School Dugar,Amritsar,Amritsar-I,354,Higher Secondary,Hindi
SCH0151,2025-11,20.0,100.0,100.0,100.0,0.0,100.0,2,Govt. Primary School Dugar,Amritsar,Amritsar-I,354,Higher Secondary,Hindi
SCH0152,2025-06,60.0,0.0,0.0,100.0,100.0,0.0,1,Govt. Elementary School Dass,Patiala,Samana,349,Upper Primary,English
SCH0152,2025-10,40.0,100.0,100.0,0.0,100.0,0.0,1,Govt. Elementary School Dass,Patiala,Samana,349,Upper Primary,English
SCH0152,2026-02,40.0,0.0,100.0,0.0,100.0,100.0,1,Govt. Elementary School Dass,Patiala,Samana,349,Upper Primary,English
SCH0153,2025-05,20.0,100.0,0.0,100.0,100.0,100.0,1,Govt. Senior Secondary School Vohra,Amritsar,Amritsar-II,60,Higher Secondary,English
SCH0153,2025-09,60.0,0.0,100.0,100.0,0.0,0.0,1,Govt. Senior Secondary School Vohra,Amritsar,Amritsar-II,60,Higher Secondary,English
SCH0153,2025-11,25.0,100.0,100.0,0.0,,100.0,1,Govt. Senior Secondary School Vohra,Amritsar,Amritsar-II,60,Higher Secondary,English
SCH0154,2025-05,40.0,0.0,100.0,100.0,100.0,0.0,1,Govt. Middle School Chakraborty,Ferozepur,Unknown,436,Primary,Punjabi
SCH0154,2025-07,20.0,100.0,100.0,100.0,0.0,100.0,1,Govt. Middle School Chakraborty,Ferozepur,Unknown,436,Primary,Punjabi
SCH0154,2026-02,20.0,100.0,100.0,0.0,100.0,100.0,1,Govt. Middle School Chakraborty,Ferozepur,Unknown,436,Primary,Punjabi
SCH0154,2026-03,40.0,100.0,100.0,100.0,0.0,0.0,1,Govt. Middle School Chakraborty,Ferozepur,Unknown,436,Primary,Punjabi
SCH0155,2025-05,50.0,50.0,50.0,100.0,50.0,0.0,2,Govt. Senior Secondary School Chander,Ferozepur,Makhu,169,Upper Primary,English
SCH0155,2025-10,0.0,100.0,100.0,100.0,100.0,100.0,1,Govt. Senior Secondary School Chander,Ferozepur,Makhu,169,Upper Primary,English
SCH0155,2026-02,20.0,100.0,100.0,100.0,100.0,0.0,1,Govt. Senior Secondary School Chander,Ferozepur,Makhu,169,Upper Primary,English
SCH0156,2025-01,20.0,100.0,100.0,100.0,100.0,0.0,1,Govt. Elementary School Barad,Ferozepur,Zira,344,Primary,English
SCH0156,2026-01,20.0,100.0,100.0,100.0,100.0,0.0,1,Govt. Elementary School Barad,Ferozepur,Zira,344,Primary,English
SCH0156,2026-03,40.0,0.0,0.0,100.0,100.0,100.0,1,Govt. Elementary School Barad,Ferozepur,Zira,344,Primary,English
SCH0157,2025-05,50.0,100.0,,100.0,0.0,0.0,1,Govt. Middle School Keer,Jalandhar,Jalandhar-I,370,Secondary,Hindi
SCH0157,2025-07,0.0,100.0,,100.0,100.0,100.0,1,Govt. Middle School Keer,Jalandhar,Jalandhar-I,370,Secondary,Hindi
SCH0157,2025-12,60.0,100.0,100.0,0.0,0.0,0.0,1,Govt. Middle School Keer,Jalandhar,Jalandhar-I,370,Secondary,Hindi
SCH0158,2025-10,25.0,100.0,100.0,100.0,0.0,,1,Govt. Middle School Tella,Moga,Nihal Singh Wala,138,Upper Primary,Punjabi
SCH0159,2025-04,20.0,0.0,100.0,100.0,100.0,100.0,1,Govt. Senior Secondary School Gade,Ludhiana,Doraha,432,Higher Secondary,Hindi
SCH0159,2025-05,20.0,100.0,100.0,100.0,0.0,100.0,1,Govt. Senior Secondary School Gade,Ludhiana,Doraha,432,Higher Secondary,Hindi
SCH0159,2025-06,40.0,100.0,100.0,0.0,0.0,100.0,1,Govt. Senior Secondary School Gade,Ludhiana,Doraha,432,Higher Secondary,Hindi
SCH0159,2025-08,25.0,0.0,100.0,100.0,100.0,,1,Govt. Senior Secondary School Gade,Ludhiana,Doraha,432,Higher Secondary,Hindi
SCH0159,2025-11,40.0,100.0,100.0,100.0,0.0,0.0,1,Govt. Senior Secondary School Gade,Ludhiana,Doraha,432,Higher Secondary,Hindi
SCH0160,2025-04,20.0,100.0,100.0,100.0,100.0,0.0,1,Govt. Middle School Munshi,Jalandhar,Phillaur,62,Upper Primary,Punjabi
SCH0160,2025-05,0.0,100.0,100.0,,100.0,100.0,1,Govt. Middle School Munshi,Jalandhar,Phillaur,62,Upper Primary,Punjabi
SCH0160,2026-01,40.0,100.0,100.0,0.0,0.0,100.0,1,Govt. Middle School Munshi,Jalandhar,Phillaur,62,Upper Primary,Punjabi
SCH0161,2025-07,60.0,100.0,0.0,100.0,0.0,0.0,1,Govt. Senior Secondary School Mand,Patiala,Nabha,198,Higher Secondary,Hindi
SCH0161,2025-08,40.0,100.0,100.0,0.0,100.0,0.0,1,Govt. Senior Secondary School Mand,Patiala,Nabha,198,Higher Secondary,Hindi
SCH0161,2025-10,20.0,100.0,100.0,100.0,100.0,0.0,1,Govt. Senior Secondary School Mand,Patiala,Nabha,198,Higher Secondary,Hindi
SCH0161,2026-03,0.0,100.0,100.0,100.0,100.0,100.0,1,Govt. Senior Secondary School Mand,Patiala,Nabha,198,Higher Secondary,Hindi
SCH0162,2025-08,40.0,100.0,100.0,100.0,0.0,0.0,1,Govt. Elementary School Deshpande,Sangrur,Dhuri,433,Higher Secondary,Hindi
SCH0162,2025-10,60.0,0.0,100.0,0.0,100.0,0.0,1,Govt. Elementary School Deshpande,Sangrur,Dhuri,433,Higher Secondary,Hindi
SCH0162,2026-01,0.0,100.0,100.0,100.0,100.0,100.0,1,Govt. Elementary School Deshpande,Sangrur,Dhuri,433,Higher Secondary,Hindi
SCH0163,2025-05,40.0,100.0,0.0,100.0,0.0,100.0,1,Govt. Primary School Ratta,Jalandhar,Nakodar,66,Secondary,Hindi
SCH0163,2025-07,60.0,100.0,0.0,0.0,100.0,0.0,1,Govt. Primary School Ratta,Jalandhar,Nakodar,66,Secondary,Hindi
SCH0163,2026-03,25.0,,100.0,0.0,100.0,100.0,1,Govt. Primary School Ratta,Jalandhar,Nakodar,66,Secondary,Hindi
SCH0163,2026-05,60.0,0.0,0.0,100.0,100.0,0.0,1,Govt. Primary School Ratta,Jalandhar,Nakodar,66,Secondary,Hindi
SCH0164,2025-04,80.0,0.0,100.0,0.0,0.0,0.0,1,Govt. Senior Secondary School Barad,Amritsar,Ajnala,82,Secondary,Punjabi
SCH0164,2025-08,50.0,,100.0,100.0,0.0,0.0,1,Govt. Senior Secondary School Barad,Amritsar,Ajnala,82,Secondary,Punjabi
SCH0164,2025-10,80.0,0.0,0.0,100.0,0.0,0.0,1,Govt. Senior Secondary School Barad,Amritsar,Ajnala,82,Secondary,Punjabi
SCH0164,2025-11,30.0,100.0,100.0,50.0,100.0,0.0,2,Govt. Senior Secondary School Barad,Amritsar,Ajnala,82,Secondary,Punjabi
SCH0164,2026-02,60.0,100.0,100.0,0.0,0.0,0.0,1,Govt. Senior Secondary School Barad,Amritsar,Ajnala,82,Secondary,Punjabi
SCH0164,2026-03,32.5,0.0,100.0,100.0,0.0,100.0,2,Govt. Senior Secondary School Barad,Amritsar,Ajnala,82,Secondary,Punjabi
SCH0165,2025-10,80.0,0.0,0.0,100.0,0.0,0.0,1,Govt. Middle School Mallick,Patiala,Rajpura,218,Higher Secondary,Punjabi
SCH0165,2026-01,40.0,0.0,0.0,100.0,100.0,100.0,1,Govt. Middle School Mallick,Patiala,Rajpura,218,Higher Secondary,Punjabi
SCH0165,2026-03,0.0,100.0,100.0,100.0,100.0,100.0,1,Govt. Middle School Mallick,Patiala,Rajpura,218,Higher Secondary,Punjabi
SCH0166,2025-08,25.0,0.0,100.0,100.0,100.0,,1,Govt. Middle School Devi,Moga,Moga-II,54,Primary,Hindi
SCH0166,2025-11,0.0,100.0,,100.0,100.0,100.0,1,Govt. Middle School Devi,Moga,Moga-II,54,Primary,Hindi
SCH0166,2026-02,60.0,0.0,100.0,100.0,0.0,0.0,1,Govt. Middle School Devi,Moga,Moga-II,54,Primary,Hindi
SCH0167,2025-04,80.0,0.0,100.0,0.0,0.0,0.0,1,Govt. Elementary School Pall,Ludhiana,Doraha,281,Upper Primary,Punjabi
SCH0168,2025-05,60.0,0.0,100.0,0.0,100.0,0.0,1,Govt. Elementary School Narayan,Amritsar,Amritsar-I,171,Upper Primary,English
SCH0168,2025-07,0.0,100.0,100.0,100.0,100.0,100.0,2,Govt. Elementary School Narayan,Amritsar,Amritsar-I,171,Upper Primary,English
SCH0168,2025-10,20.0,100.0,100.0,100.0,0.0,100.0,1,Govt. Elementary School Narayan,Amritsar,Amritsar-I,171,Upper Primary,English
SCH0168,2026-02,60.0,0.0,100.0,0.0,0.0,100.0,1,Govt. Elementary School Narayan,Amritsar,Amritsar-I,171,Upper Primary,English
SCH0168,2026-03,0.0,100.0,100.0,100.0,100.0,100.0,1,Govt. Elementary School Narayan,Amritsar,Amritsar-I,171,Upper Primary,English
SCH0169,2025-07,20.0,100.0,100.0,100.0,100.0,0.0,1,Govt. Elementary School Walia,Unknown,Unknown,102,Higher Secondary,Punjabi
SCH0169,2025-08,26.666666666666668,100.0,100.0,66.66666666666666,100.0,0.0,3,Govt. Elementary School Walia,Unknown,Unknown,102,Higher Secondary,Punjabi
SCH0169,2025-09,33.33333333333333,0.0,100.0,,,100.0,1,Govt. Elementary School Walia,Unknown,Unknown,102,Higher Secondary,Punjabi
SCH0170,2025-07,62.5,0.0,100.0,100.0,0.0,0.0,2,Govt. Middle School Mallick,Ludhiana,Ludhiana-II,407,Higher Secondary,Punjabi
SCH0170,2025-08,60.0,100.0,0.0,0.0,100.0,0.0,1,Govt. Middle School Mallick,Ludhiana,Ludhiana-II,407,Higher Secondary,Punjabi
SCH0170,2025-09,0.0,100.0,100.0,100.0,100.0,100.0,1,Govt. Middle School Mallick,Ludhiana,Ludhiana-II,407,Higher Secondary,Punjabi
SCH0171,2025-06,60.0,100.0,0.0,100.0,0.0,0.0,1,Govt. Primary School Dasgupta,Jalandhar,Jalandhar-I,308,Primary,Punjabi
SCH0171,2025-11,42.5,100.0,100.0,50.0,0.0,0.0,2,Govt. Primary School Dasgupta,Jalandhar,Jalandhar-I,308,Primary,Punjabi
SCH0172,2025-05,20.0,0.0,100.0,100.0,100.0,100.0,1,Govt. Primary School Konda,Ludhiana,Machhiwara,231,Primary,Punjabi
SCH0172,2025-07,40.0,0.0,100.0,100.0,0.0,100.0,1,Govt. Primary School Konda,Ludhiana,Machhiwara,231,Primary,Punjabi
SCH0172,2025-09,60.0,0.0,100.0,0.0,0.0,100.0,1,Govt. Primary School Konda,Ludhiana,Machhiwara,231,Primary,Punjabi
SCH0172,2026-02,65.0,50.0,50.0,100.0,0.0,0.0,2,Govt. Primary School Konda,Ludhiana,Machhiwara,231,Primary,Punjabi
SCH0173,2025-05,60.0,0.0,0.0,100.0,0.0,100.0,1,Govt. Senior Secondary School Johal,Moga,Moga-II,62,Secondary,Punjabi
SCH0173,2025-07,30.0,100.0,100.0,50.0,50.0,50.0,2,Govt. Senior Secondary School Johal,Moga,Moga-II,62,Secondary,Punjabi
SCH0173,2025-09,40.0,100.0,50.0,50.0,50.0,50.0,2,Govt. Senior Secondary School Johal,Moga,Moga-II,62,Secondary,Punjabi
SCH0173,2026-01,60.0,100.0,100.0,0.0,0.0,0.0,1,Govt. Senior Secondary School Johal,Moga,Moga-II,62,Secondary,Punjabi
SCH0174,2025-04,0.0,100.0,100.0,100.0,,100.0,1,Govt. Senior Secondary School Lanka,Sangrur,Unknown,109,Higher Secondary,Hindi
SCH0174,2025-06,60.0,100.0,0.0,100.0,0.0,0.0,1,Govt. Senior Secondary School Lanka,Sangrur,Unknown,109,Higher Secondary,Hindi
SCH0174,2025-07,32.5,100.0,100.0,100.0,50.0,0.0,2,Govt. Senior Secondary School Lanka,Sangrur,Unknown,109,Higher Secondary,Hindi
SCH0174,2025-08,25.0,,100.0,100.0,0.0,100.0,1,Govt. Senior Secondary School Lanka,Sangrur,Unknown,109,Higher Secondary,Hindi
SCH0174,2025-11,20.0,0.0,100.0,100.0,100.0,100.0,1,Govt. Senior Secondary School Lanka,Sangrur,Unknown,109,Higher Secondary,Hindi
SCH0174,2026-03,60.0,100.0,0.0,100.0,0.0,0.0,1,Govt. Senior Secondary School Lanka,Sangrur,Unknown,109,Higher Secondary,Hindi
SCH0175,2025-10,20.0,100.0,100.0,0.0,100.0,100.0,1,Govt. Senior Secondary School Naik,Ludhiana,Doraha,198,Higher Secondary,Punjabi
SCH0175,2025-12,0.0,100.0,100.0,100.0,,100.0,1,Govt. Senior Secondary School Naik,Ludhiana,Doraha,198,Higher Secondary,Punjabi
SCH0175,2026-02,40.0,100.0,0.0,100.0,0.0,100.0,1,Govt. Senior Secondary School Naik,Ludhiana,Doraha,198,Higher Secondary,Punjabi
SCH0175,2026-03,30.0,50.0,100.0,100.0,50.0,50.0,2,Govt. Senior Secondary School Naik,Ludhiana,Doraha,198,Higher Secondary,Punjabi
SCH0175,2026-12,40.0,100.0,100.0,100.0,0.0,0.0,1,Govt. Senior Secondary School Naik,Ludhiana,Doraha,198,Higher Secondary,Punjabi
SCH0176,2025-04,40.0,100.0,100.0,100.0,0.0,0.0,1,Govt. Elementary School Barad,Moga,Bagha Purana,103,Higher Secondary,Punjabi
SCH0176,2025-07,10.0,50.0,100.0,100.0,100.0,100.0,2,Govt. Elementary School Barad,Moga,Bagha Purana,103,Higher Secondary,Punjabi
SCH0176,2025-09,60.0,0.0,100.0,0.0,100.0,0.0,1,Govt. Elementary School Barad,Moga,Bagha Purana,103,Higher Secondary,Punjabi
SCH0176,2026-02,40.0,100.0,100.0,100.0,0.0,0.0,1,Govt. Elementary School Barad,Moga,Bagha Purana,103,Higher Secondary,Punjabi
SCH0177,2025-06,20.0,100.0,100.0,100.0,0.0,100.0,1,Govt. Middle School Manne,Moga,Moga-II,294,Secondary,Punjabi
SCH0177,2025-09,37.5,50.0,100.0,100.0,0.0,100.0,2,Govt. Middle School Manne,Moga,Moga-II,294,Secondary,Punjabi
SCH0178,2025-05,60.0,0.0,100.0,100.0,0.0,0.0,1,Govt. Middle School Dyal,Amritsar,Tarn Taran,348,Upper Primary,English
SCH0179,2025-08,25.0,66.66666666666666,66.66666666666666,100.0,100.0,66.66666666666666,3,Govt. Elementary School Raman,Bathinda,Rampura Phul,268,Higher Secondary,Punjabi
SCH0179,2025-09,0.0,100.0,100.0,100.0,100.0,100.0,1,Govt. Elementary School Raman,Bathinda,Rampura Phul,268,Higher Secondary,Punjabi
SCH0179,2025-12,40.0,100.0,0.0,100.0,0.0,100.0,1,Govt. Elementary School Raman,Bathinda,Rampura Phul,268,Higher Secondary,Punjabi
SCH0180,2025-04,20.0,100.0,100.0,100.0,0.0,100.0,1,Govt. Elementary School Sha,Moga,Nihal Singh Wala,180,Primary,Hindi
SCH0180,2025-12,12.5,100.0,100.0,100.0,100.0,50.0,2,Govt. Elementary School Sha,Moga,Nihal Singh Wala,180,Primary,Hindi
SCH0180,2026-02,20.0,100.0,100.0,0.0,100.0,100.0,1,Govt. Elementary School Sha,Moga,Nihal Singh Wala,180,Primary,Hindi
SCH0180,2026-03,60.0,100.0,0.0,0.0,100.0,0.0,1,Govt. Elementary School Sha,Moga,Nihal Singh Wala,180,Primary,Hindi
SCH0181,2025-04,25.0,100.0,100.0,,100.0,0.0,1,Govt. Primary School Lala,Ludhiana,Ludhiana-II,351,Higher Secondary,English
SCH0181,2025-05,20.0,100.0,100.0,100.0,100.0,0.0,1,Govt. Primary School Lala,Ludhiana,Ludhiana-II,351,Higher Secondary,English
SCH0181,2025-09,40.0,0.0,100.0,100.0,100.0,0.0,1,Govt. Primary School Lala,Ludhiana,Ludhiana-II,351,Higher Secondary,English
SCH0181,2025-10,42.5,0.0,100.0,100.0,50.0,0.0,2,Govt. Primary School Lala,Ludhiana,Ludhiana-II,351,Higher Secondary,English
SCH0181,2026-03,20.0,100.0,100.0,0.0,100.0,100.0,1,Govt. Primary School Lala,Ludhiana,Ludhiana-II,351,Higher Secondary,English
SCH0182,2025-04,40.0,0.0,100.0,100.0,100.0,0.0,1,Govt. Middle School Hari,Unknown,Nihal Singh Wala,330,Upper Primary,Punjabi
SCH0182,2025-05,20.0,100.0,100.0,100.0,0.0,100.0,1,Govt. Middle School Hari,Unknown,Nihal Singh Wala,330,Upper Primary,Punjabi
SCH0182,2025-06,40.0,0.0,100.0,0.0,100.0,100.0,1,Govt. Middle School Hari,Unknown,Nihal Singh Wala,330,Upper Primary,Punjabi
SCH0182,2025-11,20.0,100.0,0.0,100.0,100.0,100.0,1,Govt. Middle School Hari,Unknown,Nihal Singh Wala,330,Upper Primary,Punjabi
SCH0182,2025-12,0.0,100.0,100.0,100.0,100.0,100.0,1,Govt. Middle School Hari,Unknown,Nihal Singh Wala,330,Upper Primary,Punjabi
SCH0182,2026-03,47.5,50.0,100.0,50.0,100.0,0.0,2,Govt. Middle School Hari,Unknown,Nihal Singh Wala,330,Upper Primary,Punjabi
SCH0183,2025-05,50.0,,0.0,100.0,100.0,0.0,1,Govt. Primary School Narain,Jalandhar,Unknown,243,Secondary,Hindi
SCH0183,2025-07,0.0,100.0,100.0,100.0,100.0,100.0,1,Govt. Primary School Narain,Jalandhar,Unknown,243,Secondary,Hindi
SCH0183,2025-08,40.0,100.0,100.0,100.0,0.0,0.0,1,Govt. Primary School Narain,Jalandhar,Unknown,243,Secondary,Hindi
SCH0183,2026-02,0.0,100.0,100.0,100.0,100.0,100.0,1,Govt. Primary School Narain,Jalandhar,Unknown,243,Secondary,Hindi
SCH0184,2025-05,40.0,100.0,100.0,0.0,100.0,0.0,1,Govt. Senior Secondary School Hora,Sangrur,Dhuri,327,Secondary,English
SCH0184,2025-09,20.0,100.0,100.0,100.0,100.0,0.0,1,Govt. Senior Secondary School Hora,Sangrur,Dhuri,327,Secondary,English
SCH0184,2025-10,20.0,100.0,100.0,100.0,0.0,100.0,1,Govt. Senior Secondary School Hora,Sangrur,Dhuri,327,Secondary,English
SCH0184,2026-01,0.0,,100.0,100.0,100.0,100.0,1,Govt. Senior Secondary School Hora,Sangrur,Dhuri,327,Secondary,English
SCH0184,2026-03,20.0,100.0,100.0,100.0,0.0,100.0,1,Govt. Senior Secondary School Hora,Sangrur,Dhuri,327,Secondary,English
SCH0185,2025-07,25.0,100.0,100.0,100.0,0.0,,1,Govt. Elementary School Tata,Sangrur,Sunam,102,Primary,English
SCH0185,2025-08,20.0,100.0,100.0,100.0,0.0,100.0,1,Govt. Elementary School Tata,Sangrur,Sunam,102,Primary,English
SCH0185,2025-11,0.0,100.0,100.0,100.0,100.0,100.0,1,Govt. Elementary School Tata,Sangrur,Sunam,102,Primary,English
SCH0185,2026-03,0.0,100.0,100.0,100.0,100.0,100.0,1,Govt. Elementary School Tata,Sangrur,Sunam,102,Primary,English
SCH0186,2025-04,20.0,100.0,100.0,100.0,100.0,0.0,1,Govt. Senior Secondary School Pillay,Moga,Moga-I,321,Secondary,Hindi
SCH0186,2025-05,80.0,0.0,0.0,0.0,0.0,100.0,1,Govt. Senior Secondary School Pillay,Moga,Moga-I,321,Secondary,Hindi
SCH0186,2025-07,40.0,100.0,100.0,100.0,0.0,0.0,1,Govt. Senior Secondary School Pillay,Moga,Moga-I,321,Secondary,Hindi
SCH0186,2025-08,60.0,0.0,0.0,100.0,100.0,0.0,1,Govt. Senior Secondary School Pillay,Moga,Moga-I,321,Secondary,Hindi
SCH0186,2025-12,20.0,100.0,100.0,100.0,100.0,0.0,1,Govt. Senior Secondary School Pillay,Moga,Moga-I,321,Secondary,Hindi
SCH0187,2025-05,20.0,100.0,100.0,100.0,100.0,0.0,1,Govt. Primary School Chaudhari,Patiala,Patiala,142,Upper Primary,Hindi
SCH0187,2025-10,20.0,100.0,100.0,100.0,0.0,100.0,1,Govt. Primary School Chaudhari,Patiala,Patiala,142,Upper Primary,Hindi
SCH0187,2025-12,40.0,0.0,100.0,100.0,0.0,100.0,1,Govt. Primary School Chaudhari,Patiala,Patiala,142,Upper Primary,Hindi
SCH0187,2026-02,0.0,,100.0,100.0,100.0,100.0,1,Govt. Primary School Chaudhari,Patiala,Patiala,142,Upper Primary,Hindi
SCH0188,2025-09,40.0,0.0,100.0,100.0,100.0,0.0,1,Govt. Elementary School Vig,Moga,Nihal Singh Wala,322,Primary,Punjabi
SCH0188,2025-11,0.0,100.0,100.0,100.0,100.0,100.0,1,Govt. Elementary School Vig,Moga,Nihal Singh Wala,322,Primary,Punjabi
SCH0188,2025-12,60.0,100.0,0.0,0.0,100.0,0.0,1,Govt. Elementary School Vig,Moga,Nihal Singh Wala,322,Primary,Punjabi
SCH0188,2026-03,20.0,100.0,0.0,100.0,100.0,100.0,1,Govt. Elementary School Vig,Moga,Nihal Singh Wala,322,Primary,Punjabi
SCH0189,2025-06,25.0,,100.0,100.0,0.0,100.0,1,Govt. Elementary School Mitter,Ferozepur,Mamdot,334,Secondary,Hindi
SCH0189,2025-07,20.0,50.0,100.0,50.0,100.0,100.0,2,Govt. Elementary School Mitter,Ferozepur,Mamdot,334,Secondary,Hindi
SCH0189,2025-10,40.0,100.0,100.0,0.0,100.0,0.0,1,Govt. Elementary School Mitter,Ferozepur,Mamdot,334,Secondary,Hindi
SCH0189,2025-11,0.0,100.0,100.0,100.0,,100.0,1,Govt. Elementary School Mitter,Ferozepur,Mamdot,334,Secondary,Hindi
SCH0190,2025-05,20.0,100.0,100.0,0.0,100.0,100.0,1,Govt. Senior Secondary School Chadha,Moga,Moga-II,439,Upper Primary,Punjabi
SCH0190,2025-06,22.5,50.0,100.0,100.0,50.0,100.0,2,Govt. Senior Secondary School Chadha,Moga,Moga-II,439,Upper Primary,Punjabi
SCH0191,2025-12,10.0,100.0,100.0,100.0,100.0,50.0,2,Govt. Senior Secondary School Bera,Amritsar,Amritsar-II,195,Secondary,Hindi
SCH0191,2026-02,29.166666666666664,100.0,100.0,100.0,100.0,0.0,2,Govt. Senior Secondary School Bera,Amritsar,Amritsar-II,195,Secondary,Hindi
SCH0192,2025-04,20.0,0.0,100.0,100.0,100.0,100.0,1,Govt. Middle School Varty,Bathinda,Bathinda,168,Secondary,Punjabi
SCH0192,2025-09,60.0,100.0,100.0,0.0,0.0,0.0,1,Govt. Middle School Varty,Bathinda,Bathinda,168,Secondary,Punjabi
SCH0193,2025-05,20.0,50.0,100.0,100.0,50.0,100.0,2,Govt. Primary School Parmer,Jalandhar,Jalandhar-II,127,Secondary,Punjabi
SCH0193,2025-07,20.0,100.0,100.0,0.0,100.0,100.0,1,Govt. Primary School Parmer,Jalandhar,Jalandhar-II,127,Secondary,Punjabi
SCH0193,2025-10,40.0,100.0,100.0,100.0,0.0,0.0,1,Govt. Primary School Parmer,Jalandhar,Jalandhar-II,127,Secondary,Punjabi
SCH0193,2025-11,35.0,50.0,100.0,100.0,50.0,0.0,2,Govt. Primary School Parmer,Jalandhar,Jalandhar-II,127,Secondary,Punjabi
SCH0194,2025-04,60.0,0.0,100.0,0.0,100.0,0.0,1,Govt. Elementary School Suresh,Amritsar,Amritsar-I,368,Secondary,Punjabi
SCH0194,2025-08,40.0,100.0,100.0,100.0,0.0,0.0,1,Govt. Elementary School Suresh,Amritsar,Amritsar-I,368,Secondary,Punjabi
SCH0194,2025-09,25.0,,100.0,0.0,100.0,100.0,1,Govt. Elementary School Suresh,Amritsar,Amritsar-I,368,Secondary,Punjabi
SCH0194,2025-11,20.0,100.0,100.0,100.0,100.0,0.0,1,Govt. Elementary School Suresh,Amritsar,Amritsar-I,368,Secondary,Punjabi
SCH0194,2026-02,20.0,100.0,100.0,100.0,100.0,0.0,1,Govt. Elementary School Suresh,Amritsar,Amritsar-I,368,Secondary,Punjabi
SCH0194,2026-03,50.0,0.0,100.0,100.0,,0.0,1,Govt. Elementary School Suresh,Amritsar,Amritsar-I,368,Secondary,Punjabi
SCH0195,2025-06,20.0,0.0,100.0,100.0,100.0,100.0,1,Govt. Elementary School Dhillon,Sangrur,Malerkotla,368,Higher Secondary,Punjabi
SCH0195,2025-07,50.0,100.0,50.0,0.0,50.0,50.0,2,Govt. Elementary School Dhillon,Sangrur,Malerkotla,368,Higher Secondary,Punjabi
SCH0195,2025-09,33.33333333333333,100.0,,,100.0,0.0,1,Govt. Elementary School Dhillon,Sangrur,Malerkotla,368,Higher Secondary,Punjabi
SCH0195,2026-01,40.0,100.0,100.0,0.0,0.0,100.0,1,Govt. Elementary School Dhillon,Sangrur,Malerkotla,368,Higher Secondary,Punjabi
SCH0195,2026-02,20.0,100.0,100.0,100.0,100.0,0.0,1,Govt. Elementary School Dhillon,Sangrur,Malerkotla,368,Higher Secondary,Punjabi
SCH0196,2025-04,20.0,100.0,100.0,100.0,100.0,0.0,1,Govt. Senior Secondary School Kara,Ludhiana,Ludhiana-II,265,Higher Secondary,English
SCH0196,2025-05,30.0,50.0,100.0,100.0,50.0,50.0,2,Govt. Senior Secondary School Kara,Ludhiana,Ludhiana-II,265,Higher Secondary,English
SCH0196,2025-06,20.0,0.0,100.0,100.0,100.0,100.0,1,Govt. Senior Secondary School Kara,Ludhiana,Ludhiana-II,265,Higher Secondary,English
SCH0196,2025-08,20.0,100.0,100.0,100.0,50.0,50.0,2,Govt. Senior Secondary School Kara,Ludhiana,Ludhiana-II,265,Higher Secondary,English
SCH0196,2025-10,40.0,100.0,100.0,0.0,100.0,0.0,1,Govt. Senior Secondary School Kara,Ludhiana,Ludhiana-II,265,Higher Secondary,English
SCH0196,2026-02,20.0,100.0,100.0,100.0,100.0,0.0,1,Govt. Senior Secondary School Kara,Ludhiana,Ludhiana-II,265,Higher Secondary,English
SCH0196,2026-03,20.0,100.0,0.0,100.0,100.0,100.0,1,Govt. Senior Secondary School Kara,Ludhiana,Ludhiana-II,265,Higher Secondary,English
SCH0197,2025-04,20.0,100.0,100.0,0.0,100.0,100.0,1,Govt. Elementary School Dada,Moga,Nihal Singh Wala,106,Primary,Punjabi
SCH0197,2025-05,20.0,100.0,100.0,100.0,100.0,0.0,1,Govt. Elementary School Dada,Moga,Nihal Singh Wala,106,Primary,Punjabi
SCH0197,2025-08,60.0,100.0,100.0,0.0,0.0,0.0,1,Govt. Elementary School Dada,Moga,Nihal Singh Wala,106,Primary,Punjabi
SCH0197,2026-01,60.0,0.0,0.0,100.0,100.0,0.0,1,Govt. Elementary School Dada,Moga,Nihal Singh Wala,106,Primary,Punjabi
SCH0197,2026-02,0.0,100.0,100.0,100.0,100.0,100.0,1,Govt. Elementary School Dada,Moga,Nihal Singh Wala,106,Primary,Punjabi
SCH0198,2025-04,50.0,100.0,,100.0,0.0,0.0,1,Govt. Elementary School Sachar,Patiala,Nabha,89,Higher Secondary,Hindi
SCH0198,2025-12,20.0,100.0,100.0,100.0,100.0,0.0,1,Govt. Elementary School Sachar,Patiala,Nabha,89,Higher Secondary,Hindi
SCH0199,2025-04,40.0,100.0,100.0,0.0,100.0,0.0,1,Govt. Elementary School Nath,Moga,Bagha Purana,137,Higher Secondary,English
SCH0199,2025-06,57.5,50.0,100.0,50.0,0.0,0.0,2,Govt. Elementary School Nath,Moga,Bagha Purana,137,Higher Secondary,English
SCH0199,2025-10,20.0,100.0,100.0,100.0,0.0,100.0,1,Govt. Elementary School Nath,Moga,Bagha Purana,137,Higher Secondary,English
SCH0199,2025-12,60.0,100.0,100.0,0.0,0.0,0.0,1,Govt. Elementary School Nath,Moga,Bagha Purana,137,Higher Secondary,English
SCH0199,2026-01,40.0,100.0,100.0,0.0,100.0,0.0,1,Govt. Elementary School Nath,Moga,Bagha Purana,137,Higher Secondary,English
SCH0199,2026-03,50.0,0.0,100.0,100.0,,0.0,1,Govt. Elementary School Nath,Moga,Bagha Purana,137,Higher Secondary,English
SCH0199,2026-05,60.0,0.0,100.0,100.0,0.0,0.0,1,Govt. Elementary School Nath,Moga,Bagha Purana,137,Higher Secondary,English
SCH0200,2025-10,40.0,100.0,100.0,0.0,0.0,100.0,1,Govt. Senior Secondary School Anne,Sangrur,Sangrur,86,Higher Secondary,Punjabi
SCH0200,2026-01,60.0,0.0,0.0,100.0,100.0,0.0,1,Govt. Senior Secondary School Anne,Sangrur,Sangrur,86,Higher Secondary,Punjabi
SCH0201,2025-04,20.0,100.0,100.0,100.0,100.0,0.0,1,Govt. Primary School Sagar,Ludhiana,Doraha,293,Higher Secondary,Punjabi
SCH0201,2025-07,20.0,100.0,50.0,100.0,50.0,100.0,2,Govt. Primary School Sagar,Ludhiana,Doraha,293,Higher Secondary,Punjabi
SCH0201,2025-08,0.0,100.0,100.0,100.0,,100.0,1,Govt. Primary School Sagar,Ludhiana,Doraha,293,Higher Secondary,Punjabi
SCH0201,2025-10,20.0,100.0,100.0,100.0,100.0,0.0,1,Govt. Primary School Sagar,Ludhiana,Doraha,293,Higher Secondary,Punjabi
SCH0201,2025-12,50.0,100.0,,100.0,0.0,0.0,1,Govt. Primary School Sagar,Ludhiana,Doraha,293,Higher Secondary,Punjabi
SCH0201,2026-01,20.0,100.0,100.0,0.0,100.0,100.0,1,Govt. Primary School Sagar,Ludhiana,Doraha,293,Higher Secondary,Punjabi
SCH0202,2025-08,20.0,100.0,100.0,0.0,100.0,100.0,1,Govt. Elementary School Karpe,Jalandhar,Unknown,412,Higher Secondary,Hindi
SCH0202,2025-10,40.0,100.0,0.0,100.0,100.0,0.0,1,Govt. Elementary School Karpe,Jalandhar,Unknown,412,Higher Secondary,Hindi
SCH0202,2025-12,20.0,100.0,100.0,100.0,0.0,100.0,1,Govt. Elementary School Karpe,Jalandhar,Unknown,412,Higher Secondary,Hindi
SCH0202,2026-01,20.0,100.0,100.0,100.0,100.0,0.0,1,Govt. Elementary School Karpe,Jalandhar,Unknown,412,Higher Secondary,Hindi
SCH0203,2025-05,20.0,100.0,100.0,100.0,100.0,0.0,1,Govt. Middle School Grewal,Patiala,Samana,323,Higher Secondary,Hindi
SCH0203,2025-06,40.0,100.0,100.0,100.0,0.0,0.0,1,Govt. Middle School Grewal,Patiala,Samana,323,Higher Secondary,Hindi
SCH0203,2025-09,20.0,100.0,0.0,100.0,100.0,100.0,1,Govt. Middle School Grewal,Patiala,Samana,323,Higher Secondary,Hindi
SCH0203,2026-01,0.0,100.0,100.0,100.0,,100.0,1,Govt. Middle School Grewal,Patiala,Samana,323,Higher Secondary,Hindi
SCH0203,2026-02,0.0,100.0,100.0,100.0,100.0,100.0,1,Govt. Middle School Grewal,Patiala,Samana,323,Higher Secondary,Hindi
SCH0203,2026-03,25.0,100.0,50.0,100.0,100.0,50.0,2,Govt. Middle School Grewal,Patiala,Samana,323,Higher Secondary,Hindi
SCH0204,2025-04,60.0,100.0,0.0,100.0,0.0,0.0,2,Govt. Middle School Singhal,Amritsar,Amritsar-II,89,Secondary,Hindi
SCH0204,2025-07,0.0,100.0,100.0,100.0,100.0,100.0,1,Govt. Middle School Singhal,Amritsar,Amritsar-II,89,Secondary,Hindi
SCH0204,2025-10,0.0,100.0,100.0,100.0,100.0,,1,Govt. Middle School Singhal,Amritsar,Amritsar-II,89,Secondary,Hindi
SCH0204,2026-01,40.0,100.0,100.0,100.0,0.0,0.0,1,Govt. Middle School Singhal,Amritsar,Amritsar-II,89,Secondary,Hindi
SCH0204,2026-02,25.0,0.0,100.0,,100.0,100.0,1,Govt. Middle School Singhal,Amritsar,Amritsar-II,89,Secondary,Hindi
SCH0205,2025-04,40.0,0.0,100.0,100.0,0.0,100.0,1,Govt. Elementary School Chander,Unknown,Ferozepur,63,Secondary,Hindi
SCH0205,2025-07,12.5,100.0,100.0,100.0,100.0,50.0,2,Govt. Elementary School Chander,Unknown,Ferozepur,63,Secondary,Hindi
SCH0205,2025-08,40.0,100.0,100.0,100.0,0.0,0.0,1,Govt. Elementary School Chander,Unknown,Ferozepur,63,Secondary,Hindi
SCH0205,2025-10,60.0,0.0,100.0,100.0,0.0,0.0,1,Govt. Elementary School Chander,Unknown,Ferozepur,63,Secondary,Hindi
SCH0205,2025-11,25.0,100.0,,50.0,0.0,100.0,2,Govt. Elementary School Chander,Unknown,Ferozepur,63,Secondary,Hindi
SCH0205,2026-03,40.0,100.0,100.0,100.0,0.0,0.0,1,Govt. Elementary School Chander,Unknown,Ferozepur,63,Secondary,Hindi
SCH0206,2025-06,25.0,,100.0,100.0,100.0,0.0,1,Govt. Middle School Menon,Jalandhar,Nakodar,353,Higher Secondary,Hindi
SCH0206,2025-07,75.0,0.0,0.0,100.0,0.0,0.0,2,Govt. Middle School Menon,Jalandhar,Nakodar,353,Higher Secondary,Hindi
SCH0206,2025-09,20.0,100.0,100.0,100.0,0.0,100.0,1,Govt. Middle School Menon,Jalandhar,Nakodar,353,Higher Secondary,Hindi
SCH0206,2025-12,20.0,100.0,100.0,50.0,100.0,50.0,2,Govt. Middle School Menon,Jalandhar,Nakodar,353,Higher Secondary,Hindi
SCH0206,2026-01,60.0,0.0,100.0,0.0,100.0,0.0,1,Govt. Middle School Menon,Jalandhar,Nakodar,353,Higher Secondary,Hindi
SCH0206,2026-02,20.0,100.0,100.0,100.0,0.0,100.0,1,Govt. Middle School Menon,Jalandhar,Nakodar,353,Higher Secondary,Hindi
SCH0207,2025-05,20.0,100.0,100.0,100.0,100.0,0.0,1,Govt. Primary School Kaul,Sangrur,Malerkotla,283,Secondary,Hindi
SCH0207,2025-06,25.0,,100.0,100.0,0.0,100.0,1,Govt. Primary School Kaul,Sangrur,Malerkotla,283,Secondary,Hindi
SCH0207,2025-12,20.0,100.0,100.0,100.0,100.0,0.0,1,Govt. Primary School Kaul,Sangrur,Malerkotla,283,Secondary,Hindi
SCH0207,2026-01,0.0,100.0,100.0,100.0,,,1,Govt. Primary School Kaul,Sangrur,Malerkotla,283,Secondary,Hindi
SCH0207,2026-02,40.0,0.0,100.0,100.0,100.0,0.0,1,Govt. Primary School Kaul,Sangrur,Malerkotla,283,Secondary,Hindi
SCH0208,2025-09,20.0,100.0,100.0,100.0,0.0,100.0,1,Govt. Elementary School Rattan,Bathinda,Bathinda,345,Upper Primary,Hindi
SCH0208,2025-10,30.0,50.0,50.0,100.0,100.0,50.0,2,Govt. Elementary School Rattan,Bathinda,Bathinda,345,Upper Primary,Hindi
SCH0208,2025-11,40.0,100.0,100.0,0.0,0.0,100.0,1,Govt. Elementary School Rattan,Bathinda,Bathinda,345,Upper Primary,Hindi
SCH0208,2025-12,40.0,50.0,100.0,100.0,0.0,50.0,2,Govt. Elementary School Rattan,Bathinda,Bathinda,345,Upper Primary,Hindi
SCH0209,2025-01,40.0,0.0,100.0,100.0,0.0,100.0,1,Govt. Elementary School Mane,Ferozepur,Zira,388,Primary,Hindi
SCH0209,2025-04,60.0,100.0,100.0,0.0,0.0,0.0,1,Govt. Elementary School Mane,Ferozepur,Zira,388,Primary,Hindi
SCH0209,2025-05,20.0,100.0,100.0,100.0,100.0,0.0,1,Govt. Elementary School Mane,Ferozepur,Zira,388,Primary,Hindi
SCH0209,2025-10,12.5,50.0,100.0,100.0,100.0,100.0,2,Govt. Elementary School Mane,Ferozepur,Zira,388,Primary,Hindi
SCH0209,2025-12,57.5,100.0,0.0,50.0,50.0,0.0,2,Govt. Elementary School Mane,Ferozepur,Zira,388,Primary,Hindi
SCH0209,2026-02,0.0,100.0,100.0,100.0,100.0,100.0,1,Govt. Elementary School Mane,Ferozepur,Zira,388,Primary,Hindi
SCH0209,2026-03,60.0,100.0,0.0,100.0,0.0,0.0,1,Govt. Elementary School Mane,Ferozepur,Zira,388,Primary,Hindi
SCH0210,2025-04,0.0,100.0,100.0,100.0,100.0,100.0,1,Govt. Primary School Barman,Ferozepur,Zira,250,Higher Secondary,Hindi
SCH0210,2025-06,40.0,0.0,100.0,100.0,100.0,0.0,1,Govt. Primary School Barman,Ferozepur,Zira,250,Higher Secondary,Hindi
SCH0210,2025-07,20.0,100.0,100.0,100.0,100.0,0.0,1,Govt. Primary School Barman,Ferozepur,Zira,250,Higher Secondary,Hindi
SCH0210,2025-10,25.0,100.0,100.0,100.0,,0.0,1,Govt. Primary School Barman,Ferozepur,Zira,250,Higher Secondary,Hindi
SCH0210,2026-01,22.5,100.0,50.0,100.0,100.0,50.0,2,Govt. Primary School Barman,Ferozepur,Zira,250,Higher Secondary,Hindi
SCH0210,2026-03,20.0,100.0,100.0,50.0,100.0,50.0,2,Govt. Primary School Barman,Ferozepur,Zira,250,Higher Secondary,Hindi
SCH0211,2025-05,20.0,100.0,100.0,0.0,100.0,100.0,1,Govt. Senior Secondary School Edwin,Patiala,Samana,379,Higher Secondary,Hindi
SCH0211,2025-06,20.0,100.0,100.0,100.0,100.0,0.0,1,Govt. Senior Secondary School Edwin,Patiala,Samana,379,Higher Secondary,Hindi
SCH0211,2025-07,20.0,100.0,100.0,100.0,100.0,0.0,1,Govt. Senior Secondary School Edwin,Patiala,Samana,379,Higher Secondary,Hindi
SCH0211,2025-09,40.0,100.0,0.0,100.0,100.0,0.0,1,Govt. Senior Secondary School Edwin,Patiala,Samana,379,Higher Secondary,Hindi
SCH0211,2025-11,20.0,0.0,100.0,100.0,100.0,100.0,1,Govt. Senior Secondary School Edwin,Patiala,Samana,379,Higher Secondary,Hindi
SCH0211,2026-01,20.0,100.0,100.0,0.0,100.0,100.0,1,Govt. Senior Secondary School Edwin,Patiala,Samana,379,Higher Secondary,Hindi
SCH0212,2025-05,40.0,100.0,100.0,0.0,100.0,0.0,1,Govt. Senior Secondary School Sachar,Moga,Bagha Purana,386,Secondary,English
SCH0212,2025-06,0.0,100.0,100.0,100.0,100.0,100.0,1,Govt. Senior Secondary School Sachar,Moga,Bagha Purana,386,Secondary,English
SCH0212,2025-07,20.0,100.0,100.0,100.0,100.0,0.0,1,Govt. Senior Secondary School Sachar,Moga,Bagha Purana,386,Secondary,English
SCH0212,2025-08,40.0,100.0,100.0,0.0,0.0,100.0,1,Govt. Senior Secondary School Sachar,Moga,Bagha Purana,386,Secondary,English
SCH0212,2025-09,0.0,100.0,100.0,100.0,100.0,100.0,1,Govt. Senior Secondary School Sachar,Moga,Bagha Purana,386,Secondary,English
SCH0212,2025-10,20.0,100.0,100.0,100.0,0.0,100.0,1,Govt. Senior Secondary School Sachar,Moga,Bagha Purana,386,Secondary,English
SCH0212,2025-11,50.0,100.0,50.0,50.0,50.0,0.0,2,Govt. Senior Secondary School Sachar,Moga,Bagha Purana,386,Secondary,English
SCH0213,2025-01,40.0,0.0,100.0,100.0,100.0,0.0,1,Govt. Elementary School Bhatt,Bathinda,Maur,192,Upper Primary,English
SCH0213,2025-08,46.666666666666664,33.33333333333333,66.66666666666666,66.66666666666666,100.0,0.0,3,Govt. Elementary School Bhatt,Bathinda,Maur,192,Upper Primary,English
SCH0213,2025-12,60.0,100.0,100.0,0.0,0.0,0.0,1,Govt. Elementary School Bhatt,Bathinda,Maur,192,Upper Primary,English
SCH0213,2026-09,25.0,100.0,100.0,100.0,,0.0,1,Govt. Elementary School Bhatt,Bathinda,Maur,192,Upper Primary,English
SCH0214,2025-04,10.0,100.0,100.0,100.0,100.0,50.0,2,Govt. Elementary School Chahal,Bathinda,Rampura Phul,102,Higher Secondary,Hindi
SCH0214,2025-05,20.0,100.0,100.0,100.0,0.0,100.0,1,Govt. Elementary School Chahal,Bathinda,Rampura Phul,102,Higher Secondary,Hindi
SCH0214,2025-06,20.0,100.0,100.0,100.0,0.0,100.0,1,Govt. Elementary School Chahal,Bathinda,Rampura Phul,102,Higher Secondary,Hindi
SCH0214,2025-08,60.0,100.0,100.0,0.0,0.0,0.0,1,Govt. Elementary School Chahal,Bathinda,Rampura Phul,102,Higher Secondary,Hindi
SCH0214,2025-09,40.0,0.0,100.0,100.0,100.0,0.0,1,Govt. Elementary School Chahal,Bathinda,Rampura Phul,102,Higher Secondary,Hindi
SCH0214,2025-11,50.0,100.0,,0.0,100.0,0.0,1,Govt. Elementary School Chahal,Bathinda,Rampura Phul,102,Higher Secondary,Hindi
SCH0215,2025-07,40.0,100.0,100.0,100.0,0.0,0.0,1,Govt. Elementary School Saha,Bathinda,Bathinda,187,Primary,Punjabi
SCH0215,2025-11,30.0,50.0,100.0,100.0,100.0,0.0,2,Govt. Elementary School Saha,Bathinda,Bathinda,187,Primary,Punjabi
SCH0215,2026-02,20.0,100.0,100.0,100.0,100.0,0.0,1,Govt. Elementary School Saha,Bathinda,Bathinda,187,Primary,Punjabi
SCH0215,2026-03,40.0,100.0,100.0,100.0,0.0,0.0,1,Govt. Elementary School Saha,Bathinda,Bathinda,187,Primary,Punjabi
SCH0216,2025-04,80.0,0.0,0.0,100.0,0.0,0.0,1,Govt. Senior Secondary School Oommen,Patiala,Nabha,315,Secondary,Hindi
SCH0216,2025-09,20.0,100.0,100.0,0.0,100.0,100.0,1,Govt. Senior Secondary School Oommen,Patiala,Nabha,315,Secondary,Hindi
SCH0216,2026-03,40.0,0.0,100.0,100.0,0.0,100.0,1,Govt. Senior Secondary School Oommen,Patiala,Nabha,315,Secondary,Hindi
SCH0217,2025-04,0.0,100.0,100.0,100.0,100.0,100.0,1,Govt. Primary School Apte,Patiala,Nabha,66,Secondary,Hindi
SCH0217,2025-09,20.0,50.0,100.0,100.0,50.0,100.0,2,Govt. Primary School Apte,Patiala,Nabha,66,Secondary,Hindi
SCH0217,2025-12,30.0,50.0,50.0,100.0,100.0,50.0,2,Govt. Primary School Apte,Patiala,Nabha,66,Secondary,Hindi
SCH0218,2025-06,25.0,,100.0,100.0,0.0,100.0,1,Govt. Senior Secondary School Dugar,Ludhiana,Ludhiana-II,248,Higher Secondary,English
SCH0218,2025-09,0.0,100.0,100.0,100.0,100.0,100.0,1,Govt. Senior Secondary School Dugar,Ludhiana,Ludhiana-II,248,Higher Secondary,English
SCH0218,2025-11,20.0,100.0,100.0,100.0,50.0,50.0,2,Govt. Senior Secondary School Dugar,Ludhiana,Ludhiana-II,248,Higher Secondary,English
SCH0218,2026-01,0.0,100.0,100.0,100.0,100.0,100.0,1,Govt. Senior Secondary School Dugar,Ludhiana,Ludhiana-II,248,Higher Secondary,English
SCH0219,2025-06,25.0,100.0,100.0,100.0,,0.0,1,Govt. Senior Secondary School Oommen,Moga,Bagha Purana,370,Primary,Punjabi
SCH0219,2025-09,40.0,0.0,0.0,100.0,100.0,100.0,1,Govt. Senior Secondary School Oommen,Moga,Bagha Purana,370,Primary,Punjabi
SCH0219,2025-10,0.0,100.0,100.0,100.0,100.0,100.0,1,Govt. Senior Secondary School Oommen,Moga,Bagha Purana,370,Primary,Punjabi
SCH0219,2025-11,25.0,100.0,100.0,,0.0,100.0,1,Govt. Senior Secondary School Oommen,Moga,Bagha Purana,370,Primary,Punjabi
SCH0219,2025-12,20.0,100.0,100.0,100.0,100.0,0.0,1,Govt. Senior Secondary School Oommen,Moga,Bagha Purana,370,Primary,Punjabi
SCH0220,2025-04,40.0,100.0,100.0,100.0,0.0,0.0,1,Govt. Elementary School Mishra,Jalandhar,Phillaur,130,Primary,Hindi
SCH0220,2025-05,60.0,100.0,0.0,100.0,0.0,0.0,1,Govt. Elementary School Mishra,Jalandhar,Phillaur,130,Primary,Hindi
SCH0220,2025-08,0.0,,100.0,100.0,100.0,100.0,1,Govt. Elementary School Mishra,Jalandhar,Phillaur,130,Primary,Hindi
SCH0220,2026-01,20.0,100.0,100.0,100.0,100.0,0.0,1,Govt. Elementary School Mishra,Jalandhar,Phillaur,130,Primary,Hindi
SCH0220,2026-02,80.0,0.0,0.0,100.0,0.0,0.0,1,Govt. Elementary School Mishra,Jalandhar,Phillaur,130,Primary,Hindi
SCH0220,2026-03,80.0,0.0,100.0,0.0,0.0,0.0,1,Govt. Elementary School Mishra,Jalandhar,Phillaur,130,Primary,Hindi
SCH0221,2025-05,40.0,50.0,100.0,100.0,50.0,0.0,2,Govt. Middle School Butala,Bathinda,Bathinda,44,Primary,Hindi
SCH0221,2025-08,60.0,50.0,50.0,100.0,0.0,0.0,2,Govt. Middle School Butala,Bathinda,Bathinda,44,Primary,Hindi
SCH0221,2025-10,0.0,100.0,100.0,100.0,100.0,100.0,1,Govt. Middle School Butala,Bathinda,Bathinda,44,Primary,Hindi
SCH0221,2025-11,25.0,50.0,100.0,100.0,50.0,100.0,2,Govt. Middle School Butala,Bathinda,Bathinda,44,Primary,Hindi
SCH0221,2026-01,40.0,100.0,0.0,100.0,0.0,100.0,1,Govt. Middle School Butala,Bathinda,Bathinda,44,Primary,Hindi
SCH0221,2026-03,0.0,100.0,,100.0,100.0,100.0,1,Govt. Middle School Butala,Bathinda,Bathinda,44,Primary,Hindi
SCH0221,2026-08,20.0,100.0,100.0,100.0,100.0,0.0,1,Govt. Middle School Butala,Bathinda,Bathinda,44,Primary,Hindi
SCH0222,2025-04,66.66666666666666,0.0,100.0,,0.0,,1,Govt. Middle School Edwin,Sangrur,Sunam,298,Upper Primary,Punjabi
SCH0222,2025-09,20.0,0.0,100.0,100.0,100.0,100.0,1,Govt. Middle School Edwin,Sangrur,Sunam,298,Upper Primary,Punjabi
SCH0222,2026-01,20.0,100.0,100.0,100.0,100.0,0.0,1,Govt. Middle School Edwin,Sangrur,Sunam,298,Upper Primary,Punjabi
SCH0222,2026-03,20.0,100.0,100.0,100.0,100.0,0.0,1,Govt. Middle School Edwin,Sangrur,Sunam,298,Upper Primary,Punjabi
SCH0223,2025-04,0.0,100.0,100.0,100.0,100.0,100.0,1,Govt. Senior Secondary School Mallick,Bathinda,Maur,47,Secondary,Punjabi
SCH0223,2025-07,0.0,100.0,100.0,100.0,100.0,,1,Govt. Senior Secondary School Mallick,Bathinda,Maur,47,Secondary,Punjabi
SCH0223,2025-10,0.0,100.0,100.0,100.0,100.0,,1,Govt. Senior Secondary School Mallick,Bathinda,Maur,47,Secondary,Punjabi
SCH0223,2025-11,60.0,100.0,0.0,100.0,0.0,0.0,1,Govt. Senior Secondary School Mallick,Bathinda,Maur,47,Secondary,Punjabi
SCH0223,2026-03,30.0,100.0,100.0,66.66666666666666,66.66666666666666,33.33333333333333,3,Govt. Senior Secondary School Mallick,Bathinda,Maur,47,Secondary,Punjabi
SCH0224,2025-05,20.0,100.0,100.0,100.0,100.0,0.0,1,Govt. Senior Secondary School Kunda,Ferozepur,Makhu,84,Primary,Hindi
SCH0224,2025-06,40.0,100.0,0.0,100.0,100.0,0.0,1,Govt. Senior Secondary School Kunda,Ferozepur,Makhu,84,Primary,Hindi
SCH0224,2026-01,20.0,100.0,100.0,100.0,0.0,100.0,1,Govt. Senior Secondary School Kunda,Ferozepur,Makhu,84,Primary,Hindi
SCH0225,2025-04,20.0,0.0,100.0,100.0,100.0,100.0,1,Govt. Middle School Chaudhry,Ludhiana,Doraha,236,Secondary,Hindi
SCH0225,2025-08,0.0,100.0,100.0,100.0,100.0,100.0,1,Govt. Middle School Chaudhry,Ludhiana,Doraha,236,Secondary,Hindi
SCH0225,2025-11,20.0,100.0,100.0,100.0,0.0,100.0,1,Govt. Middle School Chaudhry,Ludhiana,Doraha,236,Secondary,Hindi
SCH0225,2026-03,40.0,0.0,100.0,100.0,0.0,100.0,1,Govt. Middle School Chaudhry,Ludhiana,Doraha,236,Secondary,Hindi
SCH0226,2025-04,20.0,100.0,100.0,100.0,100.0,0.0,1,Govt. Primary School Upadhyay,Ludhiana,Doraha,374,Upper Primary,Hindi
SCH0226,2025-08,0.0,100.0,100.0,100.0,,100.0,1,Govt. Primary School Upadhyay,Ludhiana,Doraha,374,Upper Primary,Hindi
SCH0226,2025-09,30.0,50.0,100.0,100.0,50.0,0.0,2,Govt. Primary School Upadhyay,Ludhiana,Doraha,374,Upper Primary,Hindi
SCH0226,2025-12,20.0,100.0,50.0,100.0,100.0,50.0,2,Govt. Primary School Upadhyay,Ludhiana,Doraha,374,Upper Primary,Hindi
SCH0226,2026-01,40.0,100.0,0.0,100.0,50.0,50.0,2,Govt. Primary School Upadhyay,Ludhiana,Doraha,374,Upper Primary,Hindi
SCH0227,2025-06,20.0,100.0,100.0,100.0,100.0,0.0,1,Govt. Senior Secondary School Samra,Ferozepur,Makhu,393,Secondary,Hindi
SCH0228,2025-02,0.0,100.0,100.0,100.0,100.0,100.0,1,Govt. Elementary School Sankar,Sangrur,Sunam,272,Secondary,Hindi
SCH0228,2025-04,40.0,0.0,0.0,100.0,100.0,100.0,1,Govt. Elementary School Sankar,Sangrur,Sunam,272,Secondary,Hindi
SCH0228,2025-06,25.0,100.0,100.0,,100.0,0.0,1,Govt. Elementary School Sankar,Sangrur,Sunam,272,Secondary,Hindi
SCH0228,2025-09,40.0,100.0,100.0,0.0,0.0,100.0,1,Govt. Elementary School Sankar,Sangrur,Sunam,272,Secondary,Hindi
SCH0228,2025-11,40.0,100.0,100.0,100.0,0.0,0.0,1,Govt. Elementary School Sankar,Sangrur,Sunam,272,Secondary,Hindi
SCH0228,2026-02,20.0,100.0,100.0,100.0,100.0,0.0,1,Govt. Elementary School Sankar,Sangrur,Sunam,272,Secondary,Hindi
SCH0228,2026-05,0.0,100.0,100.0,100.0,100.0,100.0,1,Govt. Elementary School Sankar,Sangrur,Sunam,272,Secondary,Hindi
SCH0229,2025-04,20.0,100.0,100.0,100.0,100.0,0.0,1,Govt. Primary School Balay,Patiala,Unknown,309,Secondary,Hindi
SCH0229,2025-05,40.0,100.0,100.0,0.0,0.0,100.0,1,Govt. Primary School Balay,Patiala,Unknown,309,Secondary,Hindi
SCH0229,2025-07,20.0,100.0,100.0,100.0,100.0,0.0,1,Govt. Primary School Balay,Patiala,Unknown,309,Secondary,Hindi
SCH0229,2025-09,0.0,100.0,100.0,100.0,100.0,100.0,1,Govt. Primary School Balay,Patiala,Unknown,309,Secondary,Hindi
SCH0229,2025-10,0.0,,100.0,100.0,100.0,100.0,1,Govt. Primary School Balay,Patiala,Unknown,309,Secondary,Hindi
SCH0229,2025-11,60.0,100.0,0.0,0.0,100.0,0.0,1,Govt. Primary School Balay,Patiala,Unknown,309,Secondary,Hindi
SCH0229,2026-01,24.444444444444443,100.0,100.0,50.0,100.0,33.33333333333333,3,Govt. Primary School Balay,Patiala,Unknown,309,Secondary,Hindi
SCH0229,2026-02,50.0,0.0,,100.0,100.0,0.0,1,Govt. Primary School Balay,Patiala,Unknown,309,Secondary,Hindi
SCH0229,2026-03,40.0,100.0,100.0,100.0,0.0,0.0,1,Govt. Primary School Balay,Patiala,Unknown,309,Secondary,Hindi
SCH0230,2025-06,0.0,100.0,100.0,100.0,100.0,100.0,1,Govt. Senior Secondary School Badal,Patiala,Nabha,124,Higher Secondary,Punjabi
SCH0230,2025-09,0.0,100.0,100.0,100.0,100.0,100.0,2,Govt. Senior Secondary School Badal,Patiala,Nabha,124,Higher Secondary,Punjabi
SCH0230,2025-10,40.0,100.0,100.0,100.0,0.0,0.0,1,Govt. Senior Secondary School Badal,Patiala,Nabha,124,Higher Secondary,Punjabi
SCH0230,2025-11,43.333333333333336,100.0,0.0,66.66666666666666,66.66666666666666,66.66666666666666,3,Govt. Senior Secondary School Badal,Patiala,Nabha,124,Higher Secondary,Punjabi
SCH0230,2026-01,0.0,,100.0,100.0,,100.0,1,Govt. Senior Secondary School Badal,Patiala,Nabha,124,Higher Secondary,Punjabi
SCH0230,2026-02,25.0,100.0,100.0,100.0,,0.0,1,Govt. Senior Secondary School Badal,Patiala,Nabha,124,Higher Secondary,Punjabi
SCH0231,2025-04,40.0,100.0,100.0,100.0,0.0,0.0,1,Govt. Primary School Datta,Amritsar,Tarn Taran,68,Higher Secondary,English
SCH0231,2025-07,20.0,100.0,100.0,0.0,100.0,100.0,1,Govt. Primary School Datta,Amritsar,Tarn Taran,68,Higher Secondary,English
SCH0231,2025-09,40.0,0.0,100.0,100.0,0.0,100.0,1,Govt. Primary School Datta,Amritsar,Tarn Taran,68,Higher Secondary,English
SCH0231,2025-11,35.0,50.0,50.0,100.0,100.0,50.0,2,Govt. Primary School Datta,Amritsar,Tarn Taran,68,Higher Secondary,English
SCH0231,2025-12,60.0,0.0,100.0,100.0,0.0,0.0,1,Govt. Primary School Datta,Amritsar,Tarn Taran,68,Higher Secondary,English
SCH0231,2026-02,40.0,100.0,100.0,100.0,0.0,0.0,1,Govt. Primary School Datta,Amritsar,Tarn Taran,68,Higher Secondary,English
SCH0232,2025-04,20.0,100.0,100.0,100.0,0.0,100.0,1,Govt. Primary School Choudhary,Ludhiana,Machhiwara,170,Upper Primary,Punjabi
SCH0232,2025-05,60.0,0.0,100.0,0.0,0.0,100.0,1,Govt. Primary School Choudhary,Ludhiana,Machhiwara,170,Upper Primary,Punjabi
SCH0232,2025-06,0.0,100.0,100.0,100.0,100.0,100.0,1,Govt. Primary School Choudhary,Ludhiana,Machhiwara,170,Upper Primary,Punjabi
SCH0232,2025-10,32.5,100.0,100.0,100.0,0.0,50.0,2,Govt. Primary School Choudhary,Ludhiana,Machhiwara,170,Upper Primary,Punjabi
SCH0232,2025-11,0.0,100.0,100.0,100.0,100.0,100.0,1,Govt. Primary School Choudhary,Ludhiana,Machhiwara,170,Upper Primary,Punjabi
SCH0232,2025-12,0.0,100.0,100.0,100.0,100.0,100.0,1,Govt. Primary School Choudhary,Ludhiana,Machhiwara,170,Upper Primary,Punjabi
SCH0233,2025-08,20.0,100.0,100.0,100.0,100.0,0.0,1,Govt. Senior Secondary School Mutti,Unknown,Ludhiana-I,281,Higher Secondary,Punjabi
SCH0233,2025-11,60.0,0.0,100.0,0.0,100.0,0.0,1,Govt. Senior Secondary School Mutti,Unknown,Ludhiana-I,281,Higher Secondary,Punjabi
SCH0233,2026-03,30.0,50.0,100.0,50.0,50.0,100.0,2,Govt. Senior Secondary School Mutti,Unknown,Ludhiana-I,281,Higher Secondary,Punjabi
SCH0234,2025-06,10.0,100.0,100.0,100.0,100.0,50.0,2,Govt. Senior Secondary School Tak,Moga,Nihal Singh Wala,269,Higher Secondary,English
SCH0234,2025-10,50.0,100.0,50.0,50.0,0.0,50.0,2,Govt. Senior Secondary School Tak,Moga,Nihal Singh Wala,269,Higher Secondary,English
SCH0235,2025-04,40.0,100.0,100.0,100.0,0.0,0.0,1,Govt. Senior Secondary School Balan,Amritsar,Amritsar-II,315,Upper Primary,Punjabi
SCH0235,2025-05,20.0,100.0,100.0,0.0,100.0,100.0,1,Govt. Senior Secondary School Balan,Amritsar,Amritsar-II,315,Upper Primary,Punjabi
SCH0235,2025-10,40.0,100.0,0.0,100.0,100.0,0.0,1,Govt. Senior Secondary School Balan,Amritsar,Amritsar-II,315,Upper Primary,Punjabi
SCH0235,2025-11,20.0,100.0,100.0,100.0,100.0,0.0,1,Govt. Senior Secondary School Balan,Amritsar,Amritsar-II,315,Upper Primary,Punjabi
SCH0235,2025-12,0.0,100.0,100.0,,100.0,100.0,1,Govt. Senior Secondary School Balan,Amritsar,Amritsar-II,315,Upper Primary,Punjabi
SCH0235,2026-03,25.0,100.0,,100.0,0.0,100.0,1,Govt. Senior Secondary School Balan,Amritsar,Amritsar-II,315,Upper Primary,Punjabi
SCH0236,2025-07,50.0,,100.0,100.0,0.0,0.0,1,Govt. Senior Secondary School Palan,Bathinda,Talwandi Sabo,384,Higher Secondary,English
SCH0236,2025-08,60.0,0.0,0.0,100.0,0.0,100.0,1,Govt. Senior Secondary School Palan,Bathinda,Talwandi Sabo,384,Higher Secondary,English
SCH0236,2025-10,40.0,100.0,100.0,100.0,0.0,0.0,1,Govt. Senior Secondary School Palan,Bathinda,Talwandi Sabo,384,Higher Secondary,English
SCH0236,2025-11,20.0,100.0,100.0,100.0,100.0,0.0,1,Govt. Senior Secondary School Palan,Bathinda,Talwandi Sabo,384,Higher Secondary,English
SCH0236,2025-12,25.0,100.0,100.0,100.0,,0.0,1,Govt. Senior Secondary School Palan,Bathinda,Talwandi Sabo,384,Higher Secondary,English
SCH0236,2026-02,40.0,100.0,100.0,50.0,50.0,0.0,2,Govt. Senior Secondary School Palan,Bathinda,Talwandi Sabo,384,Higher Secondary,English
SCH0237,2025-04,35.0,75.0,75.0,75.0,75.0,25.0,4,Govt. Elementary School Sood,Jalandhar,Nakodar,136,Primary,Punjabi
SCH0237,2025-06,0.0,,100.0,100.0,100.0,100.0,1,Govt. Elementary School Sood,Jalandhar,Nakodar,136,Primary,Punjabi
SCH0237,2025-08,20.0,0.0,100.0,100.0,100.0,100.0,1,Govt. Elementary School Sood,Jalandhar,Nakodar,136,Primary,Punjabi
SCH0237,2025-09,50.0,0.0,0.0,100.0,50.0,100.0,2,Govt. Elementary School Sood,Jalandhar,Nakodar,136,Primary,Punjabi
SCH0237,2026-03,60.0,0.0,100.0,100.0,0.0,0.0,1,Govt. Elementary School Sood,Jalandhar,Nakodar,136,Primary,Punjabi
SCH0238,2025-04,75.0,0.0,0.0,100.0,,0.0,1,Govt. Primary School Amble,Patiala,Nabha,74,Primary,Punjabi
SCH0238,2025-08,20.0,100.0,100.0,100.0,100.0,0.0,2,Govt. Primary School Amble,Patiala,Nabha,74,Primary,Punjabi
SCH0238,2025-09,60.0,100.0,0.0,100.0,0.0,0.0,1,Govt. Primary School Amble,Patiala,Nabha,74,Primary,Punjabi
SCH0238,2025-12,40.0,100.0,100.0,100.0,0.0,0.0,1,Govt. Primary School Amble,Patiala,Nabha,74,Primary,Punjabi
SCH0238,2026-02,40.0,50.0,100.0,100.0,50.0,0.0,2,Govt. Primary School Amble,Patiala,Nabha,74,Primary,Punjabi
SCH0239,2025-03,40.0,100.0,100.0,100.0,0.0,0.0,1,Govt. Middle School Butala,Ferozepur,Mamdot,159,Primary,Hindi
SCH0239,2025-04,25.0,100.0,100.0,100.0,0.0,,1,Govt. Middle School Butala,Ferozepur,Mamdot,159,Primary,Hindi
SCH0239,2025-05,20.0,50.0,100.0,100.0,100.0,50.0,2,Govt. Middle School Butala,Ferozepur,Mamdot,159,Primary,Hindi
SCH0239,2025-06,25.0,100.0,100.0,,0.0,100.0,1,Govt. Middle School Butala,Ferozepur,Mamdot,159,Primary,Hindi
SCH0239,2025-10,20.0,100.0,100.0,100.0,0.0,100.0,1,Govt. Middle School Butala,Ferozepur,Mamdot,159,Primary,Hindi
SCH0239,2025-11,0.0,100.0,100.0,100.0,,100.0,1,Govt. Middle School Butala,Ferozepur,Mamdot,159,Primary,Hindi
SCH0239,2026-01,20.0,100.0,100.0,50.0,100.0,50.0,2,Govt. Middle School Butala,Ferozepur,Mamdot,159,Primary,Hindi
SCH0240,2025-05,40.0,50.0,50.0,100.0,50.0,50.0,2,Govt. Senior Secondary School Mitter,Moga,Bagha Purana,161,Upper Primary,English
SCH0240,2026-02,40.0,100.0,0.0,100.0,0.0,100.0,1,Govt. Senior Secondary School Mitter,Moga,Bagha Purana,161,Upper Primary,English
SCH0240,2026-12,20.0,100.0,100.0,100.0,100.0,0.0,1,Govt. Senior Secondary School Mitter,Moga,Bagha Purana,161,Upper Primary,English
SCH0241,2025-06,20.0,100.0,100.0,100.0,100.0,0.0,1,Govt. Middle School Dass,Ludhiana,Ludhiana-II,360,Higher Secondary,Punjabi
SCH0241,2025-08,0.0,,100.0,100.0,100.0,100.0,1,Govt. Middle School Dass,Ludhiana,Ludhiana-II,360,Higher Secondary,Punjabi
SCH0241,2025-10,25.0,100.0,100.0,,100.0,0.0,1,Govt. Middle School Dass,Ludhiana,Ludhiana-II,360,Higher Secondary,Punjabi
SCH0241,2025-12,20.0,0.0,100.0,100.0,100.0,100.0,1,Govt. Middle School Dass,Ludhiana,Ludhiana-II,360,Higher Secondary,Punjabi
SCH0242,2025-03,0.0,,100.0,100.0,100.0,100.0,1,Govt. Elementary School Bhardwaj,Moga,Nihal Singh Wala,249,Higher Secondary,Hindi
SCH0242,2025-05,30.0,50.0,100.0,100.0,100.0,0.0,2,Govt. Elementary School Bhardwaj,Moga,Nihal Singh Wala,249,Higher Secondary,Hindi
SCH0242,2025-07,0.0,100.0,100.0,100.0,100.0,100.0,1,Govt. Elementary School Bhardwaj,Moga,Nihal Singh Wala,249,Higher Secondary,Hindi
SCH0242,2025-08,10.0,100.0,100.0,100.0,50.0,100.0,2,Govt. Elementary School Bhardwaj,Moga,Nihal Singh Wala,249,Higher Secondary,Hindi
SCH0242,2026-01,40.0,100.0,100.0,0.0,0.0,100.0,1,Govt. Elementary School Bhardwaj,Moga,Nihal Singh Wala,249,Higher Secondary,Hindi
SCH0242,2026-02,20.0,100.0,100.0,100.0,100.0,0.0,1,Govt. Elementary School Bhardwaj,Moga,Nihal Singh Wala,249,Higher Secondary,Hindi
SCH0242,2026-03,50.0,,100.0,100.0,0.0,0.0,1,Govt. Elementary School Bhardwaj,Moga,Nihal Singh Wala,249,Higher Secondary,Hindi
SCH0243,2025-01,20.0,100.0,100.0,100.0,100.0,0.0,1,Govt. Senior Secondary School Deep,Bathinda,Maur,277,Higher Secondary,English
SCH0243,2025-04,30.0,50.0,100.0,100.0,100.0,0.0,2,Govt. Senior Secondary School Deep,Bathinda,Maur,277,Higher Secondary,English
SCH0243,2025-05,25.0,100.0,100.0,100.0,,0.0,1,Govt. Senior Secondary School Deep,Bathinda,Maur,277,Higher Secondary,English
SCH0243,2025-08,0.0,100.0,100.0,100.0,,100.0,1,Govt. Senior Secondary School Deep,Bathinda,Maur,277,Higher Secondary,English
SCH0243,2025-09,40.0,50.0,100.0,50.0,50.0,50.0,2,Govt. Senior Secondary School Deep,Bathinda,Maur,277,Higher Secondary,English
SCH0244,2025-06,40.0,100.0,100.0,100.0,0.0,0.0,1,Govt. Primary School Swamy,Patiala,Samana,371,Higher Secondary,Hindi
SCH0244,2025-10,0.0,100.0,100.0,100.0,100.0,100.0,1,Govt. Primary School Swamy,Patiala,Samana,371,Higher Secondary,Hindi
SCH0244,2026-01,20.0,100.0,100.0,100.0,100.0,0.0,1,Govt. Primary School Swamy,Patiala,Samana,371,Higher Secondary,Hindi
SCH0244,2026-03,40.0,0.0,0.0,100.0,100.0,100.0,1,Govt. Primary School Swamy,Patiala,Samana,371,Higher Secondary,Hindi
SCH0245,2025-08,40.0,100.0,100.0,100.0,0.0,0.0,1,Govt. Senior Secondary School Sarkar,Ludhiana,Doraha,233,Primary,Hindi
SCH0245,2025-10,0.0,100.0,100.0,100.0,100.0,100.0,1,Govt. Senior Secondary School Sarkar,Ludhiana,Doraha,233,Primary,Hindi
SCH0245,2025-12,20.0,0.0,100.0,100.0,100.0,100.0,1,Govt. Senior Secondary School Sarkar,Ludhiana,Doraha,233,Primary,Hindi
SCH0246,2025-05,50.0,100.0,100.0,0.0,,0.0,1,Govt. Primary School Chaudhari,Patiala,Rajpura,146,Secondary,Hindi
SCH0246,2025-07,0.0,100.0,100.0,100.0,100.0,100.0,1,Govt. Primary School Chaudhari,Patiala,Rajpura,146,Secondary,Hindi
SCH0246,2025-09,57.5,0.0,100.0,0.0,50.0,100.0,2,Govt. Primary School Chaudhari,Patiala,Rajpura,146,Secondary,Hindi
SCH0247,2025-05,40.0,0.0,100.0,100.0,0.0,100.0,1,Govt. Senior Secondary School Barad,Amritsar,Tarn Taran,164,Upper Primary,English
SCH0247,2025-06,21.666666666666668,66.66666666666666,100.0,66.66666666666666,66.66666666666666,100.0,3,Govt. Senior Secondary School Barad,Amritsar,Tarn Taran,164,Upper Primary,English
SCH0248,2025-06,40.0,100.0,100.0,0.0,100.0,0.0,1,Govt. Elementary School Grover,Ferozepur,Mamdot,313,Secondary,Punjabi
SCH0248,2025-08,20.0,100.0,100.0,100.0,100.0,0.0,1,Govt. Elementary School Grover,Ferozepur,Mamdot,313,Secondary,Punjabi
SCH0248,2025-09,20.0,100.0,100.0,100.0,0.0,100.0,1,Govt. Elementary School Grover,Ferozepur,Mamdot,313,Secondary,Punjabi
SCH0248,2026-01,20.0,100.0,100.0,100.0,0.0,100.0,1,Govt. Elementary School Grover,Ferozepur,Mamdot,313,Secondary,Punjabi
SCH0248,2026-03,60.0,0.0,100.0,0.0,100.0,0.0,1,Govt. Elementary School Grover,Ferozepur,Mamdot,313,Secondary,Punjabi
SCH0249,2025-04,40.0,100.0,0.0,100.0,0.0,100.0,1,Govt. Senior Secondary School Toor,Moga,Moga-II,229,Primary,Punjabi
SCH0249,2025-06,60.0,100.0,0.0,100.0,0.0,0.0,1,Govt. Senior Secondary School Toor,Moga,Moga-II,229,Primary,Punjabi
SCH0249,2025-09,20.0,100.0,100.0,100.0,100.0,0.0,1,Govt. Senior Secondary School Toor,Moga,Moga-II,229,Primary,Punjabi
SCH0249,2025-10,40.0,0.0,100.0,100.0,100.0,0.0,1,Govt. Senior Secondary School Toor,Moga,Moga-II,229,Primary,Punjabi
SCH0249,2026-03,20.0,100.0,100.0,100.0,0.0,100.0,1,Govt. Senior Secondary School Toor,Moga,Moga-II,229,Primary,Punjabi
SCH0250,2025-04,20.0,0.0,100.0,100.0,100.0,100.0,1,Govt. Senior Secondary School Lad,Bathinda,Talwandi Sabo,191,Secondary,English
SCH0251,2025-10,0.0,100.0,100.0,100.0,100.0,,1,Govt. Middle School Choudhry,Bathinda,Talwandi Sabo,410,Higher Secondary,Hindi
SCH0252,2025-05,21.666666666666668,100.0,66.66666666666666,100.0,50.0,66.66666666666666,3,Govt. Primary School Krish,Sangrur,Sunam,317,Primary,Punjabi
SCH0252,2025-11,50.0,0.0,100.0,100.0,,0.0,1,Govt. Primary School Krish,Sangrur,Sunam,317,Primary,Punjabi
SCH0252,2026-01,0.0,100.0,100.0,100.0,100.0,100.0,1,Govt. Primary School Krish,Sangrur,Sunam,317,Primary,Punjabi
SCH0252,2026-03,20.0,100.0,100.0,100.0,100.0,0.0,1,Govt. Primary School Krish,Sangrur,Sunam,317,Primary,Punjabi
SCH0253,2025-04,20.0,100.0,100.0,100.0,100.0,0.0,1,Govt. Senior Secondary School Saha,Ludhiana,Unknown,110,Upper Primary,Hindi
SCH0253,2025-08,40.0,0.0,100.0,100.0,100.0,0.0,1,Govt. Senior Secondary School Saha,Ludhiana,Unknown,110,Upper Primary,Hindi
SCH0253,2025-10,40.0,100.0,100.0,0.0,100.0,0.0,1,Govt. Senior Secondary School Saha,Ludhiana,Unknown,110,Upper Primary,Hindi
SCH0253,2026-02,40.0,100.0,100.0,0.0,0.0,100.0,1,Govt. Senior Secondary School Saha,Ludhiana,Unknown,110,Upper Primary,Hindi
SCH0254,2025-04,22.5,100.0,100.0,100.0,50.0,50.0,2,Govt. Primary School Kapadia,Sangrur,Unknown,70,Higher Secondary,Hindi
SCH0254,2025-07,51.666666666666664,33.33333333333333,33.33333333333333,100.0,0.0,66.66666666666666,3,Govt. Primary School Kapadia,Sangrur,Unknown,70,Higher Secondary,Hindi
SCH0254,2025-10,20.0,100.0,100.0,100.0,0.0,100.0,1,Govt. Primary School Kapadia,Sangrur,Unknown,70,Higher Secondary,Hindi
SCH0254,2026-01,33.333333333333336,66.66666666666666,66.66666666666666,100.0,100.0,0.0,3,Govt. Primary School Kapadia,Sangrur,Unknown,70,Higher Secondary,Hindi
SCH0254,2026-02,33.33333333333333,,100.0,0.0,100.0,,1,Govt. Primary School Kapadia,Sangrur,Unknown,70,Higher Secondary,Hindi
SCH0255,2025-08,40.0,0.0,0.0,100.0,100.0,100.0,1,Govt. Middle School Barman,Ferozepur,Unknown,48,Secondary,Punjabi
SCH0255,2025-09,60.0,0.0,0.0,100.0,100.0,0.0,1,Govt. Middle School Barman,Ferozepur,Unknown,48,Secondary,Punjabi
SCH0255,2025-11,0.0,100.0,100.0,100.0,100.0,100.0,1,Govt. Middle School Barman,Ferozepur,Unknown,48,Secondary,Punjabi
SCH0255,2025-12,60.0,0.0,100.0,0.0,100.0,0.0,1,Govt. Middle School Barman,Ferozepur,Unknown,48,Secondary,Punjabi
SCH0256,2025-06,40.0,100.0,100.0,0.0,0.0,100.0,1,Govt. Middle School Chaudhry,Jalandhar,Jalandhar-I,89,Upper Primary,English
SCH0256,2025-07,60.0,100.0,100.0,0.0,0.0,0.0,1,Govt. Middle School Chaudhry,Jalandhar,Jalandhar-I,89,Upper Primary,English
SCH0256,2025-09,75.0,0.0,0.0,,0.0,100.0,1,Govt. Middle School Chaudhry,Jalandhar,Jalandhar-I,89,Upper Primary,English
SCH0256,2025-12,60.0,0.0,100.0,100.0,0.0,0.0,1,Govt. Middle School Chaudhry,Jalandhar,Jalandhar-I,89,Upper Primary,English
SCH0256,2026-02,50.0,0.0,100.0,100.0,,0.0,1,Govt. Middle School Chaudhry,Jalandhar,Jalandhar-I,89,Upper Primary,English
SCH0257,2025-04,33.333333333333336,66.66666666666666,100.0,66.66666666666666,33.33333333333333,66.66666666666666,3,Govt. Senior Secondary School Rai,Ferozepur,Ferozepur,231,Higher Secondary,Punjabi
SCH0257,2025-08,0.0,100.0,100.0,100.0,100.0,100.0,1,Govt. Senior Secondary School Rai,Ferozepur,Ferozepur,231,Higher Secondary,Punjabi
SCH0257,2026-01,0.0,100.0,100.0,100.0,100.0,100.0,1,Govt. Senior Secondary School Rai,Ferozepur,Ferozepur,231,Higher Secondary,Punjabi
SCH0257,2026-02,10.0,100.0,100.0,100.0,100.0,50.0,2,Govt. Senior Secondary School Rai,Ferozepur,Ferozepur,231,Higher Secondary,Punjabi
SCH0257,2026-03,20.0,100.0,100.0,100.0,100.0,0.0,1,Govt. Senior Secondary School Rai,Ferozepur,Ferozepur,231,Higher Secondary,Punjabi
SCH0258,2025-04,53.33333333333333,50.0,100.0,50.0,100.0,0.0,2,Govt. Primary School Kalita,Ludhiana,Ludhiana-I,247,Higher Secondary,Punjabi
SCH0258,2025-06,50.0,100.0,50.0,50.0,0.0,50.0,2,Govt. Primary School Kalita,Ludhiana,Ludhiana-I,247,Higher Secondary,Punjabi
SCH0258,2025-11,25.0,0.0,100.0,100.0,100.0,,1,Govt. Primary School Kalita,Ludhiana,Ludhiana-I,247,Higher Secondary,Punjabi
SCH0258,2025-12,20.0,100.0,100.0,100.0,0.0,100.0,1,Govt. Primary School Kalita,Ludhiana,Ludhiana-I,247,Higher Secondary,Punjabi
SCH0258,2026-02,40.0,0.0,100.0,100.0,100.0,0.0,1,Govt. Primary School Kalita,Ludhiana,Ludhiana-I,247,Higher Secondary,Punjabi
SCH0258,2026-03,40.0,100.0,100.0,0.0,100.0,0.0,1,Govt. Primary School Kalita,Ludhiana,Ludhiana-I,247,Higher Secondary,Punjabi
SCH0259,2025-06,20.0,100.0,100.0,100.0,100.0,0.0,1,Govt. Primary School Munshi,Sangrur,Dhuri,370,Primary,Hindi
SCH0259,2025-07,20.0,100.0,100.0,100.0,100.0,0.0,1,Govt. Primary School Munshi,Sangrur,Dhuri,370,Primary,Hindi
SCH0259,2025-09,40.0,100.0,100.0,100.0,0.0,0.0,1,Govt. Primary School Munshi,Sangrur,Dhuri,370,Primary,Hindi
SCH0259,2025-10,40.0,100.0,100.0,100.0,0.0,0.0,1,Govt. Primary School Munshi,Sangrur,Dhuri,370,Primary,Hindi
SCH0259,2026-02,50.0,100.0,0.0,0.0,100.0,,1,Govt. Primary School Munshi,Sangrur,Dhuri,370,Primary,Hindi
SCH0260,2025-06,75.0,,0.0,100.0,0.0,0.0,1,Govt. Primary School Deol,Sangrur,Malerkotla,63,Secondary,English
SCH0260,2025-07,25.0,50.0,100.0,100.0,50.0,100.0,2,Govt. Primary School Deol,Sangrur,Malerkotla,63,Secondary,English
SCH0260,2025-09,60.0,100.0,100.0,0.0,0.0,0.0,1,Govt. Primary School Deol,Sangrur,Malerkotla,63,Secondary,English
SCH0260,2025-12,10.0,100.0,100.0,100.0,100.0,50.0,2,Govt. Primary School Deol,Sangrur,Malerkotla,63,Secondary,English
SCH0260,2026-01,50.0,66.66666666666666,100.0,33.33333333333333,0.0,33.33333333333333,3,Govt. Primary School Deol,Sangrur,Malerkotla,63,Secondary,English
SCH0261,2025-07,50.0,0.0,100.0,100.0,0.0,,1,Govt. Middle School Sen,Ludhiana,Ludhiana-II,340,Higher Secondary,Hindi
SCH0261,2025-09,40.0,100.0,100.0,100.0,0.0,0.0,1,Govt. Middle School Sen,Ludhiana,Ludhiana-II,340,Higher Secondary,Hindi
SCH0261,2025-10,40.0,100.0,0.0,100.0,100.0,0.0,1,Govt. Middle School Sen,Ludhiana,Ludhiana-II,340,Higher Secondary,Hindi
SCH0261,2026-01,32.5,100.0,50.0,100.0,100.0,0.0,2,Govt. Middle School Sen,Ludhiana,Ludhiana-II,340,Higher Secondary,Hindi
SCH0262,2025-04,20.0,100.0,100.0,100.0,0.0,100.0,1,Govt. Primary School Mital,Ferozepur,Makhu,236,Upper Primary,English
SCH0262,2025-12,25.0,100.0,0.0,100.0,100.0,,1,Govt. Primary School Mital,Ferozepur,Makhu,236,Upper Primary,English
SCH0262,2026-02,25.0,100.0,100.0,100.0,0.0,,1,Govt. Primary School Mital,Ferozepur,Makhu,236,Upper Primary,English
SCH0262,2026-03,40.0,50.0,100.0,50.0,50.0,50.0,2,Govt. Primary School Mital,Ferozepur,Makhu,236,Upper Primary,English
SCH0263,2025-08,26.25,75.0,75.0,100.0,25.0,100.0,4,Govt. Elementary School Oak,Ludhiana,Ludhiana-I,263,Primary,English
SCH0263,2025-09,0.0,100.0,100.0,,100.0,100.0,1,Govt. Elementary School Oak,Ludhiana,Ludhiana-I,263,Primary,English
SCH0263,2025-10,60.0,50.0,100.0,50.0,0.0,0.0,2,Govt. Elementary School Oak,Ludhiana,Ludhiana-I,263,Primary,English
SCH0263,2026-03,20.0,100.0,100.0,100.0,100.0,0.0,1,Govt. Elementary School Oak,Ludhiana,Ludhiana-I,263,Primary,English
SCH0263,2026-05,40.0,0.0,100.0,100.0,100.0,0.0,1,Govt. Elementary School Oak,Ludhiana,Ludhiana-I,263,Primary,English
SCH0264,2025-06,40.0,100.0,100.0,0.0,100.0,0.0,1,Govt. Elementary School Ghosh,Ludhiana,Doraha,441,Higher Secondary,Hindi
SCH0264,2025-09,10.0,100.0,100.0,100.0,100.0,50.0,2,Govt. Elementary School Ghosh,Ludhiana,Doraha,441,Higher Secondary,Hindi
SCH0264,2025-10,20.0,100.0,100.0,100.0,100.0,0.0,1,Govt. Elementary School Ghosh,Ludhiana,Doraha,441,Higher Secondary,Hindi
SCH0265,2025-04,30.0,50.0,100.0,50.0,50.0,100.0,2,Govt. Primary School Bhat,Ferozepur,Ferozepur,435,Upper Primary,Punjabi
SCH0265,2025-05,40.0,0.0,100.0,0.0,100.0,100.0,1,Govt. Primary School Bhat,Ferozepur,Ferozepur,435,Upper Primary,Punjabi
SCH0265,2025-06,20.0,100.0,100.0,100.0,0.0,100.0,1,Govt. Primary School Bhat,Ferozepur,Ferozepur,435,Upper Primary,Punjabi
SCH0265,2025-09,20.0,0.0,100.0,100.0,100.0,100.0,1,Govt. Primary School Bhat,Ferozepur,Ferozepur,435,Upper Primary,Punjabi
SCH0265,2025-10,20.0,100.0,100.0,100.0,0.0,100.0,1,Govt. Primary School Bhat,Ferozepur,Ferozepur,435,Upper Primary,Punjabi
SCH0265,2025-12,40.0,0.0,100.0,100.0,100.0,0.0,1,Govt. Primary School Bhat,Ferozepur,Ferozepur,435,Upper Primary,Punjabi
SCH0265,2026-01,80.0,0.0,100.0,0.0,0.0,0.0,1,Govt. Primary School Bhat,Ferozepur,Ferozepur,435,Upper Primary,Punjabi
SCH0265,2026-02,0.0,100.0,100.0,100.0,100.0,100.0,1,Govt. Primary School Bhat,Ferozepur,Ferozepur,435,Upper Primary,Punjabi
SCH0266,2025-04,20.0,100.0,100.0,100.0,100.0,0.0,1,Govt. Middle School Hora,Jalandhar,Phillaur,202,Primary,English
SCH0266,2025-05,80.0,0.0,0.0,100.0,0.0,0.0,1,Govt. Middle School Hora,Jalandhar,Phillaur,202,Primary,English
SCH0266,2025-12,20.0,100.0,100.0,100.0,100.0,0.0,1,Govt. Middle School Hora,Jalandhar,Phillaur,202,Primary,English
SCH0267,2025-05,0.0,100.0,100.0,,100.0,100.0,1,Govt. Elementary School Basak,Amritsar,Amritsar-II,84,Higher Secondary,Punjabi
SCH0267,2025-08,0.0,100.0,100.0,100.0,,100.0,1,Govt. Elementary School Basak,Amritsar,Amritsar-II,84,Higher Secondary,Punjabi
SCH0268,2025-05,20.0,100.0,100.0,100.0,100.0,0.0,1,Govt. Primary School Amble,Moga,Moga-I,345,Secondary,Punjabi
SCH0268,2025-06,60.0,0.0,100.0,100.0,0.0,0.0,1,Govt. Primary School Amble,Moga,Moga-I,345,Secondary,Punjabi
SCH0268,2025-12,25.0,50.0,50.0,100.0,100.0,100.0,2,Govt. Primary School Amble,Moga,Moga-I,345,Secondary,Punjabi
SCH0268,2026-01,50.0,100.0,,0.0,0.0,100.0,1,Govt. Primary School Amble,Moga,Moga-I,345,Secondary,Punjabi
SCH0268,2026-02,15.0,100.0,100.0,75.0,75.0,75.0,4,Govt. Primary School Amble,Moga,Moga-I,345,Secondary,Punjabi
SCH0268,2026-07,20.0,0.0,100.0,100.0,100.0,100.0,1,Govt. Primary School Amble,Moga,Moga-I,345,Secondary,Punjabi
SCH0269,2025-04,35.0,0.0,50.0,50.0,100.0,100.0,2,Govt. Middle School Narayanan,Amritsar,Amritsar-II,332,Higher Secondary,Punjabi
SCH0269,2025-07,60.0,0.0,100.0,100.0,0.0,0.0,1,Govt. Middle School Narayanan,Amritsar,Amritsar-II,332,Higher Secondary,Punjabi
SCH0269,2025-12,40.0,100.0,100.0,100.0,0.0,0.0,1,Govt. Middle School Narayanan,Amritsar,Amritsar-II,332,Higher Secondary,Punjabi
SCH0269,2026-01,50.0,,100.0,0.0,100.0,0.0,1,Govt. Middle School Narayanan,Amritsar,Amritsar-II,332,Higher Secondary,Punjabi
SCH0269,2026-02,20.0,100.0,100.0,100.0,100.0,0.0,1,Govt. Middle School Narayanan,Amritsar,Amritsar-II,332,Higher Secondary,Punjabi
SCH0270,2025-09,0.0,100.0,100.0,100.0,,100.0,1,Govt. Primary School Nadkarni,Jalandhar,Jalandhar-I,125,Higher Secondary,Hindi
SCH0270,2025-10,30.0,100.0,100.0,50.0,100.0,0.0,2,Govt. Primary School Nadkarni,Jalandhar,Jalandhar-I,125,Higher Secondary,Hindi
SCH0270,2025-12,0.0,100.0,100.0,100.0,100.0,100.0,1,Govt. Primary School Nadkarni,Jalandhar,Jalandhar-I,125,Higher Secondary,Hindi
SCH0270,2026-03,25.0,100.0,0.0,,100.0,100.0,1,Govt. Primary School Nadkarni,Jalandhar,Jalandhar-I,125,Higher Secondary,Hindi
SCH0271,2025-04,20.0,100.0,100.0,100.0,100.0,0.0,1,Govt. Elementary School Mohan,Sangrur,Sunam,274,Secondary,Hindi
SCH0271,2025-12,40.0,100.0,100.0,100.0,0.0,0.0,1,Govt. Elementary School Mohan,Sangrur,Sunam,274,Secondary,Hindi
SCH0271,2026-03,33.33333333333333,100.0,100.0,,,0.0,1,Govt. Elementary School Mohan,Sangrur,Sunam,274,Secondary,Hindi
SCH0272,2025-08,20.0,100.0,100.0,100.0,100.0,0.0,1,Govt. Senior Secondary School Sarin,Ferozepur,Makhu,265,Upper Primary,Hindi
SCH0272,2025-09,20.0,100.0,100.0,0.0,100.0,100.0,1,Govt. Senior Secondary School Sarin,Ferozepur,Makhu,265,Upper Primary,Hindi
SCH0273,2025-07,22.5,100.0,50.0,100.0,100.0,50.0,2,Govt. Senior Secondary School Parikh,Ferozepur,Makhu,189,Higher Secondary,English
SCH0273,2025-08,20.0,0.0,100.0,100.0,100.0,100.0,1,Govt. Senior Secondary School Parikh,Ferozepur,Makhu,189,Higher Secondary,English
SCH0273,2025-10,40.0,100.0,100.0,100.0,0.0,0.0,1,Govt. Senior Secondary School Parikh,Ferozepur,Makhu,189,Higher Secondary,English
SCH0273,2025-11,0.0,100.0,,100.0,100.0,100.0,1,Govt. Senior Secondary School Parikh,Ferozepur,Makhu,189,Higher Secondary,English
SCH0273,2025-12,25.0,100.0,100.0,100.0,,0.0,1,Govt. Senior Secondary School Parikh,Ferozepur,Makhu,189,Higher Secondary,English
SCH0274,2025-07,60.0,0.0,100.0,100.0,0.0,0.0,1,Govt. Senior Secondary School Raval,Ferozepur,Makhu,98,Upper Primary,Hindi
SCH0274,2025-08,60.0,100.0,0.0,100.0,0.0,0.0,1,Govt. Senior Secondary School Raval,Ferozepur,Makhu,98,Upper Primary,Hindi
SCH0274,2025-12,40.0,100.0,100.0,100.0,0.0,0.0,1,Govt. Senior Secondary School Raval,Ferozepur,Makhu,98,Upper Primary,Hindi
SCH0274,2026-03,25.0,,100.0,100.0,0.0,100.0,1,Govt. Senior Secondary School Raval,Ferozepur,Makhu,98,Upper Primary,Hindi
SCH0275,2025-10,25.0,100.0,100.0,,0.0,100.0,1,Govt. Primary School Chandran,Ludhiana,Machhiwara,402,Secondary,Punjabi
SCH0275,2026-03,50.0,0.0,100.0,100.0,,0.0,1,Govt. Primary School Chandran,Ludhiana,Machhiwara,402,Secondary,Punjabi
SCH0276,2025-01,40.0,100.0,100.0,0.0,0.0,100.0,1,Govt. Elementary School Naik,Sangrur,Sunam,364,Secondary,Punjabi
SCH0276,2025-05,22.5,100.0,75.0,75.0,66.66666666666666,75.0,4,Govt. Elementary School Naik,Sangrur,Sunam,364,Secondary,Punjabi
SCH0276,2025-06,40.0,100.0,100.0,100.0,0.0,0.0,1,Govt. Elementary School Naik,Sangrur,Sunam,364,Secondary,Punjabi
SCH0276,2025-08,20.0,100.0,100.0,100.0,0.0,100.0,1,Govt. Elementary School Naik,Sangrur,Sunam,364,Secondary,Punjabi
SCH0276,2025-10,25.0,100.0,100.0,100.0,,0.0,1,Govt. Elementary School Naik,Sangrur,Sunam,364,Secondary,Punjabi
SCH0276,2026-02,20.0,100.0,100.0,100.0,0.0,100.0,1,Govt. Elementary School Naik,Sangrur,Sunam,364,Secondary,Punjabi
SCH0276,2026-03,20.0,100.0,100.0,100.0,100.0,0.0,1,Govt. Elementary School Naik,Sangrur,Sunam,364,Secondary,Punjabi
SCH0277,2025-04,40.0,0.0,100.0,100.0,100.0,0.0,1,Govt. Middle School Nagi,Sangrur,Dhuri,338,Higher Secondary,Hindi
SCH0277,2025-07,20.0,100.0,100.0,100.0,100.0,0.0,1,Govt. Middle School Nagi,Sangrur,Dhuri,338,Higher Secondary,Hindi
SCH0277,2025-11,20.0,0.0,100.0,100.0,100.0,100.0,1,Govt. Middle School Nagi,Sangrur,Dhuri,338,Higher Secondary,Hindi
SCH0278,2025-04,0.0,100.0,100.0,100.0,100.0,100.0,1,Govt. Primary School Kamdar,Amritsar,Amritsar-I,433,Secondary,Punjabi
SCH0278,2025-07,30.0,100.0,100.0,50.0,100.0,0.0,2,Govt. Primary School Kamdar,Amritsar,Amritsar-I,433,Secondary,Punjabi
SCH0278,2025-08,60.0,100.0,100.0,0.0,0.0,0.0,1,Govt. Primary School Kamdar,Amritsar,Amritsar-I,433,Secondary,Punjabi
SCH0278,2025-12,40.0,0.0,100.0,0.0,100.0,100.0,1,Govt. Primary School Kamdar,Amritsar,Amritsar-I,433,Secondary,Punjabi
SCH0278,2026-03,20.0,100.0,100.0,100.0,100.0,0.0,1,Govt. Primary School Kamdar,Amritsar,Amritsar-I,433,Secondary,Punjabi
SCH0279,2025-05,0.0,100.0,100.0,100.0,100.0,100.0,1,Govt. Senior Secondary School Narayan,Unknown,Nihal Singh Wala,94,Secondary,Punjabi
SCH0279,2025-06,40.0,100.0,0.0,100.0,0.0,100.0,1,Govt. Senior Secondary School Narayan,Unknown,Nihal Singh Wala,94,Secondary,Punjabi
SCH0279,2025-12,20.0,100.0,100.0,100.0,50.0,50.0,2,Govt. Senior Secondary School Narayan,Unknown,Nihal Singh Wala,94,Secondary,Punjabi
SCH0279,2026-02,26.666666666666664,100.0,100.0,100.0,100.0,0.0,2,Govt. Senior Secondary School Narayan,Unknown,Nihal Singh Wala,94,Secondary,Punjabi
SCH0279,2026-03,40.0,0.0,100.0,0.0,100.0,100.0,1,Govt. Senior Secondary School Narayan,Unknown,Nihal Singh Wala,94,Secondary,Punjabi
SCH0280,2025-04,0.0,100.0,100.0,100.0,100.0,100.0,1,Govt. Elementary School Modi,Sangrur,Sunam,216,Higher Secondary,Punjabi
SCH0280,2025-05,0.0,100.0,100.0,100.0,100.0,100.0,1,Govt. Elementary School Modi,Sangrur,Sunam,216,Higher Secondary,Punjabi
SCH0280,2025-06,20.0,100.0,100.0,100.0,0.0,100.0,1,Govt. Elementary School Modi,Sangrur,Sunam,216,Higher Secondary,Punjabi
SCH0280,2025-11,20.0,100.0,100.0,100.0,100.0,0.0,1,Govt. Elementary School Modi,Sangrur,Sunam,216,Higher Secondary,Punjabi
SCH0280,2026-01,20.0,100.0,100.0,100.0,100.0,0.0,1,Govt. Elementary School Modi,Sangrur,Sunam,216,Higher Secondary,Punjabi
SCH0280,2026-02,40.0,0.0,100.0,100.0,100.0,0.0,1,Govt. Elementary School Modi,Sangrur,Sunam,216,Higher Secondary,Punjabi
SCH0280,2026-03,0.0,100.0,,100.0,100.0,,1,Govt. Elementary School Modi,Sangrur,Sunam,216,Higher Secondary,Punjabi
SCH0281,2025-05,0.0,100.0,100.0,,,100.0,1,Govt. Elementary School Agarwal,Amritsar,Amritsar-II,218,Higher Secondary,Punjabi
SCH0281,2025-11,20.0,100.0,100.0,100.0,100.0,0.0,1,Govt. Elementary School Agarwal,Amritsar,Amritsar-II,218,Higher Secondary,Punjabi
SCH0281,2025-12,40.0,100.0,100.0,0.0,0.0,100.0,1,Govt. Elementary School Agarwal,Amritsar,Amritsar-II,218,Higher Secondary,Punjabi
SCH0281,2026-03,20.0,100.0,100.0,50.0,50.0,100.0,2,Govt. Elementary School Agarwal,Amritsar,Amritsar-II,218,Higher Secondary,Punjabi
SCH0282,2025-05,0.0,100.0,100.0,100.0,100.0,100.0,1,Govt. Primary School Palan,Sangrur,Unknown,203,Primary,English
SCH0282,2025-06,20.0,50.0,100.0,100.0,100.0,50.0,2,Govt. Primary School Palan,Sangrur,Unknown,203,Primary,English
SCH0282,2025-10,40.0,100.0,0.0,0.0,100.0,100.0,1,Govt. Primary School Palan,Sangrur,Unknown,203,Primary,English
SCH0282,2025-11,35.0,50.0,50.0,100.0,0.0,100.0,2,Govt. Primary School Palan,Sangrur,Unknown,203,Primary,English
SCH0282,2026-01,0.0,100.0,100.0,100.0,,100.0,1,Govt. Primary School Palan,Sangrur,Unknown,203,Primary,English
SCH0283,2025-07,20.0,100.0,100.0,100.0,100.0,0.0,1,Govt. Middle School Reddy,Amritsar,Amritsar-II,419,Upper Primary,Punjabi
SCH0283,2025-09,50.0,,0.0,100.0,100.0,0.0,1,Govt. Middle School Reddy,Amritsar,Amritsar-II,419,Upper Primary,Punjabi
SCH0283,2025-11,20.0,100.0,0.0,100.0,100.0,100.0,1,Govt. Middle School Reddy,Amritsar,Amritsar-II,419,Upper Primary,Punjabi
SCH0283,2026-01,30.0,50.0,50.0,100.0,50.0,100.0,2,Govt. Middle School Reddy,Amritsar,Amritsar-II,419,Upper Primary,Punjabi
SCH0284,2025-05,40.0,100.0,100.0,100.0,0.0,0.0,1,Govt. Senior Secondary School Prakash,Patiala,Rajpura,362,Higher Secondary,Punjabi
SCH0284,2025-07,20.0,100.0,100.0,100.0,0.0,100.0,1,Govt. Senior Secondary School Prakash,Patiala,Rajpura,362,Higher Secondary,Punjabi
SCH0284,2025-10,20.0,100.0,100.0,100.0,100.0,0.0,1,Govt. Senior Secondary School Prakash,Patiala,Rajpura,362,Higher Secondary,Punjabi
SCH0284,2026-03,0.0,100.0,,100.0,100.0,100.0,1,Govt. Senior Secondary School Prakash,Patiala,Rajpura,362,Higher Secondary,Punjabi
SCH0285,2025-07,25.0,100.0,100.0,100.0,0.0,,1,Govt. Primary School Chaudhry,Ferozepur,Ferozepur,400,Secondary,Hindi
SCH0285,2025-09,60.0,50.0,100.0,0.0,50.0,0.0,2,Govt. Primary School Chaudhry,Ferozepur,Ferozepur,400,Secondary,Hindi
SCH0285,2025-12,0.0,100.0,,100.0,100.0,100.0,1,Govt. Primary School Chaudhry,Ferozepur,Ferozepur,400,Secondary,Hindi
SCH0286,2025-09,0.0,,100.0,100.0,100.0,100.0,1,Govt. Elementary School Badal,Jalandhar,Nakodar,206,Primary,English
SCH0286,2026-01,30.0,50.0,100.0,50.0,50.0,100.0,2,Govt. Elementary School Badal,Jalandhar,Nakodar,206,Primary,English
SCH0286,2026-02,20.0,100.0,100.0,100.0,100.0,0.0,1,Govt. Elementary School Badal,Jalandhar,Nakodar,206,Primary,English
SCH0286,2026-03,20.0,100.0,100.0,100.0,100.0,0.0,1,Govt. Elementary School Badal,Jalandhar,Nakodar,206,Primary,English
SCH0287,2025-02,0.0,100.0,100.0,100.0,100.0,100.0,1,Govt. Senior Secondary School Bhavsar,Ferozepur,Mamdot,340,Secondary,English
SCH0287,2025-04,40.0,100.0,100.0,100.0,0.0,0.0,1,Govt. Senior Secondary School Bhavsar,Ferozepur,Mamdot,340,Secondary,English
SCH0287,2025-08,0.0,100.0,100.0,100.0,,100.0,1,Govt. Senior Secondary School Bhavsar,Ferozepur,Mamdot,340,Secondary,English
SCH0287,2025-10,66.66666666666666,100.0,0.0,,0.0,,1,Govt. Senior Secondary School Bhavsar,Ferozepur,Mamdot,340,Secondary,English
SCH0287,2025-12,20.0,100.0,100.0,100.0,0.0,100.0,1,Govt. Senior Secondary School Bhavsar,Ferozepur,Mamdot,340,Secondary,English
SCH0287,2026-01,0.0,,100.0,100.0,100.0,100.0,1,Govt. Senior Secondary School Bhavsar,Ferozepur,Mamdot,340,Secondary,English
SCH0287,2026-02,40.0,0.0,100.0,0.0,100.0,100.0,1,Govt. Senior Secondary School Bhavsar,Ferozepur,Mamdot,340,Secondary,English
SCH0287,2026-04,20.0,0.0,100.0,100.0,100.0,100.0,1,Govt. Senior Secondary School Bhavsar,Ferozepur,Mamdot,340,Secondary,English
SCH0288,2025-04,75.0,,0.0,100.0,0.0,0.0,1,Govt. Middle School Goyal,Amritsar,Amritsar-II,200,Secondary,Hindi
SCH0288,2025-07,0.0,100.0,100.0,,,100.0,1,Govt. Middle School Goyal,Amritsar,Amritsar-II,200,Secondary,Hindi
SCH0288,2025-09,45.0,50.0,50.0,100.0,50.0,50.0,2,Govt. Middle School Goyal,Amritsar,Amritsar-II,200,Secondary,Hindi
SCH0288,2026-02,25.0,100.0,,100.0,0.0,100.0,1,Govt. Middle School Goyal,Amritsar,Amritsar-II,200,Secondary,Hindi
SCH0288,2026-03,40.0,0.0,100.0,100.0,0.0,100.0,1,Govt. Middle School Goyal,Amritsar,Amritsar-II,200,Secondary,Hindi
SCH0289,2025-05,50.0,100.0,0.0,100.0,0.0,,1,Govt. Elementary School Mohanty,Ferozepur,Mamdot,345,Higher Secondary,Hindi
SCH0289,2025-10,25.0,,100.0,100.0,100.0,0.0,1,Govt. Elementary School Mohanty,Ferozepur,Mamdot,345,Higher Secondary,Hindi
SCH0289,2026-02,60.0,0.0,100.0,0.0,100.0,0.0,1,Govt. Elementary School Mohanty,Ferozepur,Mamdot,345,Higher Secondary,Hindi
SCH0290,2025-08,20.0,100.0,0.0,100.0,100.0,100.0,1,Govt. Primary School Mander,Jalandhar,Phillaur,187,Secondary,Punjabi
SCH0290,2025-09,50.0,50.0,100.0,0.0,50.0,50.0,2,Govt. Primary School Mander,Jalandhar,Phillaur,187,Secondary,Punjabi
SCH0290,2025-11,40.0,0.0,100.0,100.0,100.0,0.0,1,Govt. Primary School Mander,Jalandhar,Phillaur,187,Secondary,Punjabi
SCH0290,2026-02,20.0,0.0,100.0,100.0,100.0,100.0,1,Govt. Primary School Mander,Jalandhar,Phillaur,187,Secondary,Punjabi
SCH0291,2025-06,50.0,100.0,100.0,0.0,50.0,0.0,2,Govt. Elementary School Seth,Sangrur,Sunam,139,Higher Secondary,Punjabi
SCH0291,2025-10,40.0,100.0,0.0,100.0,0.0,100.0,1,Govt. Elementary School Seth,Sangrur,Sunam,139,Higher Secondary,Punjabi
SCH0291,2026-03,20.0,100.0,50.0,100.0,100.0,50.0,2,Govt. Elementary School Seth,Sangrur,Sunam,139,Higher Secondary,Punjabi
SCH0292,2025-04,40.0,100.0,100.0,0.0,100.0,0.0,1,Govt. Middle School Deo,Sangrur,Sunam,82,Upper Primary,English
SCH0292,2025-07,40.0,100.0,100.0,100.0,0.0,0.0,1,Govt. Middle School Deo,Sangrur,Sunam,82,Upper Primary,English
SCH0292,2025-10,40.0,100.0,0.0,100.0,0.0,100.0,1,Govt. Middle School Deo,Sangrur,Sunam,82,Upper Primary,English
SCH0292,2025-11,40.0,100.0,0.0,100.0,0.0,100.0,1,Govt. Middle School Deo,Sangrur,Sunam,82,Upper Primary,English
SCH0292,2026-01,20.0,0.0,100.0,100.0,100.0,100.0,1,Govt. Middle School Deo,Sangrur,Sunam,82,Upper Primary,English
SCH0293,2025-04,20.0,100.0,100.0,100.0,100.0,0.0,1,Govt. Primary School Wadhwa,Jalandhar,Phillaur,329,Higher Secondary,English
SCH0293,2025-08,50.0,,0.0,100.0,100.0,0.0,1,Govt. Primary School Wadhwa,Jalandhar,Phillaur,329,Higher Secondary,English
SCH0293,2025-09,0.0,100.0,100.0,100.0,100.0,100.0,1,Govt. Primary School Wadhwa,Jalandhar,Phillaur,329,Higher Secondary,English
SCH0293,2025-10,25.0,100.0,100.0,100.0,0.0,,1,Govt. Primary School Wadhwa,Jalandhar,Phillaur,329,Higher Secondary,English
SCH0293,2026-03,40.0,0.0,100.0,100.0,100.0,0.0,1,Govt. Primary School Wadhwa,Jalandhar,Phillaur,329,Higher Secondary,English
SCH0294,2025-04,40.0,100.0,100.0,0.0,100.0,0.0,1,Govt. Primary School Arora,Moga,Moga-I,429,Upper Primary,Hindi
SCH0294,2025-09,0.0,100.0,100.0,100.0,100.0,,1,Govt. Primary School Arora,Moga,Moga-I,429,Upper Primary,Hindi
SCH0294,2025-10,40.0,100.0,100.0,100.0,0.0,0.0,1,Govt. Primary School Arora,Moga,Moga-I,429,Upper Primary,Hindi
SCH0294,2025-12,22.5,100.0,100.0,100.0,50.0,50.0,2,Govt. Primary School Arora,Moga,Moga-I,429,Upper Primary,Hindi
SCH0294,2026-02,0.0,100.0,100.0,100.0,100.0,100.0,1,Govt. Primary School Arora,Moga,Moga-I,429,Upper Primary,Hindi
SCH0294,2026-03,0.0,100.0,100.0,100.0,100.0,100.0,1,Govt. Primary School Arora,Moga,Moga-I,429,Upper Primary,Hindi
SCH0295,2025-06,25.0,100.0,0.0,100.0,,100.0,1,Govt. Primary School Sule,Bathinda,Bathinda,270,Primary,Hindi
SCH0295,2025-09,20.0,100.0,100.0,100.0,0.0,100.0,1,Govt. Primary School Sule,Bathinda,Bathinda,270,Primary,Hindi
SCH0295,2025-10,26.666666666666668,100.0,66.66666666666666,100.0,33.33333333333333,66.66666666666666,3,Govt. Primary School Sule,Bathinda,Bathinda,270,Primary,Hindi
SCH0296,2025-04,60.0,0.0,100.0,0.0,100.0,0.0,1,Govt. Senior Secondary School Dash,Patiala,Samana,403,Higher Secondary,Hindi
SCH0296,2025-07,40.0,0.0,100.0,100.0,0.0,100.0,1,Govt. Senior Secondary School Dash,Patiala,Samana,403,Higher Secondary,Hindi
SCH0296,2025-12,60.0,0.0,100.0,0.0,100.0,0.0,1,Govt. Senior Secondary School Dash,Patiala,Samana,403,Higher Secondary,Hindi
SCH0297,2025-06,0.0,100.0,100.0,100.0,100.0,100.0,1,Govt. Middle School Narayanan,Ludhiana,Doraha,312,Upper Primary,English
SCH0297,2025-07,20.0,100.0,100.0,100.0,0.0,100.0,1,Govt. Middle School Narayanan,Ludhiana,Doraha,312,Upper Primary,English
SCH0297,2025-09,30.0,50.0,50.0,100.0,100.0,50.0,2,Govt. Middle School Narayanan,Ludhiana,Doraha,312,Upper Primary,English
SCH0297,2025-12,40.0,100.0,50.0,100.0,50.0,0.0,2,Govt. Middle School Narayanan,Ludhiana,Doraha,312,Upper Primary,English
SCH0298,2025-06,22.5,100.0,100.0,100.0,100.0,0.0,2,Govt. Senior Secondary School Sibal,Amritsar,Amritsar-II,424,Primary,Hindi
SCH0298,2026-02,50.0,0.0,100.0,100.0,,0.0,1,Govt. Senior Secondary School Sibal,Amritsar,Amritsar-II,424,Primary,Hindi
SCH0298,2026-03,20.0,100.0,100.0,100.0,0.0,100.0,1,Govt. Senior Secondary School Sibal,Amritsar,Amritsar-II,424,Primary,Hindi
SCH0299,2025-04,60.0,100.0,0.0,0.0,100.0,0.0,1,Govt. Elementary School Sane,Patiala,Nabha,404,Upper Primary,Hindi
SCH0299,2025-08,20.0,100.0,100.0,100.0,100.0,0.0,1,Govt. Elementary School Sane,Patiala,Nabha,404,Upper Primary,Hindi
SCH0300,2025-04,40.0,100.0,100.0,100.0,0.0,0.0,1,Govt. Middle School Chaudhary,Bathinda,Talwandi Sabo,232,Primary,English
SCH0300,2025-12,0.0,100.0,100.0,100.0,100.0,100.0,1,Govt. Middle School Chaudhary,Bathinda,Talwandi Sabo,232,Primary,English
SCH0300,2026-01,22.5,100.0,50.0,50.0,100.0,100.0,2,Govt. Middle School Chaudhary,Bathinda,Talwandi Sabo,232,Primary,English
SCH0300,2026-03,20.0,100.0,100.0,100.0,100.0,0.0,1,Govt. Middle School Chaudhary,Bathinda,Talwandi Sabo,232,Primary,English
SCH0301,2025-01,25.0,100.0,100.0,,100.0,0.0,1,Govt. Elementary School Loke,Sangrur,Dhuri,207,Primary,English
SCH0301,2025-06,20.0,0.0,100.0,100.0,100.0,100.0,1,Govt. Elementary School Loke,Sangrur,Dhuri,207,Primary,English
SCH0301,2025-07,20.0,100.0,100.0,100.0,0.0,100.0,1,Govt. Elementary School Loke,Sangrur,Dhuri,207,Primary,English
SCH0301,2025-08,20.0,100.0,100.0,100.0,0.0,100.0,1,Govt. Elementary School Loke,Sangrur,Dhuri,207,Primary,English
SCH0301,2026-01,40.0,0.0,100.0,100.0,100.0,0.0,1,Govt. Elementary School Loke,Sangrur,Dhuri,207,Primary,English
SCH0301,2026-02,33.33333333333333,100.0,,0.0,100.0,,1,Govt. Elementary School Loke,Sangrur,Dhuri,207,Primary,English
SCH0302,2025-03,60.0,0.0,100.0,0.0,100.0,0.0,1,Govt. Middle School Sama,Amritsar,Tarn Taran,151,Upper Primary,English
SCH0302,2025-04,50.0,,100.0,100.0,0.0,0.0,1,Govt. Middle School Sama,Amritsar,Tarn Taran,151,Upper Primary,English
SCH0302,2025-05,20.0,100.0,100.0,100.0,100.0,0.0,1,Govt. Middle School Sama,Amritsar,Tarn Taran,151,Upper Primary,English
SCH0302,2025-06,6.666666666666667,50.0,100.0,100.0,100.0,100.0,3,Govt. Middle School Sama,Amritsar,Tarn Taran,151,Upper Primary,English
SCH0302,2025-07,40.0,100.0,100.0,100.0,0.0,0.0,1,Govt. Middle School Sama,Amritsar,Tarn Taran,151,Upper Primary,English
SCH0302,2025-10,0.0,100.0,100.0,100.0,100.0,100.0,1,Govt. Middle School Sama,Amritsar,Tarn Taran,151,Upper Primary,English
SCH0302,2025-11,20.0,100.0,100.0,100.0,100.0,0.0,1,Govt. Middle School Sama,Amritsar,Tarn Taran,151,Upper Primary,English
SCH0302,2026-01,0.0,100.0,100.0,100.0,100.0,100.0,1,Govt. Middle School Sama,Amritsar,Tarn Taran,151,Upper Primary,English
SCH0302,2026-02,0.0,100.0,100.0,100.0,100.0,100.0,1,Govt. Middle School Sama,Amritsar,Tarn Taran,151,Upper Primary,English
SCH0303,2025-06,35.0,100.0,100.0,100.0,50.0,0.0,2,Govt. Elementary School Bava,Jalandhar,Unknown,443,Primary,Hindi
SCH0303,2025-12,20.0,0.0,100.0,100.0,100.0,100.0,1,Govt. Elementary School Bava,Jalandhar,Unknown,443,Primary,Hindi
SCH0303,2026-01,60.0,100.0,100.0,0.0,0.0,0.0,1,Govt. Elementary School Bava,Jalandhar,Unknown,443,Primary,Hindi
SCH0303,2026-02,40.0,100.0,50.0,100.0,0.0,50.0,2,Govt. Elementary School Bava,Jalandhar,Unknown,443,Primary,Hindi
SCH0304,2025-04,60.0,0.0,100.0,0.0,0.0,100.0,1,Govt. Senior Secondary School Dubey,Sangrur,Dhuri,40,Higher Secondary,English
SCH0304,2025-10,80.0,0.0,100.0,0.0,0.0,0.0,1,Govt. Senior Secondary School Dubey,Sangrur,Dhuri,40,Higher Secondary,English
SCH0304,2026-02,80.0,0.0,100.0,0.0,0.0,0.0,1,Govt. Senior Secondary School Dubey,Sangrur,Dhuri,40,Higher Secondary,English
SCH0304,2026-03,40.0,100.0,100.0,100.0,0.0,0.0,1,Govt. Senior Secondary School Dubey,Sangrur,Dhuri,40,Higher Secondary,English
SCH0305,2025-08,30.0,100.0,100.0,50.0,100.0,0.0,2,Govt. Senior Secondary School Mane,Jalandhar,Unknown,87,Secondary,English
SCH0305,2025-09,30.0,100.0,50.0,100.0,100.0,0.0,2,Govt. Senior Secondary School Mane,Jalandhar,Unknown,87,Secondary,English
SCH0305,2026-10,40.0,0.0,0.0,100.0,100.0,100.0,1,Govt. Senior Secondary School Mane,Jalandhar,Unknown,87,Secondary,English
SCH0306,2025-01,60.0,0.0,100.0,100.0,0.0,0.0,1,Govt. Elementary School Bhardwaj,Patiala,Unknown,375,Primary,Hindi
SCH0306,2025-05,20.0,100.0,100.0,100.0,0.0,100.0,1,Govt. Elementary School Bhardwaj,Patiala,Unknown,375,Primary,Hindi
SCH0306,2025-06,20.0,100.0,100.0,100.0,100.0,0.0,1,Govt. Elementary School Bhardwaj,Patiala,Unknown,375,Primary,Hindi
SCH0306,2025-11,40.0,100.0,0.0,0.0,100.0,100.0,1,Govt. Elementary School Bhardwaj,Patiala,Unknown,375,Primary,Hindi
SCH0306,2025-12,50.0,50.0,100.0,50.0,0.0,50.0,2,Govt. Elementary School Bhardwaj,Patiala,Unknown,375,Primary,Hindi
SCH0307,2025-02,25.0,100.0,100.0,100.0,0.0,,1,Govt. Elementary School Wali,Unknown,Rajpura,44,Secondary,Punjabi
SCH0307,2025-05,0.0,100.0,100.0,100.0,100.0,100.0,1,Govt. Elementary School Wali,Unknown,Rajpura,44,Secondary,Punjabi
SCH0307,2025-08,40.0,100.0,100.0,100.0,0.0,0.0,1,Govt. Elementary School Wali,Unknown,Rajpura,44,Secondary,Punjabi
SCH0307,2025-12,20.0,100.0,100.0,0.0,100.0,100.0,1,Govt. Elementary School Wali,Unknown,Rajpura,44,Secondary,Punjabi
SCH0307,2026-01,40.0,100.0,100.0,100.0,0.0,0.0,1,Govt. Elementary School Wali,Unknown,Rajpura,44,Secondary,Punjabi
SCH0307,2026-03,20.0,100.0,100.0,100.0,0.0,100.0,1,Govt. Elementary School Wali,Unknown,Rajpura,44,Secondary,Punjabi
SCH0308,2025-08,0.0,100.0,100.0,100.0,100.0,100.0,1,Govt. Middle School Butala,Amritsar,Amritsar-II,236,Primary,Hindi
SCH0308,2025-12,75.0,0.0,0.0,,0.0,100.0,1,Govt. Middle School Butala,Amritsar,Amritsar-II,236,Primary,Hindi
SCH0308,2026-10,20.0,100.0,100.0,100.0,0.0,100.0,1,Govt. Middle School Butala,Amritsar,Amritsar-II,236,Primary,Hindi
SCH0309,2025-07,32.5,50.0,50.0,100.0,0.0,100.0,2,Govt. Primary School Garde,Ferozepur,Zira,368,Upper Primary,Hindi
SCH0309,2025-09,50.0,100.0,,100.0,0.0,0.0,1,Govt. Primary School Garde,Ferozepur,Zira,368,Upper Primary,Hindi
SCH0309,2026-10,20.0,100.0,100.0,100.0,100.0,0.0,1,Govt. Primary School Garde,Ferozepur,Zira,368,Upper Primary,Hindi
SCH0310,2025-07,20.0,100.0,100.0,100.0,0.0,100.0,1,Govt. Elementary School Nair,Sangrur,Malerkotla,409,Upper Primary,Punjabi
SCH0310,2025-08,25.0,,100.0,100.0,0.0,100.0,1,Govt. Elementary School Nair,Sangrur,Malerkotla,409,Upper Primary,Punjabi
SCH0310,2025-09,0.0,100.0,100.0,,100.0,100.0,1,Govt. Elementary School Nair,Sangrur,Malerkotla,409,Upper Primary,Punjabi
SCH0310,2025-10,60.0,50.0,100.0,50.0,0.0,0.0,2,Govt. Elementary School Nair,Sangrur,Malerkotla,409,Upper Primary,Punjabi
SCH0311,2025-05,0.0,100.0,100.0,100.0,100.0,100.0,1,Govt. Elementary School Sarkar,Amritsar,Amritsar-II,425,Higher Secondary,Hindi
SCH0311,2025-08,20.0,100.0,100.0,0.0,100.0,100.0,1,Govt. Elementary School Sarkar,Amritsar,Amritsar-II,425,Higher Secondary,Hindi
SCH0311,2025-09,26.666666666666664,100.0,100.0,100.0,100.0,0.0,2,Govt. Elementary School Sarkar,Amritsar,Amritsar-II,425,Higher Secondary,Hindi
SCH0311,2025-10,20.0,50.0,100.0,50.0,100.0,100.0,2,Govt. Elementary School Sarkar,Amritsar,Amritsar-II,425,Higher Secondary,Hindi
SCH0311,2026-01,20.0,100.0,100.0,100.0,100.0,0.0,1,Govt. Elementary School Sarkar,Amritsar,Amritsar-II,425,Higher Secondary,Hindi
SCH0312,2025-04,40.0,0.0,100.0,100.0,100.0,0.0,1,Govt. Primary School Sagar,Patiala,Samana,370,Secondary,English
SCH0312,2025-05,40.0,100.0,0.0,100.0,0.0,100.0,1,Govt. Primary School Sagar,Patiala,Samana,370,Secondary,English
SCH0312,2025-09,40.0,100.0,100.0,100.0,0.0,0.0,1,Govt. Primary School Sagar,Patiala,Samana,370,Secondary,English
SCH0312,2025-11,25.0,100.0,100.0,100.0,,0.0,1,Govt. Primary School Sagar,Patiala,Samana,370,Secondary,English
SCH0312,2025-12,75.0,0.0,100.0,0.0,,0.0,1,Govt. Primary School Sagar,Patiala,Samana,370,Secondary,English
SCH0312,2026-03,25.0,100.0,100.0,100.0,0.0,,1,Govt. Primary School Sagar,Patiala,Samana,370,Secondary,English
SCH0313,2025-04,0.0,100.0,,100.0,100.0,,1,Govt. Senior Secondary School Behl,Patiala,Nabha,422,Primary,Punjabi
SCH0313,2026-02,60.0,0.0,0.0,0.0,100.0,100.0,1,Govt. Senior Secondary School Behl,Patiala,Nabha,422,Primary,Punjabi
SCH0314,2025-04,60.0,0.0,100.0,100.0,0.0,0.0,1,Govt. Middle School Kakar,Patiala,Rajpura,366,Primary,Hindi
SCH0314,2025-06,40.0,100.0,0.0,100.0,100.0,0.0,1,Govt. Middle School Kakar,Patiala,Rajpura,366,Primary,Hindi
SCH0314,2026-02,20.0,33.33333333333333,100.0,66.66666666666666,100.0,100.0,3,Govt. Middle School Kakar,Patiala,Rajpura,366,Primary,Hindi
SCH0315,2025-05,20.0,100.0,100.0,100.0,100.0,0.0,1,Govt. Primary School Chakraborty,Ferozepur,Unknown,319,Higher Secondary,Punjabi
SCH0315,2025-06,20.0,100.0,100.0,100.0,100.0,0.0,2,Govt. Primary School Chakraborty,Ferozepur,Unknown,319,Higher Secondary,Punjabi
SCH0315,2025-07,0.0,100.0,100.0,100.0,100.0,100.0,1,Govt. Primary School Chakraborty,Ferozepur,Unknown,319,Higher Secondary,Punjabi
SCH0315,2026-01,20.0,100.0,100.0,100.0,0.0,100.0,1,Govt. Primary School Chakraborty,Ferozepur,Unknown,319,Higher Secondary,Punjabi
SCH0316,2025-01,40.0,100.0,100.0,100.0,0.0,0.0,1,Govt. Elementary School Dhingra,Unknown,Doraha,150,Primary,Hindi
SCH0316,2025-07,30.0,50.0,50.0,100.0,100.0,50.0,2,Govt. Elementary School Dhingra,Unknown,Doraha,150,Primary,Hindi
SCH0316,2025-10,40.0,100.0,100.0,100.0,0.0,0.0,1,Govt. Elementary School Dhingra,Unknown,Doraha,150,Primary,Hindi
SCH0316,2025-11,20.0,100.0,0.0,100.0,100.0,100.0,1,Govt. Elementary School Dhingra,Unknown,Doraha,150,Primary,Hindi
SCH0317,2025-05,40.0,100.0,100.0,100.0,0.0,0.0,1,Govt. Middle School Purohit,Ferozepur,Unknown,399,Upper Primary,Hindi
SCH0317,2025-10,50.0,100.0,50.0,50.0,50.0,0.0,2,Govt. Middle School Purohit,Ferozepur,Unknown,399,Upper Primary,Hindi
SCH0317,2025-12,32.5,100.0,100.0,50.0,100.0,0.0,2,Govt. Middle School Purohit,Ferozepur,Unknown,399,Upper Primary,Hindi
SCH0318,2025-04,25.0,100.0,,0.0,100.0,100.0,1,Govt. Elementary School Rout,Jalandhar,Nakodar,240,Primary,Hindi
SCH0318,2025-05,20.0,100.0,100.0,100.0,100.0,0.0,1,Govt. Elementary School Rout,Jalandhar,Nakodar,240,Primary,Hindi
SCH0318,2025-09,60.0,100.0,100.0,0.0,0.0,0.0,1,Govt. Elementary School Rout,Jalandhar,Nakodar,240,Primary,Hindi
SCH0318,2025-10,40.0,0.0,100.0,100.0,100.0,0.0,1,Govt. Elementary School Rout,Jalandhar,Nakodar,240,Primary,Hindi
SCH0318,2026-02,12.5,100.0,100.0,100.0,100.0,50.0,2,Govt. Elementary School Rout,Jalandhar,Nakodar,240,Primary,Hindi
SCH0319,2025-05,20.0,100.0,100.0,100.0,0.0,100.0,1,Govt. Primary School Bassi,Ludhiana,Ludhiana-II,84,Primary,Hindi
SCH0319,2025-07,0.0,100.0,100.0,100.0,100.0,,1,Govt. Primary School Bassi,Ludhiana,Ludhiana-II,84,Primary,Hindi
SCH0319,2025-08,20.0,0.0,100.0,100.0,100.0,100.0,1,Govt. Primary School Bassi,Ludhiana,Ludhiana-II,84,Primary,Hindi
SCH0319,2025-12,0.0,,100.0,100.0,100.0,100.0,1,Govt. Primary School Bassi,Ludhiana,Ludhiana-II,84,Primary,Hindi
SCH0319,2026-03,20.0,100.0,100.0,100.0,100.0,0.0,1,Govt. Primary School Bassi,Ludhiana,Ludhiana-II,84,Primary,Hindi
SCH0320,2025-07,30.0,50.0,50.0,100.0,100.0,50.0,2,Govt. Middle School Dave,Amritsar,Amritsar-I,402,Primary,English
SCH0320,2025-11,50.0,100.0,100.0,,0.0,0.0,1,Govt. Middle School Dave,Amritsar,Amritsar-I,402,Primary,English
SCH0320,2025-12,40.0,50.0,100.0,100.0,50.0,0.0,2,Govt. Middle School Dave,Amritsar,Amritsar-I,402,Primary,English
SCH0321,2025-04,60.0,100.0,0.0,100.0,0.0,0.0,1,Govt. Primary School Nayak,Jalandhar,Nakodar,104,Secondary,Punjabi
SCH0321,2025-06,33.33333333333333,100.0,,,100.0,0.0,1,Govt. Primary School Nayak,Jalandhar,Nakodar,104,Secondary,Punjabi
SCH0321,2025-07,40.0,100.0,100.0,100.0,0.0,0.0,1,Govt. Primary School Nayak,Jalandhar,Nakodar,104,Secondary,Punjabi
SCH0321,2025-09,63.333333333333336,50.0,66.66666666666666,66.66666666666666,0.0,0.0,3,Govt. Primary School Nayak,Jalandhar,Nakodar,104,Secondary,Punjabi
SCH0321,2025-10,55.0,0.0,100.0,0.0,0.0,100.0,2,Govt. Primary School Nayak,Jalandhar,Nakodar,104,Secondary,Punjabi
SCH0321,2025-11,33.33333333333333,,100.0,100.0,,0.0,1,Govt. Primary School Nayak,Jalandhar,Nakodar,104,Secondary,Punjabi
SCH0321,2026-01,20.0,100.0,100.0,100.0,50.0,50.0,2,Govt. Primary School Nayak,Jalandhar,Nakodar,104,Secondary,Punjabi
SCH0322,2025-04,60.0,100.0,100.0,0.0,0.0,0.0,1,Govt. Primary School Tak,Moga,Nihal Singh Wala,179,Secondary,Hindi
SCH0322,2025-05,40.0,0.0,100.0,100.0,0.0,100.0,1,Govt. Primary School Tak,Moga,Nihal Singh Wala,179,Secondary,Hindi
SCH0322,2025-08,40.0,0.0,100.0,0.0,100.0,100.0,1,Govt. Primary School Tak,Moga,Nihal Singh Wala,179,Secondary,Hindi
SCH0322,2025-10,60.0,0.0,100.0,100.0,0.0,0.0,1,Govt. Primary School Tak,Moga,Nihal Singh Wala,179,Secondary,Hindi
SCH0322,2025-11,10.0,100.0,100.0,100.0,50.0,100.0,2,Govt. Primary School Tak,Moga,Nihal Singh Wala,179,Secondary,Hindi
SCH0322,2025-12,20.0,100.0,100.0,100.0,100.0,0.0,1,Govt. Primary School Tak,Moga,Nihal Singh Wala,179,Secondary,Hindi
SCH0322,2026-02,22.5,100.0,100.0,100.0,50.0,50.0,2,Govt. Primary School Tak,Moga,Nihal Singh Wala,179,Secondary,Hindi
SCH0322,2026-03,25.0,100.0,100.0,100.0,0.0,,1,Govt. Primary School Tak,Moga,Nihal Singh Wala,179,Secondary,Hindi
SCH0323,2025-06,0.0,100.0,100.0,100.0,100.0,100.0,1,Govt. Middle School Kapoor,Moga,Moga-I,295,Upper Primary,Hindi
SCH0323,2025-09,30.0,50.0,100.0,100.0,100.0,0.0,2,Govt. Middle School Kapoor,Moga,Moga-I,295,Upper Primary,Hindi
SCH0323,2026-02,0.0,100.0,100.0,100.0,,100.0,1,Govt. Middle School Kapoor,Moga,Moga-I,295,Upper Primary,Hindi
SCH0323,2026-11,20.0,100.0,100.0,100.0,100.0,0.0,1,Govt. Middle School Kapoor,Moga,Moga-I,295,Upper Primary,Hindi
SCH0324,2025-09,0.0,100.0,100.0,,100.0,,1,Govt. Primary School Sundaram,Amritsar,Amritsar-II,419,Primary,Punjabi
SCH0324,2025-10,40.0,100.0,100.0,100.0,0.0,0.0,1,Govt. Primary School Sundaram,Amritsar,Amritsar-II,419,Primary,Punjabi
SCH0324,2026-03,60.0,100.0,100.0,0.0,0.0,0.0,1,Govt. Primary School Sundaram,Amritsar,Amritsar-II,419,Primary,Punjabi
SCH0325,2025-05,20.0,100.0,100.0,100.0,100.0,0.0,1,Govt. Elementary School Babu,Moga,Nihal Singh Wala,116,Primary,Hindi
SCH0325,2025-06,20.0,100.0,100.0,100.0,100.0,0.0,1,Govt. Elementary School Babu,Moga,Nihal Singh Wala,116,Primary,Hindi
SCH0325,2025-08,40.0,100.0,0.0,100.0,100.0,0.0,1,Govt. Elementary School Babu,Moga,Nihal Singh Wala,116,Primary,Hindi
SCH0325,2025-09,40.0,0.0,100.0,100.0,100.0,0.0,1,Govt. Elementary School Babu,Moga,Nihal Singh Wala,116,Primary,Hindi
SCH0325,2025-11,60.0,0.0,100.0,0.0,100.0,0.0,1,Govt. Elementary School Babu,Moga,Nihal Singh Wala,116,Primary,Hindi
SCH0325,2026-01,20.0,100.0,100.0,0.0,100.0,100.0,1,Govt. Elementary School Babu,Moga,Nihal Singh Wala,116,Primary,Hindi
SCH0326,2025-05,40.0,100.0,100.0,100.0,0.0,0.0,1,Govt. Primary School Balasubramanian,Ferozepur,Makhu,178,Secondary,Hindi
SCH0326,2025-08,20.0,100.0,100.0,100.0,100.0,0.0,1,Govt. Primary School Balasubramanian,Ferozepur,Makhu,178,Secondary,Hindi
SCH0326,2025-10,20.0,0.0,100.0,100.0,100.0,100.0,1,Govt. Primary School Balasubramanian,Ferozepur,Makhu,178,Secondary,Hindi
SCH0326,2025-12,40.0,100.0,100.0,0.0,100.0,0.0,1,Govt. Primary School Balasubramanian,Ferozepur,Makhu,178,Secondary,Hindi
SCH0326,2026-01,50.0,100.0,,0.0,100.0,0.0,1,Govt. Primary School Balasubramanian,Ferozepur,Makhu,178,Secondary,Hindi
SCH0327,2025-09,30.0,50.0,100.0,50.0,50.0,100.0,2,Govt. Middle School Muni,Ludhiana,Machhiwara,75,Secondary,Hindi
SCH0327,2026-01,0.0,100.0,100.0,100.0,,100.0,1,Govt. Middle School Muni,Ludhiana,Machhiwara,75,Secondary,Hindi
SCH0327,2026-03,32.5,100.0,100.0,50.0,0.0,100.0,2,Govt. Middle School Muni,Ludhiana,Machhiwara,75,Secondary,Hindi
SCH0328,2025-09,40.0,100.0,100.0,100.0,0.0,0.0,1,Govt. Senior Secondary School Sarraf,Sangrur,Sangrur,228,Secondary,Hindi
SCH0328,2025-12,40.0,0.0,100.0,100.0,100.0,0.0,1,Govt. Senior Secondary School Sarraf,Sangrur,Sangrur,228,Secondary,Hindi
SCH0328,2026-02,40.0,0.0,100.0,100.0,0.0,100.0,1,Govt. Senior Secondary School Sarraf,Sangrur,Sangrur,228,Secondary,Hindi
SCH0329,2025-04,10.0,100.0,100.0,100.0,100.0,0.0,2,Govt. Elementary School Modi,Sangrur,Unknown,415,Upper Primary,Hindi
SCH0329,2025-05,20.0,100.0,100.0,100.0,100.0,0.0,1,Govt. Elementary School Modi,Sangrur,Unknown,415,Upper Primary,Hindi
SCH0329,2025-09,0.0,100.0,100.0,100.0,100.0,100.0,1,Govt. Elementary School Modi,Sangrur,Unknown,415,Upper Primary,Hindi
SCH0329,2025-11,35.0,100.0,100.0,50.0,0.0,100.0,2,Govt. Elementary School Modi,Sangrur,Unknown,415,Upper Primary,Hindi
SCH0329,2025-12,50.0,100.0,,0.0,100.0,0.0,1,Govt. Elementary School Modi,Sangrur,Unknown,415,Upper Primary,Hindi
SCH0330,2025-08,20.0,100.0,100.0,100.0,100.0,0.0,1,Govt. Middle School Badami,Unknown,Moga-I,211,Higher Secondary,Hindi
SCH0330,2025-11,40.0,0.0,100.0,100.0,100.0,0.0,1,Govt. Middle School Badami,Unknown,Moga-I,211,Higher Secondary,Hindi
SCH0330,2025-12,0.0,100.0,100.0,100.0,100.0,100.0,1,Govt. Middle School Badami,Unknown,Moga-I,211,Higher Secondary,Hindi
SCH0330,2026-01,20.0,100.0,100.0,100.0,100.0,0.0,1,Govt. Middle School Badami,Unknown,Moga-I,211,Higher Secondary,Hindi
SCH0330,2026-02,20.0,100.0,100.0,100.0,0.0,100.0,1,Govt. Middle School Badami,Unknown,Moga-I,211,Higher Secondary,Hindi
SCH0330,2026-03,35.0,100.0,50.0,100.0,100.0,0.0,2,Govt. Middle School Badami,Unknown,Moga-I,211,Higher Secondary,Hindi
SCH0331,2025-06,60.0,0.0,0.0,100.0,100.0,0.0,1,Govt. Primary School Raju,Patiala,Unknown,291,Upper Primary,Hindi
SCH0331,2025-07,0.0,100.0,100.0,100.0,100.0,100.0,1,Govt. Primary School Raju,Patiala,Unknown,291,Upper Primary,Hindi
SCH0331,2025-09,40.0,100.0,100.0,100.0,0.0,0.0,1,Govt. Primary School Raju,Patiala,Unknown,291,Upper Primary,Hindi
SCH0331,2025-11,60.0,0.0,100.0,0.0,100.0,0.0,1,Govt. Primary School Raju,Patiala,Unknown,291,Upper Primary,Hindi
SCH0331,2026-02,40.0,100.0,100.0,0.0,0.0,100.0,1,Govt. Primary School Raju,Patiala,Unknown,291,Upper Primary,Hindi
SCH0331,2026-03,0.0,100.0,100.0,100.0,100.0,100.0,1,Govt. Primary School Raju,Patiala,Unknown,291,Upper Primary,Hindi
SCH0332,2025-06,40.0,0.0,100.0,100.0,100.0,0.0,1,Govt. Senior Secondary School Lad,Ferozepur,Makhu,274,Primary,Punjabi
SCH0332,2025-12,10.0,100.0,100.0,100.0,50.0,100.0,2,Govt. Senior Secondary School Lad,Ferozepur,Makhu,274,Primary,Punjabi
SCH0332,2026-01,20.0,100.0,100.0,100.0,100.0,0.0,1,Govt. Senior Secondary School Lad,Ferozepur,Makhu,274,Primary,Punjabi
SCH0333,2025-04,80.0,0.0,100.0,0.0,0.0,0.0,1,Govt. Middle School Warrior,Amritsar,Amritsar-I,262,Upper Primary,Punjabi
SCH0334,2025-01,0.0,100.0,100.0,100.0,100.0,100.0,1,Govt. Senior Secondary School Gole,Moga,Bagha Purana,271,Primary,Hindi
SCH0334,2025-04,42.5,0.0,100.0,100.0,50.0,0.0,2,Govt. Senior Secondary School Gole,Moga,Bagha Purana,271,Primary,Hindi
SCH0334,2025-06,40.0,50.0,100.0,50.0,50.0,50.0,2,Govt. Senior Secondary School Gole,Moga,Bagha Purana,271,Primary,Hindi
SCH0334,2025-09,0.0,100.0,100.0,100.0,100.0,100.0,2,Govt. Senior Secondary School Gole,Moga,Bagha Purana,271,Primary,Hindi
SCH0334,2025-10,50.0,50.0,66.66666666666666,66.66666666666666,33.33333333333333,33.33333333333333,3,Govt. Senior Secondary School Gole,Moga,Bagha Purana,271,Primary,Hindi
SCH0334,2025-12,0.0,100.0,100.0,100.0,100.0,100.0,1,Govt. Senior Secondary School Gole,Moga,Bagha Purana,271,Primary,Hindi
SCH0335,2025-05,0.0,100.0,100.0,100.0,100.0,100.0,1,Govt. Primary School Kota,Amritsar,Amritsar-II,94,Higher Secondary,Hindi
SCH0335,2026-01,40.0,0.0,100.0,100.0,0.0,100.0,1,Govt. Primary School Kota,Amritsar,Amritsar-II,94,Higher Secondary,Hindi
SCH0335,2026-07,40.0,100.0,100.0,100.0,0.0,0.0,1,Govt. Primary School Kota,Amritsar,Amritsar-II,94,Higher Secondary,Hindi
SCH0336,2025-04,0.0,100.0,100.0,100.0,100.0,100.0,1,Govt. Middle School Sridhar,Sangrur,Malerkotla,277,Primary,Hindi
SCH0336,2025-06,25.0,100.0,100.0,100.0,,0.0,1,Govt. Middle School Sridhar,Sangrur,Malerkotla,277,Primary,Hindi
SCH0336,2025-08,20.0,100.0,100.0,100.0,100.0,0.0,2,Govt. Middle School Sridhar,Sangrur,Malerkotla,277,Primary,Hindi
SCH0336,2025-12,0.0,100.0,100.0,100.0,100.0,100.0,1,Govt. Middle School Sridhar,Sangrur,Malerkotla,277,Primary,Hindi
SCH0337,2025-05,20.0,100.0,100.0,100.0,50.0,50.0,2,Govt. Elementary School Bora,Ludhiana,Ludhiana-II,207,Upper Primary,English
SCH0337,2025-06,40.0,100.0,100.0,100.0,0.0,0.0,1,Govt. Elementary School Bora,Ludhiana,Ludhiana-II,207,Upper Primary,English
SCH0338,2025-04,20.0,100.0,100.0,0.0,100.0,100.0,1,Govt. Senior Secondary School Wali,Bathinda,Unknown,55,Higher Secondary,Punjabi
SCH0338,2025-05,20.0,100.0,50.0,100.0,100.0,50.0,2,Govt. Senior Secondary School Wali,Bathinda,Unknown,55,Higher Secondary,Punjabi
SCH0338,2026-02,25.0,100.0,,100.0,0.0,100.0,1,Govt. Senior Secondary School Wali,Bathinda,Unknown,55,Higher Secondary,Punjabi
SCH0339,2025-04,40.0,100.0,0.0,100.0,0.0,100.0,1,Govt. Elementary School Zacharia,Jalandhar,Jalandhar-I,46,Upper Primary,Punjabi
SCH0339,2025-11,20.0,100.0,0.0,100.0,100.0,100.0,1,Govt. Elementary School Zacharia,Jalandhar,Jalandhar-I,46,Upper Primary,Punjabi
SCH0339,2026-02,20.0,100.0,100.0,100.0,100.0,0.0,1,Govt. Elementary School Zacharia,Jalandhar,Jalandhar-I,46,Upper Primary,Punjabi
SCH0340,2025-11,20.0,100.0,100.0,100.0,100.0,0.0,2,Govt. Elementary School Manda,Bathinda,Bathinda,51,Upper Primary,Punjabi
SCH0340,2025-12,10.0,50.0,100.0,100.0,100.0,100.0,2,Govt. Elementary School Manda,Bathinda,Bathinda,51,Upper Primary,Punjabi
SCH0340,2026-01,66.66666666666666,0.0,100.0,,,0.0,1,Govt. Elementary School Manda,Bathinda,Bathinda,51,Upper Primary,Punjabi
SCH0341,2025-04,20.0,100.0,100.0,100.0,100.0,0.0,1,Govt. Elementary School Virk,Moga,Moga-I,61,Primary,Punjabi
SCH0341,2025-05,20.0,100.0,100.0,100.0,100.0,0.0,1,Govt. Elementary School Virk,Moga,Moga-I,61,Primary,Punjabi
SCH0341,2025-06,40.0,100.0,100.0,100.0,0.0,0.0,1,Govt. Elementary School Virk,Moga,Moga-I,61,Primary,Punjabi
SCH0341,2025-08,40.0,100.0,100.0,0.0,100.0,0.0,1,Govt. Elementary School Virk,Moga,Moga-I,61,Primary,Punjabi
SCH0341,2025-11,0.0,100.0,100.0,100.0,100.0,100.0,1,Govt. Elementary School Virk,Moga,Moga-I,61,Primary,Punjabi
SCH0343,2025-06,60.0,100.0,100.0,0.0,0.0,0.0,1,Govt. Elementary School Bassi,Jalandhar,Jalandhar-I,354,Upper Primary,Hindi
SCH0343,2025-10,0.0,100.0,100.0,100.0,100.0,100.0,1,Govt. Elementary School Bassi,Jalandhar,Jalandhar-I,354,Upper Primary,Hindi
SCH0343,2026-01,10.0,100.0,100.0,100.0,100.0,50.0,2,Govt. Elementary School Bassi,Jalandhar,Jalandhar-I,354,Upper Primary,Hindi
SCH0343,2026-03,40.0,100.0,100.0,0.0,0.0,100.0,1,Govt. Elementary School Bassi,Jalandhar,Jalandhar-I,354,Upper Primary,Hindi
SCH0343,2026-10,60.0,0.0,100.0,0.0,100.0,0.0,1,Govt. Elementary School Bassi,Jalandhar,Jalandhar-I,354,Upper Primary,Hindi
SCH0344,2025-05,60.0,0.0,100.0,100.0,0.0,0.0,1,Govt. Senior Secondary School Bala,Sangrur,Sangrur,84,Upper Primary,Hindi
SCH0344,2025-06,0.0,100.0,,100.0,100.0,100.0,1,Govt. Senior Secondary School Bala,Sangrur,Sangrur,84,Upper Primary,Hindi
SCH0344,2025-07,20.0,100.0,100.0,100.0,0.0,100.0,1,Govt. Senior Secondary School Bala,Sangrur,Sangrur,84,Upper Primary,Hindi
SCH0344,2025-08,40.0,100.0,100.0,100.0,0.0,0.0,1,Govt. Senior Secondary School Bala,Sangrur,Sangrur,84,Upper Primary,Hindi
SCH0344,2025-09,30.0,100.0,100.0,50.0,50.0,50.0,2,Govt. Senior Secondary School Bala,Sangrur,Sangrur,84,Upper Primary,Hindi
SCH0344,2026-03,33.33333333333333,0.0,100.0,100.0,,,1,Govt. Senior Secondary School Bala,Sangrur,Sangrur,84,Upper Primary,Hindi
SCH0345,2025-05,20.0,100.0,100.0,0.0,100.0,100.0,1,Govt. Elementary School Mangal,Ludhiana,Machhiwara,440,Higher Secondary,Hindi
SCH0345,2025-06,50.0,0.0,100.0,50.0,50.0,50.0,2,Govt. Elementary School Mangal,Ludhiana,Machhiwara,440,Higher Secondary,Hindi
SCH0345,2026-01,40.0,0.0,100.0,100.0,100.0,0.0,1,Govt. Elementary School Mangal,Ludhiana,Machhiwara,440,Higher Secondary,Hindi
SCH0346,2025-05,40.0,100.0,100.0,0.0,100.0,0.0,1,Govt. Primary School Peri,Moga,Nihal Singh Wala,178,Secondary,English
SCH0346,2025-10,80.0,0.0,0.0,100.0,0.0,0.0,1,Govt. Primary School Peri,Moga,Nihal Singh Wala,178,Secondary,English
SCH0346,2025-12,35.0,100.0,100.0,100.0,50.0,0.0,2,Govt. Primary School Peri,Moga,Nihal Singh Wala,178,Secondary,English
SCH0346,2026-03,20.0,100.0,100.0,100.0,0.0,100.0,1,Govt. Primary School Peri,Moga,Nihal Singh Wala,178,Secondary,English
SCH0347,2025-05,0.0,100.0,100.0,100.0,,100.0,1,Govt. Primary School Mall,Ludhiana,Machhiwara,311,Upper Primary,Hindi
SCH0347,2025-10,10.0,100.0,100.0,100.0,50.0,100.0,2,Govt. Primary School Mall,Ludhiana,Machhiwara,311,Upper Primary,Hindi
SCH0347,2026-03,40.0,0.0,100.0,0.0,100.0,100.0,1,Govt. Primary School Mall,Ludhiana,Machhiwara,311,Upper Primary,Hindi
SCH0348,2025-04,0.0,100.0,100.0,100.0,100.0,100.0,1,Govt. Elementary School Sarraf,Bathinda,Bathinda,431,Upper Primary,Hindi
SCH0348,2025-06,0.0,,100.0,100.0,100.0,100.0,1,Govt. Elementary School Sarraf,Bathinda,Bathinda,431,Upper Primary,Hindi
SCH0348,2025-07,20.0,100.0,100.0,100.0,100.0,0.0,1,Govt. Elementary School Sarraf,Bathinda,Bathinda,431,Upper Primary,Hindi
SCH0348,2025-08,0.0,100.0,100.0,100.0,100.0,100.0,1,Govt. Elementary School Sarraf,Bathinda,Bathinda,431,Upper Primary,Hindi
SCH0349,2025-05,66.66666666666666,,,100.0,0.0,0.0,1,Govt. Primary School Jaggi,Jalandhar,Jalandhar-II,343,Secondary,English
SCH0349,2025-09,40.0,0.0,100.0,100.0,0.0,100.0,1,Govt. Primary School Jaggi,Jalandhar,Jalandhar-II,343,Secondary,English
SCH0350,2025-06,20.0,100.0,100.0,100.0,100.0,0.0,1,Govt. Primary School Mann,Jalandhar,Unknown,292,Upper Primary,Hindi
SCH0350,2025-07,50.0,0.0,,100.0,100.0,0.0,1,Govt. Primary School Mann,Jalandhar,Unknown,292,Upper Primary,Hindi
SCH0350,2025-09,0.0,100.0,100.0,100.0,,100.0,1,Govt. Primary School Mann,Jalandhar,Unknown,292,Upper Primary,Hindi
SCH0350,2025-12,20.0,100.0,100.0,100.0,100.0,0.0,1,Govt. Primary School Mann,Jalandhar,Unknown,292,Upper Primary,Hindi
SCH0351,2025-07,20.0,100.0,100.0,100.0,100.0,0.0,1,Govt. Senior Secondary School Morar,Patiala,Patiala,309,Secondary,English
SCH0351,2025-08,30.0,50.0,100.0,50.0,100.0,50.0,2,Govt. Senior Secondary School Morar,Patiala,Patiala,309,Secondary,English
SCH0351,2025-12,20.0,100.0,100.0,100.0,100.0,0.0,1,Govt. Senior Secondary School Morar,Patiala,Patiala,309,Secondary,English
SCH0351,2026-02,20.0,0.0,100.0,100.0,100.0,100.0,1,Govt. Senior Secondary School Morar,Patiala,Patiala,309,Secondary,English
SCH0352,2025-04,60.0,100.0,0.0,100.0,0.0,0.0,1,Govt. Middle School Jayaraman,Unknown,Nakodar,70,Upper Primary,English
SCH0352,2025-12,20.0,0.0,100.0,100.0,100.0,100.0,1,Govt. Middle School Jayaraman,Unknown,Nakodar,70,Upper Primary,English
SCH0352,2026-01,0.0,100.0,100.0,100.0,100.0,100.0,1,Govt. Middle School Jayaraman,Unknown,Nakodar,70,Upper Primary,English
SCH0352,2026-02,20.0,100.0,100.0,100.0,100.0,0.0,1,Govt. Middle School Jayaraman,Unknown,Nakodar,70,Upper Primary,English
SCH0353,2025-05,40.0,100.0,0.0,100.0,0.0,100.0,1,Govt. Elementary School Parikh,Ferozepur,Ferozepur,212,Upper Primary,Punjabi
SCH0353,2025-06,40.0,0.0,100.0,100.0,100.0,0.0,1,Govt. Elementary School Parikh,Ferozepur,Ferozepur,212,Upper Primary,Punjabi
SCH0353,2025-09,0.0,100.0,100.0,100.0,100.0,100.0,1,Govt. Elementary School Parikh,Ferozepur,Ferozepur,212,Upper Primary,Punjabi
SCH0354,2025-04,0.0,,100.0,100.0,100.0,100.0,1,Govt. Senior Secondary School Kakar,Moga,Moga-II,402,Secondary,English
SCH0354,2025-05,40.0,100.0,100.0,100.0,0.0,0.0,1,Govt. Senior Secondary School Kakar,Moga,Moga-II,402,Secondary,English
SCH0354,2025-07,0.0,100.0,100.0,100.0,100.0,100.0,1,Govt. Senior Secondary School Kakar,Moga,Moga-II,402,Secondary,English
SCH0354,2025-08,60.0,0.0,0.0,100.0,100.0,0.0,1,Govt. Senior Secondary School Kakar,Moga,Moga-II,402,Secondary,English
SCH0354,2025-10,60.0,0.0,100.0,100.0,0.0,0.0,1,Govt. Senior Secondary School Kakar,Moga,Moga-II,402,Secondary,English
SCH0354,2025-11,20.0,100.0,100.0,100.0,100.0,0.0,1,Govt. Senior Secondary School Kakar,Moga,Moga-II,402,Secondary,English
SCH0354,2026-01,60.0,100.0,0.0,100.0,0.0,0.0,1,Govt. Senior Secondary School Kakar,Moga,Moga-II,402,Secondary,English
SCH0355,2025-04,40.0,100.0,100.0,100.0,0.0,0.0,1,Govt. Primary School Tripathi,Unknown,Jalandhar-II,413,Higher Secondary,English
SCH0355,2025-06,40.0,0.0,100.0,100.0,0.0,100.0,1,Govt. Primary School Tripathi,Unknown,Jalandhar-II,413,Higher Secondary,English
SCH0355,2025-08,25.0,100.0,,100.0,0.0,100.0,1,Govt. Primary School Tripathi,Unknown,Jalandhar-II,413,Higher Secondary,English
SCH0355,2025-09,25.0,100.0,100.0,100.0,,0.0,1,Govt. Primary School Tripathi,Unknown,Jalandhar-II,413,Higher Secondary,English
SCH0355,2025-10,0.0,100.0,100.0,100.0,100.0,,1,Govt. Primary School Tripathi,Unknown,Jalandhar-II,413,Higher Secondary,English
SCH0356,2025-04,40.0,0.0,100.0,100.0,0.0,100.0,1,Govt. Middle School Brahmbhatt,Patiala,Patiala,294,Primary,Punjabi
SCH0356,2025-05,60.0,0.0,100.0,100.0,0.0,0.0,1,Govt. Middle School Brahmbhatt,Patiala,Patiala,294,Primary,Punjabi
SCH0356,2025-07,25.0,,100.0,0.0,100.0,100.0,1,Govt. Middle School Brahmbhatt,Patiala,Patiala,294,Primary,Punjabi
SCH0356,2025-08,40.0,0.0,0.0,100.0,100.0,100.0,1,Govt. Middle School Brahmbhatt,Patiala,Patiala,294,Primary,Punjabi
SCH0356,2026-01,20.0,100.0,100.0,0.0,100.0,100.0,1,Govt. Middle School Brahmbhatt,Patiala,Patiala,294,Primary,Punjabi
SCH0356,2026-02,0.0,100.0,100.0,100.0,100.0,100.0,1,Govt. Middle School Brahmbhatt,Patiala,Patiala,294,Primary,Punjabi
SCH0357,2025-08,20.0,100.0,100.0,100.0,100.0,0.0,1,Govt. Middle School Bhatti,Moga,Nihal Singh Wala,45,Upper Primary,Punjabi
SCH0357,2025-12,30.0,100.0,50.0,50.0,100.0,50.0,2,Govt. Middle School Bhatti,Moga,Nihal Singh Wala,45,Upper Primary,Punjabi
SCH0358,2025-05,50.0,100.0,,0.0,100.0,0.0,1,Govt. Elementary School Panchal,Ludhiana,Ludhiana-I,237,Higher Secondary,Punjabi
SCH0358,2025-11,0.0,100.0,100.0,100.0,100.0,100.0,1,Govt. Elementary School Panchal,Ludhiana,Ludhiana-I,237,Higher Secondary,Punjabi
SCH0359,2025-04,40.0,0.0,100.0,100.0,100.0,0.0,1,Govt. Primary School Bhavsar,Moga,Nihal Singh Wala,91,Upper Primary,Punjabi
SCH0359,2025-07,40.0,100.0,100.0,0.0,100.0,0.0,1,Govt. Primary School Bhavsar,Moga,Nihal Singh Wala,91,Upper Primary,Punjabi
SCH0359,2026-03,25.0,100.0,100.0,,100.0,0.0,1,Govt. Primary School Bhavsar,Moga,Nihal Singh Wala,91,Upper Primary,Punjabi
SCH0360,2025-05,37.5,100.0,100.0,100.0,0.0,0.0,2,Govt. Senior Secondary School Bhat,Bathinda,Bathinda,203,Primary,Hindi
SCH0360,2025-11,10.0,100.0,100.0,100.0,100.0,50.0,2,Govt. Senior Secondary School Bhat,Bathinda,Bathinda,203,Primary,Hindi
SCH0360,2026-01,40.0,50.0,100.0,50.0,50.0,50.0,2,Govt. Senior Secondary School Bhat,Bathinda,Bathinda,203,Primary,Hindi
SCH0360,2026-12,40.0,100.0,100.0,100.0,0.0,0.0,1,Govt. Senior Secondary School Bhat,Bathinda,Bathinda,203,Primary,Hindi
SCH0361,2025-05,20.0,100.0,100.0,100.0,0.0,100.0,1,Govt. Elementary School Bumb,Amritsar,Amritsar-I,213,Higher Secondary,Hindi
SCH0361,2025-08,20.0,100.0,100.0,0.0,100.0,100.0,1,Govt. Elementary School Bumb,Amritsar,Amritsar-I,213,Higher Secondary,Hindi
SCH0361,2026-01,40.0,0.0,100.0,100.0,0.0,100.0,1,Govt. Elementary School Bumb,Amritsar,Amritsar-I,213,Higher Secondary,Hindi
SCH0362,2025-10,25.0,100.0,100.0,100.0,0.0,,1,Govt. Elementary School Sinha,Ferozepur,Zira,67,Upper Primary,Hindi
SCH0362,2025-11,40.0,0.0,100.0,100.0,0.0,100.0,1,Govt. Elementary School Sinha,Ferozepur,Zira,67,Upper Primary,Hindi
SCH0362,2025-12,0.0,100.0,100.0,100.0,100.0,100.0,1,Govt. Elementary School Sinha,Ferozepur,Zira,67,Upper Primary,Hindi
SCH0363,2025-09,0.0,100.0,100.0,100.0,100.0,100.0,1,Govt. Elementary School Sankar,Bathinda,Rampura Phul,192,Primary,English
SCH0363,2025-10,40.0,0.0,100.0,100.0,100.0,0.0,1,Govt. Elementary School Sankar,Bathinda,Rampura Phul,192,Primary,English
SCH0364,2025-12,0.0,100.0,100.0,100.0,,100.0,1,Govt. Primary School Chowdhury,Ludhiana,Machhiwara,84,Higher Secondary,English
SCH0364,2026-01,40.0,0.0,100.0,0.0,100.0,100.0,1,Govt. Primary School Chowdhury,Ludhiana,Machhiwara,84,Higher Secondary,English
SCH0364,2026-02,40.0,0.0,50.0,100.0,100.0,50.0,2,Govt. Primary School Chowdhury,Ludhiana,Machhiwara,84,Higher Secondary,English
SCH0365,2025-04,35.0,50.0,100.0,100.0,50.0,50.0,2,Govt. Middle School Bhavsar,Amritsar,Unknown,99,Higher Secondary,Hindi
SCH0365,2025-07,0.0,100.0,100.0,100.0,100.0,100.0,2,Govt. Middle School Bhavsar,Amritsar,Unknown,99,Higher Secondary,Hindi
SCH0366,2025-07,60.0,0.0,100.0,0.0,0.0,100.0,1,Govt. Primary School Hari,Ferozepur,Zira,229,Secondary,Punjabi
SCH0366,2025-08,20.0,100.0,100.0,100.0,100.0,0.0,1,Govt. Primary School Hari,Ferozepur,Zira,229,Secondary,Punjabi
SCH0366,2026-01,0.0,100.0,100.0,,100.0,100.0,1,Govt. Primary School Hari,Ferozepur,Zira,229,Secondary,Punjabi
SCH0366,2026-02,40.0,0.0,100.0,0.0,100.0,100.0,1,Govt. Primary School Hari,Ferozepur,Zira,229,Secondary,Punjabi
SCH0367,2025-06,60.0,0.0,100.0,100.0,0.0,0.0,1,Govt. Primary School Vala,Bathinda,Unknown,177,Upper Primary,English
SCH0367,2025-07,20.0,0.0,100.0,100.0,100.0,100.0,1,Govt. Primary School Vala,Bathinda,Unknown,177,Upper Primary,English
SCH0367,2025-09,40.0,100.0,0.0,100.0,100.0,0.0,1,Govt. Primary School Vala,Bathinda,Unknown,177,Upper Primary,English
SCH0367,2025-11,20.0,100.0,100.0,100.0,100.0,0.0,1,Govt. Primary School Vala,Bathinda,Unknown,177,Upper Primary,English
SCH0367,2026-01,60.0,100.0,0.0,100.0,0.0,0.0,1,Govt. Primary School Vala,Bathinda,Unknown,177,Upper Primary,English
SCH0368,2025-06,30.0,100.0,100.0,100.0,50.0,0.0,2,Govt. Elementary School Raman,Ferozepur,Zira,323,Higher Secondary,Punjabi
SCH0368,2025-10,40.0,100.0,100.0,0.0,100.0,0.0,1,Govt. Elementary School Raman,Ferozepur,Zira,323,Higher Secondary,Punjabi
SCH0368,2025-11,20.0,50.0,100.0,100.0,100.0,50.0,2,Govt. Elementary School Raman,Ferozepur,Zira,323,Higher Secondary,Punjabi
SCH0368,2025-12,25.0,100.0,,100.0,100.0,0.0,1,Govt. Elementary School Raman,Ferozepur,Zira,323,Higher Secondary,Punjabi
SCH0368,2026-02,40.0,100.0,100.0,100.0,0.0,0.0,1,Govt. Elementary School Raman,Ferozepur,Zira,323,Higher Secondary,Punjabi
SCH0369,2025-06,50.0,0.0,50.0,50.0,100.0,50.0,2,Govt. Senior Secondary School Naik,Patiala,Rajpura,193,Primary,Punjabi
SCH0369,2025-11,20.0,100.0,100.0,100.0,100.0,0.0,1,Govt. Senior Secondary School Naik,Patiala,Rajpura,193,Primary,Punjabi
SCH0369,2026-02,20.0,100.0,100.0,0.0,100.0,100.0,1,Govt. Senior Secondary School Naik,Patiala,Rajpura,193,Primary,Punjabi
SCH0370,2025-09,60.0,100.0,0.0,0.0,100.0,0.0,1,Govt. Primary School Pant,Jalandhar,Jalandhar-II,148,Upper Primary,Punjabi
SCH0370,2025-10,40.0,50.0,100.0,50.0,50.0,50.0,2,Govt. Primary School Pant,Jalandhar,Jalandhar-II,148,Upper Primary,Punjabi
SCH0370,2026-03,40.0,100.0,0.0,100.0,100.0,0.0,1,Govt. Primary School Pant,Jalandhar,Jalandhar-II,148,Upper Primary,Punjabi
SCH0371,2025-07,40.0,0.0,100.0,100.0,100.0,0.0,1,Govt. Elementary School Baral,Patiala,Nabha,344,Primary,English
SCH0371,2025-10,25.0,100.0,,100.0,0.0,100.0,1,Govt. Elementary School Baral,Patiala,Nabha,344,Primary,English
SCH0371,2025-11,43.0,80.0,66.66666666666666,80.0,0.0,60.0,5,Govt. Elementary School Baral,Patiala,Nabha,344,Primary,English
SCH0371,2026-01,0.0,100.0,100.0,100.0,100.0,100.0,1,Govt. Elementary School Baral,Patiala,Nabha,344,Primary,English
SCH0371,2026-03,20.0,100.0,100.0,100.0,100.0,0.0,1,Govt. Elementary School Baral,Patiala,Nabha,344,Primary,English
SCH0372,2025-06,40.0,50.0,0.0,100.0,100.0,50.0,2,Govt. Senior Secondary School Mody,Sangrur,Sangrur,442,Higher Secondary,Hindi
SCH0372,2025-07,20.0,100.0,100.0,100.0,0.0,100.0,1,Govt. Senior Secondary School Mody,Sangrur,Sangrur,442,Higher Secondary,Hindi
SCH0372,2025-08,50.0,100.0,100.0,0.0,0.0,,1,Govt. Senior Secondary School Mody,Sangrur,Sangrur,442,Higher Secondary,Hindi
SCH0372,2025-11,0.0,100.0,100.0,100.0,100.0,100.0,1,Govt. Senior Secondary School Mody,Sangrur,Sangrur,442,Higher Secondary,Hindi
SCH0373,2025-04,40.0,100.0,100.0,100.0,0.0,0.0,1,Govt. Middle School Soman,Amritsar,Amritsar-I,328,Secondary,English
SCH0373,2025-08,40.0,100.0,100.0,0.0,0.0,100.0,1,Govt. Middle School Soman,Amritsar,Amritsar-I,328,Secondary,English
SCH0373,2025-11,20.0,100.0,100.0,100.0,100.0,0.0,1,Govt. Middle School Soman,Amritsar,Amritsar-I,328,Secondary,English
SCH0373,2026-02,40.0,100.0,0.0,100.0,100.0,0.0,1,Govt. Middle School Soman,Amritsar,Amritsar-I,328,Secondary,English
SCH0375,2025-07,40.0,100.0,100.0,0.0,0.0,100.0,1,Govt. Primary School Karan,Ferozepur,Ferozepur,242,Secondary,English
SCH0375,2025-10,23.75,100.0,100.0,100.0,75.0,25.0,4,Govt. Primary School Karan,Ferozepur,Ferozepur,242,Secondary,English
SCH0376,2025-04,50.0,100.0,,100.0,0.0,0.0,1,Govt. Elementary School Talwar,Moga,Moga-I,212,Secondary,Punjabi
SCH0376,2025-10,40.0,0.0,100.0,100.0,100.0,0.0,1,Govt. Elementary School Talwar,Moga,Moga-I,212,Secondary,Punjabi
SCH0376,2025-11,25.0,100.0,100.0,100.0,,0.0,1,Govt. Elementary School Talwar,Moga,Moga-I,212,Secondary,Punjabi
SCH0376,2026-02,75.0,0.0,,100.0,0.0,0.0,1,Govt. Elementary School Talwar,Moga,Moga-I,212,Secondary,Punjabi
SCH0377,2025-08,60.0,100.0,100.0,0.0,0.0,0.0,1,Govt. Middle School Gandhi,Patiala,Nabha,193,Higher Secondary,Punjabi
SCH0377,2025-10,20.0,100.0,100.0,100.0,50.0,50.0,2,Govt. Middle School Gandhi,Patiala,Nabha,193,Higher Secondary,Punjabi
SCH0377,2026-02,0.0,100.0,100.0,,100.0,100.0,1,Govt. Middle School Gandhi,Patiala,Nabha,193,Higher Secondary,Punjabi
SCH0378,2025-06,75.0,,100.0,0.0,0.0,0.0,1,Govt. Middle School Mitter,Amritsar,Amritsar-II,266,Higher Secondary,Hindi
SCH0378,2025-07,20.0,100.0,100.0,100.0,0.0,100.0,1,Govt. Middle School Mitter,Amritsar,Amritsar-II,266,Higher Secondary,Hindi
SCH0378,2025-11,60.0,0.0,100.0,100.0,0.0,0.0,1,Govt. Middle School Mitter,Amritsar,Amritsar-II,266,Higher Secondary,Hindi
SCH0379,2025-04,0.0,100.0,100.0,100.0,100.0,100.0,1,Govt. Primary School Balay,Jalandhar,Jalandhar-I,199,Higher Secondary,Hindi
SCH0379,2025-07,20.0,100.0,100.0,100.0,0.0,50.0,2,Govt. Primary School Balay,Jalandhar,Jalandhar-I,199,Higher Secondary,Hindi
SCH0379,2025-10,0.0,100.0,100.0,100.0,100.0,100.0,1,Govt. Primary School Balay,Jalandhar,Jalandhar-I,199,Higher Secondary,Hindi
SCH0379,2026-03,50.0,,100.0,0.0,100.0,0.0,1,Govt. Primary School Balay,Jalandhar,Jalandhar-I,199,Higher Secondary,Hindi
SCH0380,2025-04,40.0,50.0,100.0,50.0,50.0,50.0,2,Govt. Middle School Minhas,Ludhiana,Ludhiana-II,56,Secondary,Punjabi
SCH0380,2025-10,40.0,100.0,100.0,0.0,100.0,0.0,1,Govt. Middle School Minhas,Ludhiana,Ludhiana-II,56,Secondary,Punjabi
SCH0380,2026-01,40.0,100.0,100.0,0.0,0.0,100.0,1,Govt. Middle School Minhas,Ludhiana,Ludhiana-II,56,Secondary,Punjabi
SCH0380,2026-02,26.666666666666664,0.0,100.0,100.0,100.0,50.0,2,Govt. Middle School Minhas,Ludhiana,Ludhiana-II,56,Secondary,Punjabi
SCH0381,2025-11,40.0,0.0,100.0,0.0,100.0,100.0,1,Govt. Elementary School Varma,Unknown,Ferozepur,388,Secondary,Punjabi
SCH0381,2025-12,40.0,100.0,0.0,0.0,100.0,100.0,1,Govt. Elementary School Varma,Unknown,Ferozepur,388,Secondary,Punjabi
SCH0381,2026-04,0.0,100.0,100.0,100.0,100.0,100.0,1,Govt. Elementary School Varma,Unknown,Ferozepur,388,Secondary,Punjabi
SCH0382,2025-06,20.0,100.0,100.0,100.0,100.0,0.0,1,Govt. Primary School Lanka,Moga,Bagha Purana,123,Secondary,Punjabi
SCH0382,2025-08,40.0,100.0,100.0,0.0,0.0,100.0,1,Govt. Primary School Lanka,Moga,Bagha Purana,123,Secondary,Punjabi
SCH0382,2025-10,60.0,0.0,0.0,100.0,0.0,100.0,1,Govt. Primary School Lanka,Moga,Bagha Purana,123,Secondary,Punjabi
SCH0382,2026-03,32.5,0.0,100.0,100.0,100.0,0.0,2,Govt. Primary School Lanka,Moga,Bagha Purana,123,Secondary,Punjabi
SCH0383,2025-08,0.0,100.0,100.0,100.0,100.0,100.0,1,Govt. Senior Secondary School Sama,Ludhiana,Ludhiana-II,332,Upper Primary,English
SCH0383,2025-09,60.0,0.0,100.0,100.0,0.0,0.0,1,Govt. Senior Secondary School Sama,Ludhiana,Ludhiana-II,332,Upper Primary,English
SCH0383,2025-11,25.0,100.0,100.0,100.0,,0.0,1,Govt. Senior Secondary School Sama,Ludhiana,Ludhiana-II,332,Upper Primary,English
SCH0384,2025-09,0.0,100.0,100.0,100.0,100.0,100.0,1,Govt. Senior Secondary School Parekh,Ferozepur,Ferozepur,439,Primary,Hindi
SCH0384,2025-11,20.0,100.0,100.0,100.0,100.0,0.0,1,Govt. Senior Secondary School Parekh,Ferozepur,Ferozepur,439,Primary,Hindi
SCH0384,2026-01,20.0,100.0,100.0,100.0,0.0,100.0,1,Govt. Senior Secondary School Parekh,Ferozepur,Ferozepur,439,Primary,Hindi
SCH0384,2026-03,20.0,100.0,100.0,100.0,0.0,100.0,1,Govt. Senior Secondary School Parekh,Ferozepur,Ferozepur,439,Primary,Hindi
SCH0385,2025-04,0.0,100.0,100.0,100.0,100.0,100.0,1,Govt. Middle School Mane,Ludhiana,Ludhiana-II,169,Secondary,Punjabi
SCH0385,2025-07,60.0,0.0,100.0,100.0,0.0,0.0,1,Govt. Middle School Mane,Ludhiana,Ludhiana-II,169,Secondary,Punjabi
SCH0385,2025-10,60.0,100.0,100.0,0.0,0.0,0.0,1,Govt. Middle School Mane,Ludhiana,Ludhiana-II,169,Secondary,Punjabi
SCH0385,2025-11,43.33333333333333,100.0,50.0,50.0,100.0,0.0,2,Govt. Middle School Mane,Ludhiana,Ludhiana-II,169,Secondary,Punjabi
SCH0386,2025-06,60.0,100.0,100.0,0.0,0.0,0.0,1,Govt. Elementary School Sama,Moga,Nihal Singh Wala,169,Secondary,Punjabi
SCH0386,2025-10,60.0,100.0,100.0,0.0,0.0,0.0,1,Govt. Elementary School Sama,Moga,Nihal Singh Wala,169,Secondary,Punjabi
SCH0386,2025-12,40.0,0.0,100.0,100.0,100.0,0.0,1,Govt. Elementary School Sama,Moga,Nihal Singh Wala,169,Secondary,Punjabi
SCH0386,2026-01,60.0,100.0,0.0,50.0,50.0,0.0,2,Govt. Elementary School Sama,Moga,Nihal Singh Wala,169,Secondary,Punjabi
SCH0387,2025-06,25.0,,100.0,0.0,100.0,100.0,1,Govt. Middle School Varty,Moga,Bagha Purana,192,Higher Secondary,English
SCH0387,2025-08,20.0,100.0,100.0,100.0,100.0,0.0,1,Govt. Middle School Varty,Moga,Bagha Purana,192,Higher Secondary,English
SCH0387,2025-11,0.0,100.0,100.0,100.0,100.0,100.0,1,Govt. Middle School Varty,Moga,Bagha Purana,192,Higher Secondary,English
SCH0387,2026-03,0.0,100.0,100.0,100.0,100.0,100.0,1,Govt. Middle School Varty,Moga,Bagha Purana,192,Higher Secondary,English
SCH0388,2025-03,25.0,,100.0,100.0,100.0,0.0,1,Govt. Elementary School Saini,Bathinda,Rampura Phul,136,Upper Primary,Hindi
SCH0388,2025-05,20.0,100.0,100.0,100.0,0.0,100.0,1,Govt. Elementary School Saini,Bathinda,Rampura Phul,136,Upper Primary,Hindi
SCH0388,2025-10,60.0,0.0,100.0,100.0,0.0,0.0,1,Govt. Elementary School Saini,Bathinda,Rampura Phul,136,Upper Primary,Hindi
SCH0388,2025-12,50.0,,100.0,0.0,100.0,0.0,1,Govt. Elementary School Saini,Bathinda,Rampura Phul,136,Upper Primary,Hindi
SCH0388,2026-01,0.0,100.0,100.0,100.0,,100.0,1,Govt. Elementary School Saini,Bathinda,Rampura Phul,136,Upper Primary,Hindi
SCH0388,2026-03,50.0,100.0,,100.0,0.0,0.0,1,Govt. Elementary School Saini,Bathinda,Rampura Phul,136,Upper Primary,Hindi
SCH0389,2025-06,60.0,0.0,100.0,0.0,0.0,100.0,1,Govt. Primary School Borra,Ludhiana,Machhiwara,191,Higher Secondary,Hindi
SCH0389,2025-07,25.0,100.0,100.0,100.0,0.0,,1,Govt. Primary School Borra,Ludhiana,Machhiwara,191,Higher Secondary,Hindi
SCH0389,2025-09,40.0,0.0,100.0,100.0,0.0,100.0,1,Govt. Primary School Borra,Ludhiana,Machhiwara,191,Higher Secondary,Hindi
SCH0389,2025-11,40.0,0.0,100.0,100.0,100.0,0.0,1,Govt. Primary School Borra,Ludhiana,Machhiwara,191,Higher Secondary,Hindi
SCH0389,2026-03,50.0,50.0,50.0,100.0,50.0,0.0,2,Govt. Primary School Borra,Ludhiana,Machhiwara,191,Higher Secondary,Hindi
SCH0390,2025-04,40.0,0.0,100.0,100.0,0.0,100.0,1,Govt. Middle School Dutt,Patiala,Samana,411,Higher Secondary,Hindi
SCH0390,2025-05,0.0,100.0,100.0,100.0,100.0,,1,Govt. Middle School Dutt,Patiala,Samana,411,Higher Secondary,Hindi
SCH0390,2025-06,50.0,50.0,100.0,50.0,50.0,0.0,2,Govt. Middle School Dutt,Patiala,Samana,411,Higher Secondary,Hindi
SCH0390,2025-09,0.0,,100.0,100.0,,100.0,1,Govt. Middle School Dutt,Patiala,Samana,411,Higher Secondary,Hindi
SCH0390,2025-12,40.0,0.0,100.0,100.0,0.0,100.0,1,Govt. Middle School Dutt,Patiala,Samana,411,Higher Secondary,Hindi
SCH0391,2025-07,40.0,100.0,100.0,100.0,0.0,0.0,1,Govt. Senior Secondary School Lad,Jalandhar,Nakodar,89,Secondary,English
SCH0391,2025-08,0.0,100.0,100.0,100.0,100.0,100.0,1,Govt. Senior Secondary School Lad,Jalandhar,Nakodar,89,Secondary,English
SCH0392,2025-07,60.0,100.0,0.0,0.0,100.0,0.0,1,Govt. Middle School Kara,Amritsar,Amritsar-II,221,Secondary,Hindi
SCH0392,2025-10,40.0,100.0,100.0,100.0,0.0,0.0,1,Govt. Middle School Kara,Amritsar,Amritsar-II,221,Secondary,Hindi
SCH0392,2026-01,60.0,0.0,0.0,100.0,100.0,0.0,1,Govt. Middle School Kara,Amritsar,Amritsar-II,221,Secondary,Hindi
SCH0393,2025-04,40.0,0.0,100.0,100.0,0.0,100.0,1,Govt. Senior Secondary School Bava,Bathinda,Talwandi Sabo,100,Primary,Punjabi
SCH0393,2025-07,20.0,100.0,100.0,100.0,0.0,100.0,1,Govt. Senior Secondary School Bava,Bathinda,Talwandi Sabo,100,Primary,Punjabi
SCH0393,2025-11,0.0,100.0,100.0,100.0,100.0,100.0,1,Govt. Senior Secondary School Bava,Bathinda,Talwandi Sabo,100,Primary,Punjabi
SCH0393,2025-12,50.0,100.0,0.0,,100.0,0.0,1,Govt. Senior Secondary School Bava,Bathinda,Talwandi Sabo,100,Primary,Punjabi
SCH0393,2026-02,40.0,100.0,100.0,0.0,100.0,0.0,1,Govt. Senior Secondary School Bava,Bathinda,Talwandi Sabo,100,Primary,Punjabi
SCH0394,2025-07,50.0,,100.0,100.0,0.0,0.0,1,Govt. Senior Secondary School Bala,Bathinda,Talwandi Sabo,67,Upper Primary,Hindi
SCH0394,2025-09,0.0,100.0,100.0,,,100.0,1,Govt. Senior Secondary School Bala,Bathinda,Talwandi Sabo,67,Upper Primary,Hindi
SCH0394,2026-01,0.0,100.0,100.0,100.0,100.0,100.0,1,Govt. Senior Secondary School Bala,Bathinda,Talwandi Sabo,67,Upper Primary,Hindi
SCH0395,2025-05,0.0,100.0,100.0,100.0,100.0,100.0,1,Govt. Elementary School Bose,Sangrur,Sunam,201,Upper Primary,Hindi
SCH0395,2025-06,20.0,100.0,100.0,100.0,0.0,100.0,1,Govt. Elementary School Bose,Sangrur,Sunam,201,Upper Primary,Hindi
SCH0395,2025-07,20.0,100.0,100.0,50.0,100.0,50.0,2,Govt. Elementary School Bose,Sangrur,Sunam,201,Upper Primary,Hindi
SCH0395,2026-02,32.5,50.0,100.0,100.0,50.0,0.0,2,Govt. Elementary School Bose,Sangrur,Sunam,201,Upper Primary,Hindi
SCH0396,2025-08,20.0,100.0,100.0,100.0,0.0,100.0,1,Govt. Senior Secondary School Deshmukh,Moga,Moga-I,42,Upper Primary,Hindi
SCH0396,2025-09,60.0,0.0,0.0,100.0,0.0,100.0,1,Govt. Senior Secondary School Deshmukh,Moga,Moga-I,42,Upper Primary,Hindi
SCH0396,2025-10,0.0,100.0,100.0,100.0,100.0,100.0,1,Govt. Senior Secondary School Deshmukh,Moga,Moga-I,42,Upper Primary,Hindi
SCH0396,2025-11,20.0,100.0,0.0,100.0,100.0,100.0,1,Govt. Senior Secondary School Deshmukh,Moga,Moga-I,42,Upper Primary,Hindi
SCH0396,2025-12,50.0,100.0,0.0,100.0,0.0,,1,Govt. Senior Secondary School Deshmukh,Moga,Moga-I,42,Upper Primary,Hindi
SCH0397,2025-05,0.0,100.0,100.0,100.0,100.0,100.0,1,Govt. Elementary School Raghavan,Sangrur,Sangrur,106,Higher Secondary,Punjabi
SCH0397,2025-07,20.0,100.0,100.0,100.0,100.0,0.0,1,Govt. Elementary School Raghavan,Sangrur,Sangrur,106,Higher Secondary,Punjabi
SCH0397,2026-01,10.0,50.0,100.0,100.0,100.0,100.0,2,Govt. Elementary School Raghavan,Sangrur,Sangrur,106,Higher Secondary,Punjabi
SCH0398,2025-06,32.5,100.0,50.0,100.0,50.0,50.0,2,Govt. Primary School Narasimhan,Patiala,Samana,47,Upper Primary,Hindi
SCH0398,2025-08,30.0,100.0,100.0,50.0,100.0,0.0,2,Govt. Primary School Narasimhan,Patiala,Samana,47,Upper Primary,Hindi
SCH0398,2026-11,20.0,0.0,100.0,100.0,100.0,100.0,1,Govt. Primary School Narasimhan,Patiala,Samana,47,Upper Primary,Hindi
SCH0399,2025-06,40.0,100.0,100.0,0.0,100.0,0.0,1,Govt. Middle School Konda,Patiala,Samana,199,Higher Secondary,Punjabi
SCH0399,2025-12,60.0,0.0,100.0,0.0,0.0,100.0,1,Govt. Middle School Konda,Patiala,Samana,199,Higher Secondary,Punjabi
SCH0400,2025-04,20.0,0.0,100.0,100.0,100.0,100.0,1,Govt. Senior Secondary School Sastry,Bathinda,Rampura Phul,273,Secondary,Punjabi
SCH0400,2025-05,0.0,100.0,100.0,100.0,100.0,100.0,1,Govt. Senior Secondary School Sastry,Bathinda,Rampura Phul,273,Secondary,Punjabi
SCH0400,2025-09,35.0,0.0,100.0,100.0,50.0,50.0,2,Govt. Senior Secondary School Sastry,Bathinda,Rampura Phul,273,Secondary,Punjabi
SCH0401,2025-06,50.0,100.0,,0.0,100.0,0.0,1,Govt. Senior Secondary School Sunder,Moga,Moga-II,124,Higher Secondary,Hindi
SCH0401,2025-10,0.0,100.0,100.0,100.0,,100.0,1,Govt. Senior Secondary School Sunder,Moga,Moga-II,124,Higher Secondary,Hindi
SCH0401,2026-03,50.0,50.0,50.0,100.0,50.0,0.0,2,Govt. Senior Secondary School Sunder,Moga,Moga-II,124,Higher Secondary,Hindi
SCH0402,2025-04,20.0,100.0,100.0,100.0,100.0,0.0,1,Govt. Primary School Chakraborty,Patiala,Patiala,341,Primary,English
SCH0402,2025-08,33.33333333333333,,100.0,100.0,,0.0,1,Govt. Primary School Chakraborty,Patiala,Patiala,341,Primary,English
SCH0402,2025-09,40.0,0.0,100.0,100.0,0.0,100.0,1,Govt. Primary School Chakraborty,Patiala,Patiala,341,Primary,English
SCH0402,2025-12,0.0,100.0,100.0,100.0,100.0,100.0,1,Govt. Primary School Chakraborty,Patiala,Patiala,341,Primary,English
SCH0402,2026-02,40.0,100.0,100.0,100.0,0.0,0.0,1,Govt. Primary School Chakraborty,Patiala,Patiala,341,Primary,English
SCH0403,2025-04,10.0,100.0,100.0,100.0,100.0,50.0,2,Govt. Primary School Garde,Ludhiana,Ludhiana-I,378,Primary,Punjabi
SCH0403,2025-09,28.333333333333332,33.33333333333333,66.66666666666666,100.0,50.0,100.0,3,Govt. Primary School Garde,Ludhiana,Ludhiana-I,378,Primary,Punjabi
SCH0403,2025-11,50.0,0.0,,0.0,100.0,100.0,1,Govt. Primary School Garde,Ludhiana,Ludhiana-I,378,Primary,Punjabi
SCH0403,2025-12,20.0,100.0,0.0,100.0,100.0,100.0,1,Govt. Primary School Garde,Ludhiana,Ludhiana-I,378,Primary,Punjabi
SCH0404,2025-05,40.0,0.0,100.0,0.0,100.0,100.0,1,Govt. Primary School Keer,Amritsar,Ajnala,282,Upper Primary,Punjabi
SCH0404,2025-06,40.0,0.0,100.0,100.0,100.0,0.0,1,Govt. Primary School Keer,Amritsar,Ajnala,282,Upper Primary,Punjabi
SCH0404,2025-08,0.0,100.0,100.0,100.0,100.0,100.0,1,Govt. Primary School Keer,Amritsar,Ajnala,282,Upper Primary,Punjabi
SCH0404,2025-11,20.0,0.0,100.0,100.0,100.0,100.0,1,Govt. Primary School Keer,Amritsar,Ajnala,282,Upper Primary,Punjabi
SCH0405,2025-04,20.0,100.0,100.0,100.0,0.0,100.0,1,Govt. Primary School Agarwal,Bathinda,Maur,254,Primary,Punjabi
SCH0405,2025-07,40.0,100.0,100.0,100.0,0.0,0.0,1,Govt. Primary School Agarwal,Bathinda,Maur,254,Primary,Punjabi
SCH0405,2026-01,50.0,0.0,100.0,0.0,100.0,,1,Govt. Primary School Agarwal,Bathinda,Maur,254,Primary,Punjabi
SCH0406,2025-08,37.5,100.0,0.0,100.0,50.0,50.0,2,Govt. Senior Secondary School Bhattacharyya,Sangrur,Sunam,351,Secondary,Punjabi
SCH0406,2025-09,20.0,100.0,100.0,100.0,100.0,0.0,1,Govt. Senior Secondary School Bhattacharyya,Sangrur,Sunam,351,Secondary,Punjabi
SCH0407,2025-10,60.0,0.0,100.0,0.0,0.0,100.0,1,Govt. Elementary School Mitter,Bathinda,Maur,60,Upper Primary,Punjabi
SCH0407,2026-02,40.0,0.0,100.0,100.0,100.0,0.0,1,Govt. Elementary School Mitter,Bathinda,Maur,60,Upper Primary,Punjabi
SCH0408,2025-07,0.0,,100.0,100.0,100.0,100.0,1,Govt. Primary School Salvi,Ludhiana,Ludhiana-I,96,Higher Secondary,Punjabi
SCH0408,2025-08,40.0,100.0,0.0,100.0,0.0,100.0,1,Govt. Primary School Salvi,Ludhiana,Ludhiana-I,96,Higher Secondary,Punjabi
SCH0409,2025-04,25.0,0.0,100.0,100.0,100.0,,1,Govt. Primary School Puri,Amritsar,Unknown,369,Secondary,Hindi
SCH0409,2025-07,40.0,0.0,100.0,100.0,100.0,0.0,1,Govt. Primary School Puri,Amritsar,Unknown,369,Secondary,Hindi
SCH0409,2025-08,0.0,100.0,100.0,,100.0,100.0,1,Govt. Primary School Puri,Amritsar,Unknown,369,Secondary,Hindi
SCH0409,2025-12,20.0,100.0,100.0,100.0,100.0,0.0,1,Govt. Primary School Puri,Amritsar,Unknown,369,Secondary,Hindi
SCH0410,2025-03,0.0,100.0,100.0,100.0,100.0,100.0,1,Govt. Primary School Bath,Ludhiana,Unknown,224,Secondary,Punjabi
SCH0410,2025-08,32.5,100.0,100.0,100.0,0.0,0.0,2,Govt. Primary School Bath,Ludhiana,Unknown,224,Secondary,Punjabi
SCH0410,2025-09,60.0,100.0,0.0,100.0,0.0,0.0,1,Govt. Primary School Bath,Ludhiana,Unknown,224,Secondary,Punjabi
SCH0410,2025-11,50.0,0.0,0.0,100.0,,100.0,1,Govt. Primary School Bath,Ludhiana,Unknown,224,Secondary,Punjabi
SCH0410,2026-02,25.0,100.0,100.0,,100.0,0.0,1,Govt. Primary School Bath,Ludhiana,Unknown,224,Secondary,Punjabi
SCH0411,2025-04,0.0,100.0,100.0,100.0,100.0,100.0,1,Govt. Elementary School Narayanan,Ludhiana,Ludhiana-II,379,Secondary,English
SCH0411,2025-06,40.0,0.0,100.0,100.0,0.0,100.0,1,Govt. Elementary School Narayanan,Ludhiana,Ludhiana-II,379,Secondary,English
SCH0411,2025-11,25.0,,0.0,100.0,100.0,100.0,1,Govt. Elementary School Narayanan,Ludhiana,Ludhiana-II,379,Secondary,English
SCH0411,2025-12,70.0,0.0,50.0,100.0,0.0,0.0,2,Govt. Elementary School Narayanan,Ludhiana,Ludhiana-II,379,Secondary,English
SCH0411,2026-01,50.0,100.0,100.0,0.0,,0.0,1,Govt. Elementary School Narayanan,Ludhiana,Ludhiana-II,379,Secondary,English
SCH0411,2026-02,40.0,100.0,100.0,100.0,0.0,0.0,1,Govt. Elementary School Narayanan,Ludhiana,Ludhiana-II,379,Secondary,English
SCH0412,2025-05,0.0,100.0,100.0,100.0,100.0,,1,Govt. Elementary School Anand,Amritsar,Ajnala,215,Higher Secondary,Punjabi
SCH0412,2025-11,40.0,0.0,100.0,100.0,100.0,0.0,1,Govt. Elementary School Anand,Amritsar,Ajnala,215,Higher Secondary,Punjabi
SCH0412,2025-12,50.0,0.0,100.0,100.0,0.0,,1,Govt. Elementary School Anand,Amritsar,Ajnala,215,Higher Secondary,Punjabi
SCH0412,2026-01,32.5,0.0,100.0,100.0,0.0,100.0,2,Govt. Elementary School Anand,Amritsar,Ajnala,215,Higher Secondary,Punjabi
SCH0413,2025-09,30.0,100.0,75.0,100.0,25.0,50.0,4,Govt. Primary School Bhatnagar,Sangrur,Dhuri,372,Upper Primary,Hindi
SCH0413,2026-03,25.0,100.0,0.0,100.0,100.0,,1,Govt. Primary School Bhatnagar,Sangrur,Dhuri,372,Upper Primary,Hindi
SCH0414,2025-04,0.0,100.0,100.0,100.0,100.0,100.0,1,Govt. Elementary School Goyal,Amritsar,Tarn Taran,342,Higher Secondary,Hindi
SCH0414,2025-07,40.0,100.0,0.0,100.0,100.0,0.0,1,Govt. Elementary School Goyal,Amritsar,Tarn Taran,342,Higher Secondary,Hindi
SCH0414,2025-09,20.0,100.0,0.0,100.0,100.0,100.0,1,Govt. Elementary School Goyal,Amritsar,Tarn Taran,342,Higher Secondary,Hindi
SCH0415,2025-08,20.0,0.0,100.0,100.0,100.0,100.0,1,Govt. Elementary School Mandal,Ludhiana,Unknown,287,Primary,English
SCH0416,2025-05,40.0,100.0,100.0,0.0,0.0,100.0,1,Govt. Middle School Batra,Moga,Moga-I,400,Upper Primary,Hindi
SCH0416,2025-06,25.0,100.0,100.0,,0.0,100.0,1,Govt. Middle School Batra,Moga,Moga-I,400,Upper Primary,Hindi
SCH0416,2025-07,40.0,100.0,100.0,100.0,0.0,0.0,1,Govt. Middle School Batra,Moga,Moga-I,400,Upper Primary,Hindi
SCH0416,2025-09,0.0,100.0,100.0,100.0,100.0,100.0,1,Govt. Middle School Batra,Moga,Moga-I,400,Upper Primary,Hindi
SCH0416,2025-10,20.0,0.0,100.0,100.0,100.0,100.0,1,Govt. Middle School Batra,Moga,Moga-I,400,Upper Primary,Hindi
SCH0416,2025-12,0.0,,100.0,,100.0,100.0,1,Govt. Middle School Batra,Moga,Moga-I,400,Upper Primary,Hindi
SCH0416,2026-01,25.0,100.0,0.0,,100.0,100.0,1,Govt. Middle School Batra,Moga,Moga-I,400,Upper Primary,Hindi
SCH0416,2026-02,40.0,100.0,100.0,0.0,0.0,100.0,1,Govt. Middle School Batra,Moga,Moga-I,400,Upper Primary,Hindi
SCH0416,2026-03,25.0,,100.0,100.0,100.0,0.0,1,Govt. Middle School Batra,Moga,Moga-I,400,Upper Primary,Hindi
SCH0417,2025-04,40.0,100.0,66.66666666666666,100.0,0.0,33.33333333333333,3,Govt. Elementary School Ahuja,Amritsar,Tarn Taran,378,Higher Secondary,Hindi
SCH0417,2025-05,40.0,0.0,100.0,0.0,100.0,100.0,1,Govt. Elementary School Ahuja,Amritsar,Tarn Taran,378,Higher Secondary,Hindi
SCH0417,2025-08,20.0,100.0,100.0,100.0,0.0,100.0,1,Govt. Elementary School Ahuja,Amritsar,Tarn Taran,378,Higher Secondary,Hindi
SCH0417,2025-09,30.0,50.0,100.0,100.0,50.0,50.0,2,Govt. Elementary School Ahuja,Amritsar,Tarn Taran,378,Higher Secondary,Hindi
SCH0417,2026-02,30.0,0.0,100.0,100.0,100.0,50.0,2,Govt. Elementary School Ahuja,Amritsar,Tarn Taran,378,Higher Secondary,Hindi
SCH0418,2025-08,25.0,100.0,100.0,100.0,0.0,,1,Govt. Senior Secondary School Comar,Ludhiana,Unknown,369,Higher Secondary,Punjabi
SCH0418,2025-12,20.0,100.0,100.0,100.0,100.0,0.0,1,Govt. Senior Secondary School Comar,Ludhiana,Unknown,369,Higher Secondary,Punjabi
SCH0418,2026-01,50.0,,100.0,0.0,100.0,0.0,1,Govt. Senior Secondary School Comar,Ludhiana,Unknown,369,Higher Secondary,Punjabi
SCH0418,2026-03,40.0,0.0,100.0,100.0,0.0,100.0,1,Govt. Senior Secondary School Comar,Ludhiana,Unknown,369,Higher Secondary,Punjabi
SCH0419,2025-04,0.0,,100.0,100.0,100.0,,1,Govt. Elementary School Sarkar,Moga,Moga-II,209,Primary,Hindi
SCH0419,2025-05,30.0,100.0,50.0,100.0,50.0,50.0,2,Govt. Elementary School Sarkar,Moga,Moga-II,209,Primary,Hindi
SCH0419,2025-09,0.0,100.0,100.0,100.0,100.0,100.0,1,Govt. Elementary School Sarkar,Moga,Moga-II,209,Primary,Hindi
SCH0419,2025-10,40.0,100.0,100.0,0.0,100.0,0.0,1,Govt. Elementary School Sarkar,Moga,Moga-II,209,Primary,Hindi
SCH0419,2025-12,0.0,100.0,100.0,100.0,100.0,100.0,1,Govt. Elementary School Sarkar,Moga,Moga-II,209,Primary,Hindi
SCH0420,2025-02,40.0,100.0,100.0,0.0,0.0,100.0,1,Govt. Elementary School Nair,Amritsar,Tarn Taran,267,Higher Secondary,Punjabi
SCH0420,2025-03,40.0,0.0,100.0,0.0,100.0,100.0,1,Govt. Elementary School Nair,Amritsar,Tarn Taran,267,Higher Secondary,Punjabi
SCH0420,2025-04,20.0,100.0,100.0,100.0,0.0,100.0,1,Govt. Elementary School Nair,Amritsar,Tarn Taran,267,Higher Secondary,Punjabi
SCH0420,2025-05,40.0,0.0,100.0,100.0,100.0,0.0,1,Govt. Elementary School Nair,Amritsar,Tarn Taran,267,Higher Secondary,Punjabi
SCH0420,2025-12,10.0,100.0,100.0,100.0,50.0,100.0,2,Govt. Elementary School Nair,Amritsar,Tarn Taran,267,Higher Secondary,Punjabi
SCH0420,2026-02,10.0,50.0,100.0,100.0,100.0,100.0,2,Govt. Elementary School Nair,Amritsar,Tarn Taran,267,Higher Secondary,Punjabi
SCH0421,2025-04,20.0,100.0,100.0,100.0,0.0,100.0,1,Govt. Primary School Behl,Sangrur,Sangrur,92,Primary,Hindi
SCH0421,2025-05,0.0,100.0,100.0,,100.0,,1,Govt. Primary School Behl,Sangrur,Sangrur,92,Primary,Hindi
SCH0421,2025-06,20.0,100.0,100.0,100.0,0.0,100.0,1,Govt. Primary School Behl,Sangrur,Sangrur,92,Primary,Hindi
SCH0421,2025-09,40.0,100.0,100.0,100.0,0.0,0.0,1,Govt. Primary School Behl,Sangrur,Sangrur,92,Primary,Hindi
SCH0421,2025-10,40.0,0.0,100.0,100.0,0.0,100.0,1,Govt. Primary School Behl,Sangrur,Sangrur,92,Primary,Hindi
SCH0422,2025-04,65.0,50.0,0.0,50.0,0.0,50.0,2,Govt. Primary School Rajan,Bathinda,Maur,375,Secondary,Punjabi
SCH0422,2025-11,0.0,100.0,100.0,100.0,100.0,,1,Govt. Primary School Rajan,Bathinda,Maur,375,Secondary,Punjabi
SCH0422,2026-03,32.5,100.0,100.0,100.0,0.0,0.0,2,Govt. Primary School Rajan,Bathinda,Maur,375,Secondary,Punjabi
SCH0423,2025-05,25.0,100.0,100.0,,100.0,0.0,1,Govt. Senior Secondary School Master,Moga,Unknown,406,Higher Secondary,English
SCH0423,2025-06,0.0,100.0,100.0,100.0,100.0,100.0,1,Govt. Senior Secondary School Master,Moga,Unknown,406,Higher Secondary,English
SCH0423,2025-09,40.0,0.0,100.0,100.0,0.0,100.0,1,Govt. Senior Secondary School Master,Moga,Unknown,406,Higher Secondary,English
SCH0423,2026-03,25.0,100.0,100.0,100.0,100.0,0.0,2,Govt. Senior Secondary School Master,Moga,Unknown,406,Higher Secondary,English
SCH0424,2025-04,100.0,0.0,0.0,0.0,0.0,0.0,1,Govt. Elementary School Baral,Bathinda,Rampura Phul,399,Upper Primary,Hindi
SCH0424,2025-10,20.0,100.0,100.0,100.0,100.0,0.0,1,Govt. Elementary School Baral,Bathinda,Rampura Phul,399,Upper Primary,Hindi
SCH0424,2025-11,40.0,100.0,0.0,100.0,100.0,0.0,1,Govt. Elementary School Baral,Bathinda,Rampura Phul,399,Upper Primary,Hindi
SCH0424,2026-01,50.0,0.0,100.0,,100.0,0.0,1,Govt. Elementary School Baral,Bathinda,Rampura Phul,399,Upper Primary,Hindi
SCH0425,2025-04,30.0,50.0,50.0,100.0,50.0,100.0,2,Govt. Senior Secondary School Wason,Patiala,Nabha,101,Higher Secondary,Punjabi
SCH0425,2025-08,60.0,100.0,50.0,50.0,0.0,0.0,2,Govt. Senior Secondary School Wason,Patiala,Nabha,101,Higher Secondary,Punjabi
SCH0425,2026-05,0.0,100.0,100.0,100.0,100.0,,1,Govt. Senior Secondary School Wason,Patiala,Nabha,101,Higher Secondary,Punjabi
SCH0426,2025-04,40.0,100.0,100.0,0.0,100.0,0.0,1,Govt. Elementary School Andra,Ferozepur,Ferozepur,364,Primary,Hindi
SCH0426,2025-06,20.0,0.0,100.0,100.0,100.0,100.0,1,Govt. Elementary School Andra,Ferozepur,Ferozepur,364,Primary,Hindi
SCH0427,2025-04,40.0,100.0,100.0,100.0,0.0,0.0,1,Govt. Elementary School Mangat,Jalandhar,Phillaur,42,Primary,Punjabi
SCH0427,2025-07,0.0,100.0,100.0,100.0,100.0,100.0,2,Govt. Elementary School Mangat,Jalandhar,Phillaur,42,Primary,Punjabi
SCH0427,2025-10,25.0,100.0,100.0,100.0,,0.0,1,Govt. Elementary School Mangat,Jalandhar,Phillaur,42,Primary,Punjabi
SCH0427,2025-11,0.0,100.0,100.0,100.0,,,1,Govt. Elementary School Mangat,Jalandhar,Phillaur,42,Primary,Punjabi
SCH0428,2025-04,45.0,0.0,100.0,50.0,100.0,50.0,2,Govt. Middle School Swamy,Jalandhar,Jalandhar-II,414,Primary,Punjabi
SCH0428,2025-05,0.0,100.0,100.0,100.0,100.0,100.0,1,Govt. Middle School Swamy,Jalandhar,Jalandhar-II,414,Primary,Punjabi
SCH0428,2025-07,0.0,100.0,100.0,100.0,100.0,100.0,1,Govt. Middle School Swamy,Jalandhar,Jalandhar-II,414,Primary,Punjabi
SCH0428,2025-08,0.0,100.0,100.0,100.0,100.0,100.0,1,Govt. Middle School Swamy,Jalandhar,Jalandhar-II,414,Primary,Punjabi
SCH0428,2025-10,20.0,100.0,100.0,100.0,100.0,0.0,1,Govt. Middle School Swamy,Jalandhar,Jalandhar-II,414,Primary,Punjabi
SCH0428,2025-12,60.0,100.0,0.0,0.0,0.0,100.0,1,Govt. Middle School Swamy,Jalandhar,Jalandhar-II,414,Primary,Punjabi
SCH0429,2025-04,0.0,100.0,100.0,100.0,100.0,100.0,1,Govt. Elementary School Narain,Ferozepur,Zira,180,Secondary,Hindi
SCH0429,2025-07,20.0,50.0,100.0,100.0,100.0,50.0,2,Govt. Elementary School Narain,Ferozepur,Zira,180,Secondary,Hindi
SCH0429,2026-01,20.0,100.0,100.0,100.0,50.0,50.0,2,Govt. Elementary School Narain,Ferozepur,Zira,180,Secondary,Hindi
SCH0429,2026-03,40.0,100.0,100.0,0.0,100.0,0.0,1,Govt. Elementary School Narain,Ferozepur,Zira,180,Secondary,Hindi
SCH0430,2025-05,20.0,100.0,100.0,50.0,50.0,100.0,2,Govt. Senior Secondary School Dutt,Ferozepur,Makhu,399,Secondary,Hindi
SCH0430,2025-09,20.0,100.0,100.0,100.0,100.0,0.0,1,Govt. Senior Secondary School Dutt,Ferozepur,Makhu,399,Secondary,Hindi
SCH0430,2025-10,25.0,100.0,,100.0,100.0,0.0,1,Govt. Senior Secondary School Dutt,Ferozepur,Makhu,399,Secondary,Hindi
SCH0430,2025-12,30.0,50.0,100.0,50.0,100.0,50.0,2,Govt. Senior Secondary School Dutt,Ferozepur,Makhu,399,Secondary,Hindi
SCH0430,2026-01,40.0,100.0,100.0,0.0,0.0,100.0,1,Govt. Senior Secondary School Dutt,Ferozepur,Makhu,399,Secondary,Hindi
SCH0430,2026-02,40.0,100.0,100.0,0.0,100.0,0.0,1,Govt. Senior Secondary School Dutt,Ferozepur,Makhu,399,Secondary,Hindi
SCH0431,2025-05,50.0,,100.0,0.0,100.0,0.0,1,Govt. Middle School Sarin,Bathinda,Rampura Phul,384,Upper Primary,English
SCH0431,2025-06,20.0,100.0,100.0,100.0,100.0,0.0,1,Govt. Middle School Sarin,Bathinda,Rampura Phul,384,Upper Primary,English
SCH0431,2025-07,20.0,100.0,100.0,100.0,0.0,100.0,1,Govt. Middle School Sarin,Bathinda,Rampura Phul,384,Upper Primary,English
SCH0431,2025-08,25.0,100.0,100.0,,0.0,100.0,1,Govt. Middle School Sarin,Bathinda,Rampura Phul,384,Upper Primary,English
SCH0431,2025-10,20.0,100.0,0.0,100.0,100.0,100.0,1,Govt. Middle School Sarin,Bathinda,Rampura Phul,384,Upper Primary,English
SCH0431,2025-11,40.0,100.0,0.0,100.0,0.0,100.0,1,Govt. Middle School Sarin,Bathinda,Rampura Phul,384,Upper Primary,English
SCH0431,2026-01,0.0,100.0,100.0,100.0,100.0,100.0,1,Govt. Middle School Sarin,Bathinda,Rampura Phul,384,Upper Primary,English
SCH0432,2025-07,40.0,100.0,100.0,100.0,0.0,0.0,1,Govt. Elementary School Sura,Sangrur,Dhuri,385,Secondary,Hindi
SCH0432,2025-09,0.0,100.0,100.0,100.0,100.0,100.0,1,Govt. Elementary School Sura,Sangrur,Dhuri,385,Secondary,Hindi
SCH0432,2025-10,60.0,0.0,100.0,100.0,0.0,0.0,1,Govt. Elementary School Sura,Sangrur,Dhuri,385,Secondary,Hindi
SCH0432,2026-01,0.0,,100.0,100.0,100.0,100.0,1,Govt. Elementary School Sura,Sangrur,Dhuri,385,Secondary,Hindi
SCH0432,2026-02,20.0,100.0,100.0,100.0,0.0,100.0,1,Govt. Elementary School Sura,Sangrur,Dhuri,385,Secondary,Hindi
SCH0432,2026-03,20.0,100.0,100.0,100.0,100.0,0.0,1,Govt. Elementary School Sura,Sangrur,Dhuri,385,Secondary,Hindi
SCH0433,2025-04,25.0,0.0,,100.0,100.0,100.0,1,Govt. Senior Secondary School Hayre,Amritsar,Amritsar-I,235,Primary,English
SCH0433,2025-09,20.0,100.0,100.0,100.0,0.0,100.0,1,Govt. Senior Secondary School Hayre,Amritsar,Amritsar-I,235,Primary,English
SCH0433,2025-12,20.0,100.0,100.0,100.0,100.0,0.0,1,Govt. Senior Secondary School Hayre,Amritsar,Amritsar-I,235,Primary,English
SCH0433,2026-01,40.0,100.0,100.0,0.0,100.0,0.0,1,Govt. Senior Secondary School Hayre,Amritsar,Amritsar-I,235,Primary,English
SCH0433,2026-02,50.0,,0.0,100.0,0.0,100.0,1,Govt. Senior Secondary School Hayre,Amritsar,Amritsar-I,235,Primary,English
SCH0434,2025-04,20.0,100.0,100.0,100.0,100.0,0.0,1,Govt. Primary School Bandi,Jalandhar,Jalandhar-I,393,Upper Primary,Punjabi
SCH0434,2025-08,20.0,100.0,100.0,0.0,100.0,100.0,1,Govt. Primary School Bandi,Jalandhar,Jalandhar-I,393,Upper Primary,Punjabi
SCH0434,2025-10,40.0,100.0,0.0,100.0,100.0,0.0,1,Govt. Primary School Bandi,Jalandhar,Jalandhar-I,393,Upper Primary,Punjabi
SCH0434,2025-12,20.0,100.0,100.0,100.0,100.0,0.0,1,Govt. Primary School Bandi,Jalandhar,Jalandhar-I,393,Upper Primary,Punjabi
SCH0434,2026-01,50.0,50.0,100.0,50.0,0.0,50.0,2,Govt. Primary School Bandi,Jalandhar,Jalandhar-I,393,Upper Primary,Punjabi
SCH0435,2025-06,40.0,100.0,100.0,0.0,100.0,0.0,1,Govt. Middle School Rama,Amritsar,Amritsar-II,420,Higher Secondary,Punjabi
SCH0435,2025-07,32.5,0.0,100.0,100.0,50.0,50.0,2,Govt. Middle School Rama,Amritsar,Amritsar-II,420,Higher Secondary,Punjabi
SCH0435,2025-09,40.0,0.0,100.0,100.0,100.0,0.0,1,Govt. Middle School Rama,Amritsar,Amritsar-II,420,Higher Secondary,Punjabi
SCH0435,2026-02,20.0,100.0,100.0,100.0,0.0,100.0,1,Govt. Middle School Rama,Amritsar,Amritsar-II,420,Higher Secondary,Punjabi
SCH0435,2026-03,60.0,100.0,100.0,0.0,0.0,0.0,1,Govt. Middle School Rama,Amritsar,Amritsar-II,420,Higher Secondary,Punjabi
SCH0436,2025-05,60.0,0.0,100.0,100.0,0.0,0.0,1,Govt. Primary School Joshi,Ferozepur,Unknown,253,Secondary,English
SCH0436,2025-06,25.0,,100.0,0.0,100.0,100.0,1,Govt. Primary School Joshi,Ferozepur,Unknown,253,Secondary,English
SCH0436,2025-08,0.0,100.0,100.0,,100.0,100.0,1,Govt. Primary School Joshi,Ferozepur,Unknown,253,Secondary,English
SCH0436,2025-10,40.0,100.0,100.0,0.0,100.0,0.0,1,Govt. Primary School Joshi,Ferozepur,Unknown,253,Secondary,English
SCH0436,2025-11,30.0,50.0,100.0,100.0,0.0,100.0,2,Govt. Primary School Joshi,Ferozepur,Unknown,253,Secondary,English
SCH0436,2026-01,40.0,100.0,100.0,100.0,0.0,0.0,1,Govt. Primary School Joshi,Ferozepur,Unknown,253,Secondary,English
SCH0437,2025-11,75.0,0.0,,100.0,0.0,0.0,1,Govt. Senior Secondary School Loyal,Patiala,Rajpura,155,Secondary,Hindi
SCH0438,2025-05,0.0,100.0,100.0,100.0,100.0,100.0,2,Govt. Senior Secondary School Chacko,Bathinda,Talwandi Sabo,130,Primary,Punjabi
SCH0438,2025-10,20.0,100.0,100.0,100.0,100.0,0.0,1,Govt. Senior Secondary School Chacko,Bathinda,Talwandi Sabo,130,Primary,Punjabi
SCH0438,2025-11,50.0,100.0,0.0,,100.0,0.0,1,Govt. Senior Secondary School Chacko,Bathinda,Talwandi Sabo,130,Primary,Punjabi
SCH0438,2025-12,40.0,0.0,100.0,100.0,100.0,0.0,1,Govt. Senior Secondary School Chacko,Bathinda,Talwandi Sabo,130,Primary,Punjabi
SCH0438,2026-01,40.0,100.0,100.0,100.0,0.0,0.0,1,Govt. Senior Secondary School Chacko,Bathinda,Talwandi Sabo,130,Primary,Punjabi
SCH0438,2026-03,0.0,100.0,,100.0,100.0,100.0,1,Govt. Senior Secondary School Chacko,Bathinda,Talwandi Sabo,130,Primary,Punjabi
SCH0439,2025-04,60.0,100.0,0.0,100.0,0.0,0.0,1,Govt. Middle School Sankar,Ferozepur,Unknown,259,Secondary,Punjabi
SCH0439,2025-08,10.0,100.0,100.0,100.0,50.0,100.0,2,Govt. Middle School Sankar,Ferozepur,Unknown,259,Secondary,Punjabi
SCH0439,2025-10,20.0,100.0,100.0,100.0,100.0,0.0,1,Govt. Middle School Sankar,Ferozepur,Unknown,259,Secondary,Punjabi
SCH0440,2025-06,20.0,100.0,100.0,100.0,0.0,100.0,1,Govt. Middle School Devan,Jalandhar,Jalandhar-I,118,Primary,Hindi
SCH0440,2025-12,0.0,100.0,100.0,100.0,100.0,100.0,1,Govt. Middle School Devan,Jalandhar,Jalandhar-I,118,Primary,Hindi
SCH0440,2026-03,20.0,0.0,100.0,100.0,100.0,100.0,1,Govt. Middle School Devan,Jalandhar,Jalandhar-I,118,Primary,Hindi
SCH0441,2025-06,40.0,50.0,100.0,50.0,50.0,50.0,2,Govt. Primary School Gara,Moga,Moga-I,441,Upper Primary,Hindi
SCH0441,2025-07,20.0,100.0,100.0,100.0,100.0,0.0,1,Govt. Primary School Gara,Moga,Moga-I,441,Upper Primary,Hindi
SCH0441,2025-09,40.0,0.0,0.0,100.0,100.0,100.0,1,Govt. Primary School Gara,Moga,Moga-I,441,Upper Primary,Hindi
SCH0441,2026-01,0.0,100.0,100.0,100.0,100.0,100.0,1,Govt. Primary School Gara,Moga,Moga-I,441,Upper Primary,Hindi
SCH0441,2026-02,15.0,100.0,100.0,66.66666666666666,66.66666666666666,100.0,3,Govt. Primary School Gara,Moga,Moga-I,441,Upper Primary,Hindi
SCH0442,2025-05,60.0,0.0,100.0,100.0,0.0,0.0,1,Govt. Middle School Karpe,Ferozepur,Mamdot,87,Upper Primary,Hindi
SCH0442,2025-06,40.0,100.0,100.0,0.0,0.0,100.0,1,Govt. Middle School Karpe,Ferozepur,Mamdot,87,Upper Primary,Hindi
SCH0442,2025-10,20.0,0.0,100.0,100.0,100.0,100.0,1,Govt. Middle School Karpe,Ferozepur,Mamdot,87,Upper Primary,Hindi
SCH0442,2025-11,80.0,0.0,100.0,0.0,0.0,0.0,1,Govt. Middle School Karpe,Ferozepur,Mamdot,87,Upper Primary,Hindi
SCH0442,2026-02,20.0,100.0,50.0,100.0,50.0,100.0,2,Govt. Middle School Karpe,Ferozepur,Mamdot,87,Upper Primary,Hindi
SCH0442,2026-03,40.0,100.0,0.0,100.0,0.0,100.0,1,Govt. Middle School Karpe,Ferozepur,Mamdot,87,Upper Primary,Hindi
SCH0443,2025-04,40.0,0.0,100.0,100.0,0.0,100.0,1,Govt. Senior Secondary School Chakrabarti,Sangrur,Sangrur,98,Higher Secondary,English
SCH0443,2025-06,0.0,100.0,100.0,100.0,100.0,100.0,1,Govt. Senior Secondary School Chakrabarti,Sangrur,Sangrur,98,Higher Secondary,English
SCH0443,2025-07,20.0,100.0,100.0,100.0,50.0,0.0,2,Govt. Senior Secondary School Chakrabarti,Sangrur,Sangrur,98,Higher Secondary,English
SCH0443,2025-09,20.0,100.0,100.0,100.0,0.0,100.0,1,Govt. Senior Secondary School Chakrabarti,Sangrur,Sangrur,98,Higher Secondary,English
SCH0443,2025-10,60.0,100.0,100.0,0.0,0.0,0.0,1,Govt. Senior Secondary School Chakrabarti,Sangrur,Sangrur,98,Higher Secondary,English
SCH0443,2025-12,80.0,0.0,100.0,0.0,0.0,0.0,1,Govt. Senior Secondary School Chakrabarti,Sangrur,Sangrur,98,Higher Secondary,English
SCH0443,2026-02,50.0,,100.0,0.0,100.0,0.0,1,Govt. Senior Secondary School Chakrabarti,Sangrur,Sangrur,98,Higher Secondary,English
SCH0443,2026-03,20.0,100.0,100.0,100.0,0.0,100.0,1,Govt. Senior Secondary School Chakrabarti,Sangrur,Sangrur,98,Higher Secondary,English
SCH0444,2025-06,60.0,0.0,100.0,0.0,100.0,0.0,1,Govt. Middle School Setty,Ferozepur,Ferozepur,237,Secondary,Hindi
SCH0444,2025-10,60.0,0.0,100.0,100.0,0.0,0.0,1,Govt. Middle School Setty,Ferozepur,Ferozepur,237,Secondary,Hindi
SCH0444,2025-11,80.0,100.0,0.0,0.0,0.0,0.0,1,Govt. Middle School Setty,Ferozepur,Ferozepur,237,Secondary,Hindi
SCH0445,2025-04,20.0,100.0,100.0,100.0,100.0,0.0,1,Govt. Primary School Wason,Sangrur,Dhuri,62,Upper Primary,Hindi
SCH0445,2025-05,50.0,100.0,,100.0,0.0,0.0,1,Govt. Primary School Wason,Sangrur,Dhuri,62,Upper Primary,Hindi
SCH0445,2025-06,20.0,100.0,100.0,100.0,0.0,100.0,1,Govt. Primary School Wason,Sangrur,Dhuri,62,Upper Primary,Hindi
SCH0445,2025-07,45.0,100.0,100.0,50.0,0.0,0.0,2,Govt. Primary School Wason,Sangrur,Dhuri,62,Upper Primary,Hindi
SCH0445,2026-08,50.0,100.0,100.0,0.0,,0.0,1,Govt. Primary School Wason,Sangrur,Dhuri,62,Upper Primary,Hindi
SCH0446,2025-05,20.0,0.0,100.0,100.0,100.0,100.0,1,Govt. Elementary School Kala,Ludhiana,Ludhiana-I,147,Upper Primary,Hindi
SCH0446,2025-09,50.0,0.0,100.0,100.0,,0.0,1,Govt. Elementary School Kala,Ludhiana,Ludhiana-I,147,Upper Primary,Hindi
SCH0446,2025-12,30.0,50.0,100.0,100.0,50.0,50.0,2,Govt. Elementary School Kala,Ludhiana,Ludhiana-I,147,Upper Primary,Hindi
SCH0447,2025-04,40.0,0.0,100.0,100.0,100.0,0.0,1,Govt. Middle School Dash,Ferozepur,Unknown,422,Primary,Punjabi
SCH0447,2025-06,50.0,100.0,,0.0,0.0,100.0,1,Govt. Middle School Dash,Ferozepur,Unknown,422,Primary,Punjabi
SCH0447,2025-07,40.0,100.0,0.0,100.0,0.0,100.0,1,Govt. Middle School Dash,Ferozepur,Unknown,422,Primary,Punjabi
SCH0447,2025-09,0.0,100.0,100.0,100.0,100.0,100.0,1,Govt. Middle School Dash,Ferozepur,Unknown,422,Primary,Punjabi
SCH0447,2025-10,40.0,0.0,100.0,100.0,0.0,100.0,1,Govt. Middle School Dash,Ferozepur,Unknown,422,Primary,Punjabi
SCH0448,2025-04,60.0,100.0,100.0,0.0,0.0,0.0,1,Govt. Senior Secondary School Sandal,Ludhiana,Ludhiana-II,446,Primary,Punjabi
SCH0448,2025-12,32.5,100.0,100.0,100.0,50.0,0.0,2,Govt. Senior Secondary School Sandal,Ludhiana,Ludhiana-II,446,Primary,Punjabi
SCH0448,2026-03,20.0,100.0,100.0,100.0,0.0,100.0,1,Govt. Senior Secondary School Sandal,Ludhiana,Ludhiana-II,446,Primary,Punjabi
SCH0449,2025-06,80.0,0.0,100.0,0.0,0.0,0.0,1,Govt. Primary School Keer,Ferozepur,Mamdot,362,Secondary,Hindi
SCH0449,2025-07,20.0,100.0,100.0,0.0,100.0,100.0,1,Govt. Primary School Keer,Ferozepur,Mamdot,362,Secondary,Hindi
SCH0449,2025-08,30.0,100.0,50.0,100.0,0.0,100.0,2,Govt. Primary School Keer,Ferozepur,Mamdot,362,Secondary,Hindi
SCH0449,2026-01,20.0,100.0,100.0,100.0,100.0,0.0,1,Govt. Primary School Keer,Ferozepur,Mamdot,362,Secondary,Hindi
SCH0449,2026-03,40.0,100.0,0.0,100.0,0.0,100.0,1,Govt. Primary School Keer,Ferozepur,Mamdot,362,Secondary,Hindi
SCH0450,2025-05,20.0,100.0,100.0,0.0,100.0,100.0,1,Govt. Primary School Kurian,Amritsar,Amritsar-I,398,Secondary,English
SCH0450,2025-08,0.0,100.0,100.0,100.0,100.0,100.0,1,Govt. Primary School Kurian,Amritsar,Amritsar-I,398,Secondary,English
SCH0450,2025-10,40.0,100.0,100.0,100.0,0.0,0.0,1,Govt. Primary School Kurian,Amritsar,Amritsar-I,398,Secondary,English
SCH0450,2025-11,0.0,100.0,100.0,100.0,100.0,100.0,1,Govt. Primary School Kurian,Amritsar,Amritsar-I,398,Secondary,English
SCH0450,2026-01,40.0,100.0,0.0,100.0,0.0,100.0,1,Govt. Primary School Kurian,Amritsar,Amritsar-I,398,Secondary,English
SCH0450,2026-02,40.0,0.0,100.0,100.0,0.0,100.0,1,Govt. Primary School Kurian,Amritsar,Amritsar-I,398,Secondary,English
SCH0450,2026-03,30.0,50.0,100.0,100.0,50.0,50.0,2,Govt. Primary School Kurian,Amritsar,Amritsar-I,398,Secondary,English
SCH0451,2025-04,20.0,100.0,100.0,100.0,0.0,100.0,1,Govt. Primary School Dasgupta,Amritsar,Ajnala,431,Higher Secondary,Hindi
SCH0451,2025-08,25.0,100.0,100.0,100.0,,0.0,1,Govt. Primary School Dasgupta,Amritsar,Ajnala,431,Higher Secondary,Hindi
SCH0451,2025-10,100.0,,0.0,,0.0,0.0,1,Govt. Primary School Dasgupta,Amritsar,Ajnala,431,Higher Secondary,Hindi
SCH0451,2025-11,20.0,100.0,100.0,100.0,0.0,100.0,1,Govt. Primary School Dasgupta,Amritsar,Ajnala,431,Higher Secondary,Hindi
SCH0451,2026-06,0.0,100.0,100.0,100.0,100.0,100.0,1,Govt. Primary School Dasgupta,Amritsar,Ajnala,431,Higher Secondary,Hindi
SCH0452,2025-06,30.0,100.0,50.0,100.0,50.0,50.0,2,Govt. Senior Secondary School Jaggi,Patiala,Nabha,422,Secondary,English
SCH0452,2025-08,20.0,100.0,100.0,100.0,100.0,0.0,1,Govt. Senior Secondary School Jaggi,Patiala,Nabha,422,Secondary,English
SCH0452,2026-01,23.333333333333332,100.0,100.0,100.0,66.66666666666666,33.33333333333333,3,Govt. Senior Secondary School Jaggi,Patiala,Nabha,422,Secondary,English
SCH0452,2026-02,60.0,50.0,100.0,50.0,0.0,0.0,2,Govt. Senior Secondary School Jaggi,Patiala,Nabha,422,Secondary,English
SCH0453,2025-07,20.0,100.0,100.0,100.0,0.0,50.0,2,Govt. Primary School Mahal,Unknown,Ludhiana-II,103,Higher Secondary,English
SCH0453,2026-02,50.0,,0.0,100.0,100.0,0.0,1,Govt. Primary School Mahal,Unknown,Ludhiana-II,103,Higher Secondary,English
SCH0454,2025-08,20.0,100.0,100.0,100.0,100.0,0.0,1,Govt. Senior Secondary School Bala,Patiala,Rajpura,370,Upper Primary,English
SCH0455,2025-04,40.0,0.0,100.0,100.0,0.0,100.0,1,Govt. Elementary School Borah,Patiala,Patiala,132,Primary,Punjabi
SCH0455,2025-11,50.0,0.0,,100.0,0.0,100.0,1,Govt. Elementary School Borah,Patiala,Patiala,132,Primary,Punjabi
SCH0455,2026-01,0.0,100.0,100.0,100.0,100.0,100.0,1,Govt. Elementary School Borah,Patiala,Patiala,132,Primary,Punjabi
SCH0455,2026-03,0.0,100.0,,100.0,100.0,,1,Govt. Elementary School Borah,Patiala,Patiala,132,Primary,Punjabi
SCH0456,2025-05,30.0,100.0,100.0,50.0,50.0,50.0,2,Govt. Middle School Bhatnagar,Bathinda,Bathinda,168,Higher Secondary,Hindi
SCH0456,2025-06,50.0,100.0,,0.0,100.0,0.0,1,Govt. Middle School Bhatnagar,Bathinda,Bathinda,168,Higher Secondary,Hindi
SCH0456,2025-09,40.0,100.0,33.33333333333333,66.66666666666666,66.66666666666666,33.33333333333333,3,Govt. Middle School Bhatnagar,Bathinda,Bathinda,168,Higher Secondary,Hindi
SCH0456,2025-10,20.0,100.0,100.0,0.0,100.0,100.0,1,Govt. Middle School Bhatnagar,Bathinda,Bathinda,168,Higher Secondary,Hindi
SCH0456,2026-03,50.0,0.0,100.0,100.0,0.0,,1,Govt. Middle School Bhatnagar,Bathinda,Bathinda,168,Higher Secondary,Hindi
SCH0457,2025-04,0.0,100.0,100.0,100.0,100.0,100.0,1,Govt. Elementary School Varty,Amritsar,Ajnala,357,Upper Primary,English
SCH0457,2025-05,25.0,,100.0,100.0,100.0,0.0,1,Govt. Elementary School Varty,Amritsar,Ajnala,357,Upper Primary,English
SCH0457,2025-07,60.0,50.0,100.0,50.0,0.0,0.0,2,Govt. Elementary School Varty,Amritsar,Ajnala,357,Upper Primary,English
SCH0457,2025-12,22.5,100.0,50.0,100.0,100.0,50.0,2,Govt. Elementary School Varty,Amritsar,Ajnala,357,Upper Primary,English
SCH0457,2026-01,40.0,100.0,100.0,100.0,0.0,0.0,1,Govt. Elementary School Varty,Amritsar,Ajnala,357,Upper Primary,English
SCH0458,2025-03,60.0,100.0,100.0,0.0,0.0,0.0,1,Govt. Senior Secondary School Murty,Jalandhar,Nakodar,201,Upper Primary,Punjabi
SCH0458,2025-07,40.0,100.0,100.0,100.0,0.0,0.0,1,Govt. Senior Secondary School Murty,Jalandhar,Nakodar,201,Upper Primary,Punjabi
SCH0458,2025-10,25.0,0.0,100.0,100.0,100.0,,1,Govt. Senior Secondary School Murty,Jalandhar,Nakodar,201,Upper Primary,Punjabi
SCH0458,2026-01,57.5,0.0,100.0,50.0,50.0,0.0,2,Govt. Senior Secondary School Murty,Jalandhar,Nakodar,201,Upper Primary,Punjabi
SCH0458,2026-02,0.0,100.0,100.0,100.0,100.0,100.0,1,Govt. Senior Secondary School Murty,Jalandhar,Nakodar,201,Upper Primary,Punjabi
SCH0459,2025-07,20.0,100.0,0.0,100.0,100.0,100.0,1,Govt. Elementary School Mani,Bathinda,Rampura Phul,108,Secondary,English
SCH0459,2025-11,80.0,0.0,100.0,0.0,0.0,0.0,1,Govt. Elementary School Mani,Bathinda,Rampura Phul,108,Secondary,English
SCH0459,2025-12,20.0,100.0,100.0,100.0,0.0,100.0,1,Govt. Elementary School Mani,Bathinda,Rampura Phul,108,Secondary,English
SCH0459,2026-03,40.0,100.0,100.0,0.0,100.0,0.0,1,Govt. Elementary School Mani,Bathinda,Rampura Phul,108,Secondary,English
SCH0460,2025-07,40.0,100.0,100.0,100.0,0.0,0.0,1,Govt. Senior Secondary School Solanki,Sangrur,Sangrur,129,Primary,Hindi
SCH0460,2026-02,60.0,100.0,100.0,0.0,0.0,0.0,1,Govt. Senior Secondary School Solanki,Sangrur,Sangrur,129,Primary,Hindi
SCH0461,2025-04,0.0,100.0,100.0,100.0,100.0,100.0,1,Govt. Primary School Ramachandran,Bathinda,Bathinda,412,Primary,Hindi
SCH0461,2025-07,50.0,100.0,0.0,100.0,0.0,,1,Govt. Primary School Ramachandran,Bathinda,Bathinda,412,Primary,Hindi
SCH0461,2025-12,20.0,0.0,100.0,100.0,100.0,100.0,1,Govt. Primary School Ramachandran,Bathinda,Bathinda,412,Primary,Hindi
SCH0462,2025-08,40.0,100.0,100.0,0.0,100.0,0.0,1,Govt. Senior Secondary School Gulati,Ferozepur,Zira,58,Higher Secondary,Hindi
SCH0462,2025-11,0.0,100.0,100.0,100.0,100.0,100.0,1,Govt. Senior Secondary School Gulati,Ferozepur,Zira,58,Higher Secondary,Hindi
SCH0462,2026-03,0.0,100.0,,100.0,100.0,100.0,1,Govt. Senior Secondary School Gulati,Ferozepur,Zira,58,Higher Secondary,Hindi
SCH0463,2025-01,0.0,100.0,100.0,100.0,100.0,100.0,1,Govt. Primary School Rajagopalan,Bathinda,Maur,277,Primary,Hindi
SCH0463,2025-06,60.0,0.0,100.0,0.0,100.0,0.0,1,Govt. Primary School Rajagopalan,Bathinda,Maur,277,Primary,Hindi
SCH0463,2025-08,30.0,50.0,100.0,100.0,50.0,50.0,2,Govt. Primary School Rajagopalan,Bathinda,Maur,277,Primary,Hindi
SCH0463,2025-09,0.0,100.0,100.0,100.0,100.0,100.0,1,Govt. Primary School Rajagopalan,Bathinda,Maur,277,Primary,Hindi
SCH0463,2025-12,40.0,0.0,100.0,0.0,100.0,100.0,1,Govt. Primary School Rajagopalan,Bathinda,Maur,277,Primary,Hindi
SCH0463,2026-02,20.0,100.0,100.0,100.0,100.0,0.0,1,Govt. Primary School Rajagopalan,Bathinda,Maur,277,Primary,Hindi
SCH0463,2026-08,0.0,100.0,100.0,100.0,100.0,100.0,1,Govt. Primary School Rajagopalan,Bathinda,Maur,277,Primary,Hindi
SCH0464,2025-05,20.0,0.0,100.0,100.0,100.0,100.0,1,Govt. Elementary School Khalsa,Jalandhar,Jalandhar-II,268,Upper Primary,Punjabi
SCH0464,2025-07,13.333333333333334,100.0,100.0,100.0,100.0,33.33333333333333,3,Govt. Elementary School Khalsa,Jalandhar,Jalandhar-II,268,Upper Primary,Punjabi
SCH0465,2025-05,20.0,100.0,100.0,100.0,100.0,0.0,1,Govt. Senior Secondary School Banerjee,Patiala,Rajpura,158,Secondary,English
SCH0465,2025-07,40.0,100.0,100.0,100.0,0.0,0.0,1,Govt. Senior Secondary School Banerjee,Patiala,Rajpura,158,Secondary,English
SCH0465,2025-11,75.0,0.0,0.0,,100.0,0.0,1,Govt. Senior Secondary School Banerjee,Patiala,Rajpura,158,Secondary,English
SCH0465,2026-01,12.5,100.0,100.0,100.0,100.0,50.0,2,Govt. Senior Secondary School Banerjee,Patiala,Rajpura,158,Secondary,English
SCH0466,2025-05,20.0,100.0,100.0,0.0,100.0,100.0,1,Govt. Middle School Chand,Ferozepur,Mamdot,272,Primary,Hindi
SCH0466,2025-06,0.0,100.0,100.0,100.0,100.0,,1,Govt. Middle School Chand,Ferozepur,Mamdot,272,Primary,Hindi
SCH0466,2025-07,30.0,66.66666666666666,66.66666666666666,100.0,33.33333333333333,100.0,3,Govt. Middle School Chand,Ferozepur,Mamdot,272,Primary,Hindi
SCH0466,2025-09,75.0,0.0,100.0,,0.0,0.0,1,Govt. Middle School Chand,Ferozepur,Mamdot,272,Primary,Hindi
SCH0466,2025-10,32.5,100.0,0.0,100.0,100.0,0.0,2,Govt. Middle School Chand,Ferozepur,Mamdot,272,Primary,Hindi
SCH0466,2026-02,50.0,100.0,100.0,0.0,,0.0,1,Govt. Middle School Chand,Ferozepur,Mamdot,272,Primary,Hindi
SCH0466,2026-03,40.0,100.0,100.0,100.0,0.0,0.0,1,Govt. Middle School Chand,Ferozepur,Mamdot,272,Primary,Hindi
SCH0467,2025-09,25.0,100.0,100.0,100.0,,0.0,1,Govt. Elementary School Krishnan,Bathinda,Rampura Phul,336,Upper Primary,Punjabi
SCH0467,2026-01,40.0,100.0,100.0,0.0,100.0,0.0,1,Govt. Elementary School Krishnan,Bathinda,Rampura Phul,336,Upper Primary,Punjabi
SCH0467,2026-03,50.0,,0.0,0.0,100.0,100.0,1,Govt. Elementary School Krishnan,Bathinda,Rampura Phul,336,Upper Primary,Punjabi
SCH0468,2025-04,30.0,50.0,100.0,100.0,100.0,0.0,2,Govt. Middle School Mishra,Bathinda,Talwandi Sabo,154,Secondary,Punjabi
SCH0468,2025-05,60.0,0.0,100.0,0.0,100.0,0.0,1,Govt. Middle School Mishra,Bathinda,Talwandi Sabo,154,Secondary,Punjabi
SCH0468,2025-07,60.0,0.0,0.0,100.0,100.0,0.0,1,Govt. Middle School Mishra,Bathinda,Talwandi Sabo,154,Secondary,Punjabi
SCH0469,2025-04,0.0,100.0,100.0,100.0,100.0,100.0,1,Govt. Middle School Gera,Ludhiana,Ludhiana-II,265,Primary,Hindi
SCH0469,2025-07,20.0,100.0,100.0,100.0,0.0,100.0,1,Govt. Middle School Gera,Ludhiana,Ludhiana-II,265,Primary,Hindi
SCH0469,2025-11,20.0,0.0,100.0,100.0,100.0,100.0,1,Govt. Middle School Gera,Ludhiana,Ludhiana-II,265,Primary,Hindi
SCH0469,2026-01,50.0,,100.0,100.0,0.0,0.0,1,Govt. Middle School Gera,Ludhiana,Ludhiana-II,265,Primary,Hindi
SCH0470,2026-01,40.0,100.0,100.0,0.0,0.0,100.0,1,Govt. Elementary School Handa,Jalandhar,Nakodar,348,Primary,Punjabi
SCH0471,2025-04,25.0,0.0,100.0,100.0,,100.0,1,Govt. Elementary School Chad,Sangrur,Unknown,285,Upper Primary,Punjabi
SCH0471,2025-09,25.0,,100.0,100.0,0.0,100.0,1,Govt. Elementary School Chad,Sangrur,Unknown,285,Upper Primary,Punjabi
SCH0471,2025-10,40.0,0.0,100.0,100.0,100.0,0.0,1,Govt. Elementary School Chad,Sangrur,Unknown,285,Upper Primary,Punjabi
SCH0471,2025-12,0.0,,,100.0,,100.0,1,Govt. Elementary School Chad,Sangrur,Unknown,285,Upper Primary,Punjabi
SCH0471,2026-02,40.0,100.0,0.0,100.0,100.0,0.0,1,Govt. Elementary School Chad,Sangrur,Unknown,285,Upper Primary,Punjabi
SCH0472,2025-03,0.0,100.0,100.0,100.0,100.0,,1,Govt. Senior Secondary School Nazareth,Jalandhar,Unknown,108,Primary,English
SCH0472,2025-07,0.0,100.0,100.0,,100.0,100.0,1,Govt. Senior Secondary School Nazareth,Jalandhar,Unknown,108,Primary,English
SCH0472,2026-03,25.0,100.0,100.0,0.0,100.0,,1,Govt. Senior Secondary School Nazareth,Jalandhar,Unknown,108,Primary,English
SCH0473,2025-04,0.0,100.0,100.0,100.0,100.0,100.0,1,Govt. Middle School Nori,Jalandhar,Phillaur,346,Primary,Hindi
SCH0473,2025-08,42.5,50.0,0.0,50.0,100.0,50.0,2,Govt. Middle School Nori,Jalandhar,Phillaur,346,Primary,Hindi
SCH0473,2025-09,40.0,100.0,100.0,100.0,0.0,0.0,1,Govt. Middle School Nori,Jalandhar,Phillaur,346,Primary,Hindi
SCH0473,2025-10,40.0,100.0,100.0,100.0,0.0,0.0,1,Govt. Middle School Nori,Jalandhar,Phillaur,346,Primary,Hindi
SCH0473,2026-02,0.0,100.0,,100.0,100.0,,1,Govt. Middle School Nori,Jalandhar,Phillaur,346,Primary,Hindi
SCH0474,2025-04,20.0,100.0,100.0,100.0,100.0,0.0,1,Govt. Senior Secondary School Borra,Sangrur,Dhuri,286,Higher Secondary,Hindi
SCH0474,2025-05,30.0,100.0,100.0,50.0,50.0,50.0,2,Govt. Senior Secondary School Borra,Sangrur,Dhuri,286,Higher Secondary,Hindi
SCH0474,2025-06,40.0,100.0,100.0,0.0,100.0,0.0,1,Govt. Senior Secondary School Borra,Sangrur,Dhuri,286,Higher Secondary,Hindi
SCH0474,2025-08,40.0,0.0,100.0,100.0,100.0,0.0,1,Govt. Senior Secondary School Borra,Sangrur,Dhuri,286,Higher Secondary,Hindi
SCH0474,2026-02,60.0,100.0,100.0,0.0,0.0,0.0,1,Govt. Senior Secondary School Borra,Sangrur,Dhuri,286,Higher Secondary,Hindi
SCH0474,2026-03,20.0,100.0,100.0,100.0,100.0,0.0,1,Govt. Senior Secondary School Borra,Sangrur,Dhuri,286,Higher Secondary,Hindi
SCH0475,2025-08,40.0,100.0,0.0,100.0,100.0,0.0,1,Govt. Primary School Prakash,Bathinda,Maur,410,Higher Secondary,Punjabi
SCH0475,2025-12,40.0,100.0,100.0,0.0,100.0,0.0,1,Govt. Primary School Prakash,Bathinda,Maur,410,Higher Secondary,Punjabi
SCH0475,2026-03,40.0,100.0,100.0,0.0,100.0,0.0,1,Govt. Primary School Prakash,Bathinda,Maur,410,Higher Secondary,Punjabi
SCH0476,2025-04,0.0,100.0,100.0,100.0,100.0,,1,Govt. Primary School Chowdhury,Jalandhar,Jalandhar-I,48,Higher Secondary,Hindi
SCH0476,2025-06,29.166666666666664,50.0,100.0,50.0,100.0,100.0,2,Govt. Primary School Chowdhury,Jalandhar,Jalandhar-I,48,Higher Secondary,Hindi
SCH0476,2025-10,20.0,50.0,100.0,100.0,100.0,50.0,2,Govt. Primary School Chowdhury,Jalandhar,Jalandhar-I,48,Higher Secondary,Hindi
SCH0476,2025-12,40.0,100.0,100.0,100.0,0.0,0.0,1,Govt. Primary School Chowdhury,Jalandhar,Jalandhar-I,48,Higher Secondary,Hindi
SCH0476,2026-01,0.0,100.0,100.0,100.0,100.0,100.0,1,Govt. Primary School Chowdhury,Jalandhar,Jalandhar-I,48,Higher Secondary,Hindi
SCH0477,2025-05,25.0,0.0,100.0,,100.0,100.0,1,Govt. Primary School Gupta,Ludhiana,Ludhiana-I,87,Upper Primary,Punjabi
SCH0477,2025-08,40.0,100.0,100.0,0.0,100.0,0.0,1,Govt. Primary School Gupta,Ludhiana,Ludhiana-I,87,Upper Primary,Punjabi
SCH0477,2025-09,25.0,100.0,,100.0,0.0,100.0,1,Govt. Primary School Gupta,Ludhiana,Ludhiana-I,87,Upper Primary,Punjabi
SCH0477,2026-01,40.0,0.0,100.0,100.0,100.0,0.0,1,Govt. Primary School Gupta,Ludhiana,Ludhiana-I,87,Upper Primary,Punjabi
SCH0477,2026-03,60.0,50.0,50.0,100.0,0.0,0.0,2,Govt. Primary School Gupta,Ludhiana,Ludhiana-I,87,Upper Primary,Punjabi
SCH0478,2025-06,40.0,100.0,0.0,100.0,0.0,100.0,1,Govt. Elementary School Padmanabhan,Ferozepur,Makhu,62,Higher Secondary,Punjabi
SCH0478,2025-09,20.0,100.0,100.0,0.0,100.0,100.0,1,Govt. Elementary School Padmanabhan,Ferozepur,Makhu,62,Higher Secondary,Punjabi
SCH0478,2026-03,0.0,,100.0,100.0,100.0,100.0,1,Govt. Elementary School Padmanabhan,Ferozepur,Makhu,62,Higher Secondary,Punjabi
SCH0479,2025-06,67.5,50.0,100.0,50.0,0.0,0.0,2,Govt. Primary School Tank,Moga,Moga-I,257,Higher Secondary,Hindi
SCH0479,2025-12,20.0,100.0,100.0,100.0,100.0,0.0,1,Govt. Primary School Tank,Moga,Moga-I,257,Higher Secondary,Hindi
SCH0479,2026-01,20.0,0.0,100.0,100.0,100.0,100.0,1,Govt. Primary School Tank,Moga,Moga-I,257,Higher Secondary,Hindi
SCH0479,2026-02,40.0,100.0,100.0,0.0,0.0,100.0,1,Govt. Primary School Tank,Moga,Moga-I,257,Higher Secondary,Hindi
SCH0479,2026-03,40.0,100.0,0.0,100.0,100.0,0.0,1,Govt. Primary School Tank,Moga,Moga-I,257,Higher Secondary,Hindi
SCH0480,2025-07,20.0,100.0,100.0,100.0,100.0,0.0,1,Govt. Primary School Brar,Unknown,Makhu,136,Primary,Punjabi
SCH0480,2025-09,10.0,100.0,100.0,50.0,100.0,100.0,2,Govt. Primary School Brar,Unknown,Makhu,136,Primary,Punjabi
SCH0481,2025-04,0.0,100.0,100.0,100.0,100.0,100.0,1,Govt. Middle School Bhatti,Patiala,Samana,249,Upper Primary,Hindi
SCH0481,2025-06,20.0,100.0,100.0,100.0,100.0,0.0,1,Govt. Middle School Bhatti,Patiala,Samana,249,Upper Primary,Hindi
SCH0481,2025-08,20.0,100.0,100.0,100.0,100.0,0.0,1,Govt. Middle School Bhatti,Patiala,Samana,249,Upper Primary,Hindi
SCH0481,2025-12,40.0,0.0,0.0,100.0,100.0,100.0,1,Govt. Middle School Bhatti,Patiala,Samana,249,Upper Primary,Hindi
SCH0481,2026-02,20.0,100.0,100.0,100.0,100.0,0.0,1,Govt. Middle School Bhatti,Patiala,Samana,249,Upper Primary,Hindi
SCH0482,2025-03,40.0,100.0,100.0,0.0,100.0,0.0,1,Govt. Elementary School Sibal,Ferozepur,Makhu,353,Higher Secondary,Hindi
SCH0482,2025-04,20.0,100.0,0.0,100.0,100.0,100.0,1,Govt. Elementary School Sibal,Ferozepur,Makhu,353,Higher Secondary,Hindi
SCH0482,2025-05,20.0,100.0,100.0,100.0,100.0,0.0,1,Govt. Elementary School Sibal,Ferozepur,Makhu,353,Higher Secondary,Hindi
SCH0482,2025-10,40.0,100.0,0.0,100.0,100.0,0.0,1,Govt. Elementary School Sibal,Ferozepur,Makhu,353,Higher Secondary,Hindi
SCH0482,2025-12,40.0,100.0,100.0,100.0,0.0,0.0,1,Govt. Elementary School Sibal,Ferozepur,Makhu,353,Higher Secondary,Hindi
SCH0483,2025-05,25.0,100.0,,100.0,100.0,0.0,1,Govt. Middle School Varkey,Sangrur,Sunam,229,Higher Secondary,Punjabi
SCH0483,2025-06,40.0,100.0,100.0,100.0,0.0,0.0,1,Govt. Middle School Varkey,Sangrur,Sunam,229,Higher Secondary,Punjabi
SCH0483,2025-11,40.0,100.0,100.0,100.0,0.0,0.0,1,Govt. Middle School Varkey,Sangrur,Sunam,229,Higher Secondary,Punjabi
SCH0484,2025-09,60.0,0.0,100.0,100.0,0.0,0.0,1,Govt. Elementary School Hayre,Jalandhar,Jalandhar-I,422,Upper Primary,Hindi
SCH0484,2025-10,60.0,0.0,100.0,0.0,100.0,0.0,1,Govt. Elementary School Hayre,Jalandhar,Jalandhar-I,422,Upper Primary,Hindi
SCH0484,2026-01,0.0,100.0,100.0,100.0,100.0,,1,Govt. Elementary School Hayre,Jalandhar,Jalandhar-I,422,Upper Primary,Hindi
SCH0485,2025-05,40.0,0.0,100.0,0.0,100.0,100.0,1,Govt. Senior Secondary School Gola,Ludhiana,Ludhiana-II,239,Primary,Hindi
SCH0485,2025-07,0.0,100.0,100.0,100.0,100.0,100.0,1,Govt. Senior Secondary School Gola,Ludhiana,Ludhiana-II,239,Primary,Hindi
SCH0485,2026-02,10.0,100.0,100.0,100.0,100.0,50.0,2,Govt. Senior Secondary School Gola,Ludhiana,Ludhiana-II,239,Primary,Hindi
SCH0486,2025-05,60.0,100.0,100.0,0.0,0.0,0.0,1,Govt. Primary School Johal,Ferozepur,Ferozepur,72,Secondary,Punjabi
SCH0486,2025-06,60.0,100.0,0.0,0.0,0.0,100.0,1,Govt. Primary School Johal,Ferozepur,Ferozepur,72,Secondary,Punjabi
SCH0486,2025-11,75.0,100.0,,0.0,0.0,0.0,1,Govt. Primary School Johal,Ferozepur,Ferozepur,72,Secondary,Punjabi
SCH0486,2026-02,50.0,100.0,100.0,0.0,0.0,,1,Govt. Primary School Johal,Ferozepur,Ferozepur,72,Secondary,Punjabi
SCH0486,2026-09,50.0,0.0,100.0,,100.0,0.0,1,Govt. Primary School Johal,Ferozepur,Ferozepur,72,Secondary,Punjabi
SCH0487,2025-05,40.0,100.0,100.0,100.0,0.0,0.0,1,Govt. Senior Secondary School Keer,Bathinda,Bathinda,436,Higher Secondary,Hindi
SCH0487,2025-08,25.0,,100.0,100.0,0.0,100.0,1,Govt. Senior Secondary School Keer,Bathinda,Bathinda,436,Higher Secondary,Hindi
SCH0487,2025-11,0.0,100.0,100.0,100.0,100.0,,1,Govt. Senior Secondary School Keer,Bathinda,Bathinda,436,Higher Secondary,Hindi
SCH0487,2026-02,40.0,0.0,100.0,100.0,100.0,0.0,1,Govt. Senior Secondary School Keer,Bathinda,Bathinda,436,Higher Secondary,Hindi
SCH0487,2026-03,25.0,,100.0,100.0,100.0,0.0,1,Govt. Senior Secondary School Keer,Bathinda,Bathinda,436,Higher Secondary,Hindi
SCH0488,2025-03,60.0,0.0,100.0,100.0,0.0,0.0,1,Govt. Primary School Nayak,Bathinda,Maur,57,Upper Primary,Punjabi
SCH0488,2025-08,20.0,100.0,100.0,100.0,50.0,50.0,2,Govt. Primary School Nayak,Bathinda,Maur,57,Upper Primary,Punjabi
SCH0488,2025-10,25.0,100.0,100.0,100.0,0.0,,1,Govt. Primary School Nayak,Bathinda,Maur,57,Upper Primary,Punjabi
SCH0488,2025-12,50.0,0.0,,100.0,0.0,100.0,1,Govt. Primary School Nayak,Bathinda,Maur,57,Upper Primary,Punjabi
SCH0488,2026-01,40.0,100.0,100.0,0.0,100.0,0.0,1,Govt. Primary School Nayak,Bathinda,Maur,57,Upper Primary,Punjabi
SCH0489,2025-04,21.666666666666668,100.0,100.0,100.0,50.0,33.33333333333333,3,Govt. Elementary School Pant,Jalandhar,Jalandhar-I,181,Secondary,Hindi
SCH0489,2025-05,40.0,100.0,0.0,100.0,100.0,0.0,1,Govt. Elementary School Pant,Jalandhar,Jalandhar-I,181,Secondary,Hindi
SCH0489,2025-10,25.0,100.0,100.0,100.0,50.0,50.0,2,Govt. Elementary School Pant,Jalandhar,Jalandhar-I,181,Secondary,Hindi
SCH0489,2025-11,10.0,100.0,100.0,100.0,100.0,50.0,2,Govt. Elementary School Pant,Jalandhar,Jalandhar-I,181,Secondary,Hindi
SCH0490,2025-05,20.0,100.0,100.0,100.0,100.0,0.0,1,Govt. Middle School Dutta,Ludhiana,Ludhiana-I,86,Secondary,Hindi
SCH0490,2025-07,30.0,100.0,100.0,50.0,50.0,50.0,2,Govt. Middle School Dutta,Ludhiana,Ludhiana-I,86,Secondary,Hindi
SCH0490,2025-09,60.0,0.0,0.0,100.0,100.0,0.0,1,Govt. Middle School Dutta,Ludhiana,Ludhiana-I,86,Secondary,Hindi
SCH0490,2026-01,40.0,100.0,100.0,0.0,100.0,0.0,1,Govt. Middle School Dutta,Ludhiana,Ludhiana-I,86,Secondary,Hindi
SCH0491,2025-07,45.0,100.0,50.0,100.0,50.0,0.0,2,Govt. Primary School Raman,Unknown,Dhuri,334,Upper Primary,Hindi
SCH0491,2026-02,40.0,100.0,0.0,100.0,0.0,100.0,1,Govt. Primary School Raman,Unknown,Dhuri,334,Upper Primary,Hindi
SCH0492,2025-04,20.0,100.0,100.0,100.0,0.0,100.0,1,Govt. Middle School Dalal,Bathinda,Rampura Phul,99,Secondary,Punjabi
SCH0492,2025-06,40.0,100.0,100.0,100.0,0.0,0.0,1,Govt. Middle School Dalal,Bathinda,Rampura Phul,99,Secondary,Punjabi
SCH0492,2025-09,20.0,100.0,100.0,100.0,100.0,0.0,1,Govt. Middle School Dalal,Bathinda,Rampura Phul,99,Secondary,Punjabi
SCH0492,2025-11,40.0,100.0,100.0,0.0,100.0,0.0,1,Govt. Middle School Dalal,Bathinda,Rampura Phul,99,Secondary,Punjabi
SCH0493,2025-04,60.0,0.0,100.0,0.0,0.0,100.0,1,Govt. Primary School Bhattacharyya,Sangrur,Sunam,427,Higher Secondary,English
SCH0493,2025-06,0.0,100.0,100.0,100.0,100.0,100.0,1,Govt. Primary School Bhattacharyya,Sangrur,Sunam,427,Higher Secondary,English
SCH0493,2025-07,40.0,100.0,50.0,50.0,66.66666666666666,33.33333333333333,4,Govt. Primary School Bhattacharyya,Sangrur,Sunam,427,Higher Secondary,English
SCH0493,2025-08,50.0,50.0,50.0,50.0,50.0,50.0,2,Govt. Primary School Bhattacharyya,Sangrur,Sunam,427,Higher Secondary,English
SCH0494,2025-06,50.0,0.0,100.0,,100.0,0.0,1,Govt. Senior Secondary School Kurian,Amritsar,Tarn Taran,364,Upper Primary,Punjabi
SCH0494,2025-09,80.0,0.0,0.0,100.0,0.0,0.0,1,Govt. Senior Secondary School Kurian,Amritsar,Tarn Taran,364,Upper Primary,Punjabi
SCH0494,2025-12,50.0,,0.0,100.0,100.0,0.0,1,Govt. Senior Secondary School Kurian,Amritsar,Tarn Taran,364,Upper Primary,Punjabi
SCH0494,2026-02,60.0,0.0,0.0,100.0,0.0,100.0,1,Govt. Senior Secondary School Kurian,Amritsar,Tarn Taran,364,Upper Primary,Punjabi
SCH0495,2025-06,80.0,0.0,100.0,0.0,0.0,0.0,1,Govt. Elementary School Sandal,Moga,Moga-I,398,Upper Primary,English
SCH0495,2025-09,20.0,0.0,100.0,100.0,100.0,100.0,1,Govt. Elementary School Sandal,Moga,Moga-I,398,Upper Primary,English
SCH0495,2025-10,0.0,100.0,100.0,100.0,100.0,100.0,1,Govt. Elementary School Sandal,Moga,Moga-I,398,Upper Primary,English
SCH0495,2025-11,20.0,0.0,100.0,100.0,100.0,100.0,1,Govt. Elementary School Sandal,Moga,Moga-I,398,Upper Primary,English
SCH0495,2026-01,20.0,100.0,0.0,100.0,100.0,100.0,1,Govt. Elementary School Sandal,Moga,Moga-I,398,Upper Primary,English
SCH0495,2026-03,30.0,50.0,100.0,100.0,0.0,100.0,2,Govt. Elementary School Sandal,Moga,Moga-I,398,Upper Primary,English
SCH0496,2025-07,20.0,100.0,100.0,100.0,100.0,0.0,1,Govt. Middle School Hayre,Amritsar,Amritsar-II,283,Upper Primary,Hindi
SCH0496,2025-08,20.0,100.0,100.0,100.0,0.0,100.0,1,Govt. Middle School Hayre,Amritsar,Amritsar-II,283,Upper Primary,Hindi
SCH0496,2025-09,40.0,100.0,100.0,0.0,100.0,0.0,1,Govt. Middle School Hayre,Amritsar,Amritsar-II,283,Upper Primary,Hindi
SCH0496,2026-01,20.0,100.0,100.0,0.0,100.0,100.0,1,Govt. Middle School Hayre,Amritsar,Amritsar-II,283,Upper Primary,Hindi
SCH0496,2026-02,40.0,0.0,100.0,100.0,0.0,100.0,1,Govt. Middle School Hayre,Amritsar,Amritsar-II,283,Upper Primary,Hindi
SCH0496,2026-03,40.0,50.0,100.0,50.0,50.0,50.0,2,Govt. Middle School Hayre,Amritsar,Amritsar-II,283,Upper Primary,Hindi
SCH0497,2025-08,40.0,0.0,100.0,100.0,100.0,0.0,1,Govt. Senior Secondary School Wali,Sangrur,Sunam,160,Secondary,Hindi
SCH0497,2025-10,28.333333333333332,100.0,100.0,100.0,66.66666666666666,0.0,3,Govt. Senior Secondary School Wali,Sangrur,Sunam,160,Secondary,Hindi
SCH0497,2025-11,32.5,50.0,100.0,100.0,50.0,0.0,2,Govt. Senior Secondary School Wali,Sangrur,Sunam,160,Secondary,Hindi
SCH0498,2025-04,60.0,0.0,100.0,100.0,0.0,0.0,2,Govt. Elementary School Pillay,Moga,Moga-II,438,Primary,Hindi
SCH0498,2025-12,20.0,100.0,100.0,0.0,100.0,100.0,1,Govt. Elementary School Pillay,Moga,Moga-II,438,Primary,Hindi
SCH0499,2025-05,40.0,100.0,100.0,100.0,0.0,0.0,1,Govt. Middle School Oak,Ludhiana,Machhiwara,230,Higher Secondary,Hindi
SCH0499,2026-03,50.0,0.0,100.0,,100.0,0.0,1,Govt. Middle School Oak,Ludhiana,Machhiwara,230,Higher Secondary,Hindi
SCH0500,2025-10,0.0,100.0,100.0,100.0,100.0,100.0,1,Govt. Elementary School Kala,Bathinda,Talwandi Sabo,153,Upper Primary,Hindi
SCH0500,2025-12,20.0,0.0,100.0,100.0,100.0,100.0,1,Govt. Elementary School Kala,Bathinda,Talwandi Sabo,153,Upper Primary,Hindi
SCH0500,2026-01,20.0,100.0,100.0,100.0,0.0,100.0,1,Govt. Elementary School Kala,Bathinda,Talwandi Sabo,153,Upper Primary,Hindi
SCH0500,2026-03,25.0,100.0,100.0,100.0,0.0,,1,Govt. Elementary School Kala,Bathinda,Talwandi Sabo,153,Upper Primary,Hindi
SCH0501,2025-04,20.0,100.0,100.0,100.0,0.0,100.0,1,Govt. Primary School Devi,Ludhiana,Doraha,241,Upper Primary,Punjabi
SCH0501,2025-09,25.0,,100.0,100.0,0.0,100.0,1,Govt. Primary School Devi,Ludhiana,Doraha,241,Upper Primary,Punjabi
SCH0501,2025-10,0.0,,100.0,100.0,100.0,100.0,1,Govt. Primary School Devi,Ludhiana,Doraha,241,Upper Primary,Punjabi
SCH0501,2026-09,20.0,100.0,100.0,100.0,0.0,100.0,1,Govt. Primary School Devi,Ludhiana,Doraha,241,Upper Primary,Punjabi
SCH0502,2025-10,10.0,100.0,100.0,50.0,100.0,100.0,2,Govt. Middle School Yogi,Moga,Moga-I,46,Higher Secondary,English
SCH0502,2025-12,25.0,,100.0,100.0,100.0,0.0,1,Govt. Middle School Yogi,Moga,Moga-I,46,Higher Secondary,English
SCH0502,2026-01,50.0,0.0,100.0,100.0,,0.0,1,Govt. Middle School Yogi,Moga,Moga-I,46,Higher Secondary,English
SCH0502,2026-02,60.0,100.0,100.0,0.0,0.0,0.0,1,Govt. Middle School Yogi,Moga,Moga-I,46,Higher Secondary,English
SCH0503,2025-09,0.0,100.0,100.0,100.0,100.0,100.0,1,Govt. Elementary School Lala,Jalandhar,Nakodar,161,Secondary,Punjabi
SCH0503,2025-12,40.0,0.0,100.0,100.0,100.0,0.0,1,Govt. Elementary School Lala,Jalandhar,Nakodar,161,Secondary,Punjabi
SCH0503,2026-03,40.0,0.0,100.0,100.0,0.0,100.0,1,Govt. Elementary School Lala,Jalandhar,Nakodar,161,Secondary,Punjabi
SCH0504,2025-05,20.0,0.0,100.0,100.0,100.0,100.0,1,Govt. Senior Secondary School Barad,Moga,Bagha Purana,245,Upper Primary,English
SCH0504,2025-07,25.0,,100.0,100.0,100.0,0.0,1,Govt. Senior Secondary School Barad,Moga,Bagha Purana,245,Upper Primary,English
SCH0504,2026-02,20.0,100.0,100.0,100.0,100.0,0.0,1,Govt. Senior Secondary School Barad,Moga,Bagha Purana,245,Upper Primary,English
SCH0505,2025-05,42.5,50.0,100.0,50.0,50.0,0.0,2,Govt. Primary School Chakraborty,Patiala,Rajpura,235,Upper Primary,Punjabi
SCH0505,2025-09,20.0,100.0,100.0,100.0,0.0,100.0,1,Govt. Primary School Chakraborty,Patiala,Rajpura,235,Upper Primary,Punjabi
SCH0505,2025-11,60.0,100.0,100.0,0.0,0.0,0.0,1,Govt. Primary School Chakraborty,Patiala,Rajpura,235,Upper Primary,Punjabi
SCH0505,2026-01,30.0,50.0,50.0,100.0,100.0,50.0,2,Govt. Primary School Chakraborty,Patiala,Rajpura,235,Upper Primary,Punjabi
SCH0506,2025-04,20.0,100.0,100.0,100.0,100.0,0.0,1,Govt. Primary School Parekh,Jalandhar,Nakodar,442,Secondary,Hindi
SCH0506,2025-06,60.0,0.0,100.0,100.0,0.0,0.0,1,Govt. Primary School Parekh,Jalandhar,Nakodar,442,Secondary,Hindi
SCH0506,2025-10,20.0,100.0,100.0,100.0,100.0,0.0,1,Govt. Primary School Parekh,Jalandhar,Nakodar,442,Secondary,Hindi
SCH0506,2025-11,40.0,100.0,100.0,0.0,100.0,0.0,1,Govt. Primary School Parekh,Jalandhar,Nakodar,442,Secondary,Hindi
SCH0506,2026-03,0.0,100.0,100.0,100.0,100.0,100.0,1,Govt. Primary School Parekh,Jalandhar,Nakodar,442,Secondary,Hindi
SCH0507,2025-07,20.0,100.0,100.0,100.0,0.0,100.0,1,Govt. Middle School Gola,Ludhiana,Ludhiana-II,170,Primary,English
SCH0507,2025-09,20.0,100.0,100.0,100.0,100.0,0.0,1,Govt. Middle School Gola,Ludhiana,Ludhiana-II,170,Primary,English
SCH0508,2025-07,20.0,100.0,100.0,100.0,0.0,100.0,1,Govt. Senior Secondary School Kara,Bathinda,Rampura Phul,50,Secondary,Hindi
SCH0508,2025-08,80.0,0.0,0.0,0.0,100.0,0.0,1,Govt. Senior Secondary School Kara,Bathinda,Rampura Phul,50,Secondary,Hindi
SCH0508,2026-02,33.33333333333333,,100.0,100.0,,0.0,1,Govt. Senior Secondary School Kara,Bathinda,Rampura Phul,50,Secondary,Hindi
SCH0509,2025-04,40.0,50.0,100.0,100.0,50.0,0.0,2,Govt. Elementary School Maharaj,Jalandhar,Nakodar,221,Higher Secondary,Punjabi
SCH0509,2025-05,20.0,100.0,100.0,100.0,100.0,0.0,1,Govt. Elementary School Maharaj,Jalandhar,Nakodar,221,Higher Secondary,Punjabi
SCH0509,2025-08,20.0,0.0,100.0,100.0,100.0,100.0,1,Govt. Elementary School Maharaj,Jalandhar,Nakodar,221,Higher Secondary,Punjabi
SCH0509,2025-09,0.0,100.0,100.0,100.0,100.0,100.0,1,Govt. Elementary School Maharaj,Jalandhar,Nakodar,221,Higher Secondary,Punjabi
SCH0509,2025-10,50.0,0.0,,100.0,100.0,0.0,1,Govt. Elementary School Maharaj,Jalandhar,Nakodar,221,Higher Secondary,Punjabi
SCH0509,2025-12,36.666666666666664,66.66666666666666,66.66666666666666,50.0,33.33333333333333,100.0,3,Govt. Elementary School Maharaj,Jalandhar,Nakodar,221,Higher Secondary,Punjabi
SCH0509,2026-01,25.0,100.0,100.0,100.0,0.0,,1,Govt. Elementary School Maharaj,Jalandhar,Nakodar,221,Higher Secondary,Punjabi
SCH0510,2025-09,60.0,0.0,0.0,100.0,100.0,0.0,1,Govt. Middle School Kant,Bathinda,Talwandi Sabo,363,Upper Primary,Hindi
SCH0510,2025-10,75.0,100.0,0.0,,0.0,0.0,1,Govt. Middle School Kant,Bathinda,Talwandi Sabo,363,Upper Primary,Hindi
SCH0510,2025-12,40.0,0.0,100.0,100.0,100.0,0.0,1,Govt. Middle School Kant,Bathinda,Talwandi Sabo,363,Upper Primary,Hindi
SCH0510,2026-03,40.0,100.0,100.0,100.0,0.0,0.0,1,Govt. Middle School Kant,Bathinda,Talwandi Sabo,363,Upper Primary,Hindi
SCH0511,2025-10,60.0,0.0,100.0,100.0,0.0,0.0,1,Govt. Middle School Kuruvilla,Ferozepur,Ferozepur,80,Upper Primary,Hindi
SCH0511,2026-02,0.0,100.0,100.0,100.0,100.0,100.0,1,Govt. Middle School Kuruvilla,Ferozepur,Ferozepur,80,Upper Primary,Hindi
SCH0512,2025-08,50.0,100.0,0.0,,0.0,100.0,1,Govt. Elementary School Chana,Ferozepur,Makhu,267,Secondary,Hindi
SCH0512,2025-10,75.0,,0.0,0.0,0.0,100.0,1,Govt. Elementary School Chana,Ferozepur,Makhu,267,Secondary,Hindi
SCH0512,2026-02,33.333333333333336,33.33333333333333,66.66666666666666,100.0,33.33333333333333,100.0,3,Govt. Elementary School Chana,Ferozepur,Makhu,267,Secondary,Hindi
SCH0512,2026-03,20.0,100.0,0.0,100.0,100.0,100.0,1,Govt. Elementary School Chana,Ferozepur,Makhu,267,Secondary,Hindi
SCH0513,2025-07,6.666666666666667,100.0,66.66666666666666,100.0,100.0,100.0,3,Govt. Primary School Sachdeva,Ludhiana,Ludhiana-II,412,Secondary,Punjabi
SCH0513,2025-10,20.0,0.0,100.0,100.0,100.0,100.0,1,Govt. Primary School Sachdeva,Ludhiana,Ludhiana-II,412,Secondary,Punjabi
SCH0513,2025-12,40.0,100.0,0.0,100.0,100.0,0.0,1,Govt. Primary School Sachdeva,Ludhiana,Ludhiana-II,412,Secondary,Punjabi
SCH0513,2026-03,40.0,100.0,0.0,0.0,100.0,100.0,1,Govt. Primary School Sachdeva,Ludhiana,Ludhiana-II,412,Secondary,Punjabi
SCH0514,2025-06,40.0,100.0,100.0,100.0,0.0,0.0,1,Govt. Primary School Mahal,Amritsar,Amritsar-I,72,Higher Secondary,Hindi
SCH0514,2025-11,33.333333333333336,100.0,66.66666666666666,66.66666666666666,66.66666666666666,50.0,3,Govt. Primary School Mahal,Amritsar,Amritsar-I,72,Higher Secondary,Hindi
SCH0514,2025-12,60.0,0.0,100.0,0.0,100.0,0.0,1,Govt. Primary School Mahal,Amritsar,Amritsar-I,72,Higher Secondary,Hindi
SCH0514,2026-01,20.0,100.0,100.0,100.0,100.0,0.0,1,Govt. Primary School Mahal,Amritsar,Amritsar-I,72,Higher Secondary,Hindi
SCH0515,2025-07,80.0,0.0,100.0,0.0,0.0,0.0,1,Govt. Elementary School Rattan,Amritsar,Amritsar-I,174,Primary,Hindi
SCH0515,2025-12,60.0,0.0,0.0,100.0,100.0,0.0,1,Govt. Elementary School Rattan,Amritsar,Amritsar-I,174,Primary,Hindi
SCH0515,2026-03,20.0,100.0,100.0,100.0,100.0,0.0,1,Govt. Elementary School Rattan,Amritsar,Amritsar-I,174,Primary,Hindi
SCH0516,2025-08,40.0,0.0,100.0,100.0,100.0,0.0,1,Govt. Middle School Misra,Bathinda,Talwandi Sabo,360,Upper Primary,English
SCH0516,2026-01,0.0,100.0,100.0,100.0,100.0,100.0,1,Govt. Middle School Misra,Bathinda,Talwandi Sabo,360,Upper Primary,English
SCH0516,2026-03,20.0,100.0,100.0,100.0,0.0,100.0,1,Govt. Middle School Misra,Bathinda,Talwandi Sabo,360,Upper Primary,English
SCH0517,2025-06,40.0,100.0,0.0,100.0,0.0,100.0,1,Govt. Senior Secondary School Mangat,Sangrur,Dhuri,316,Higher Secondary,Punjabi
SCH0517,2025-07,0.0,100.0,100.0,100.0,100.0,100.0,1,Govt. Senior Secondary School Mangat,Sangrur,Dhuri,316,Higher Secondary,Punjabi
SCH0517,2025-10,20.0,100.0,100.0,100.0,100.0,0.0,1,Govt. Senior Secondary School Mangat,Sangrur,Dhuri,316,Higher Secondary,Punjabi
SCH0517,2025-11,40.0,100.0,100.0,100.0,0.0,0.0,1,Govt. Senior Secondary School Mangat,Sangrur,Dhuri,316,Higher Secondary,Punjabi
SCH0517,2026-03,30.0,100.0,100.0,100.0,50.0,0.0,2,Govt. Senior Secondary School Mangat,Sangrur,Dhuri,316,Higher Secondary,Punjabi
SCH0518,2025-01,40.0,100.0,0.0,100.0,100.0,0.0,1,Govt. Elementary School Sibal,Ferozepur,Makhu,217,Upper Primary,Punjabi
SCH0518,2025-07,60.0,100.0,100.0,0.0,0.0,0.0,1,Govt. Elementary School Sibal,Ferozepur,Makhu,217,Upper Primary,Punjabi
SCH0518,2025-11,60.0,0.0,100.0,100.0,0.0,0.0,1,Govt. Elementary School Sibal,Ferozepur,Makhu,217,Upper Primary,Punjabi
SCH0519,2025-06,40.0,100.0,0.0,100.0,0.0,100.0,1,Govt. Elementary School Palan,Unknown,Maur,195,Upper Primary,Punjabi
SCH0520,2025-01,20.0,0.0,100.0,100.0,100.0,100.0,1,Govt. Primary School Banerjee,Sangrur,Malerkotla,44,Secondary,Hindi
SCH0520,2025-09,50.0,,0.0,100.0,100.0,0.0,1,Govt. Primary School Banerjee,Sangrur,Malerkotla,44,Secondary,Hindi
SCH0520,2026-03,40.0,100.0,100.0,100.0,0.0,0.0,1,Govt. Primary School Banerjee,Sangrur,Malerkotla,44,Secondary,Hindi
SCH0521,2025-04,20.0,100.0,100.0,100.0,50.0,50.0,2,Govt. Senior Secondary School Sharaf,Ferozepur,Mamdot,242,Higher Secondary,Punjabi
SCH0521,2025-05,40.0,50.0,50.0,50.0,100.0,50.0,2,Govt. Senior Secondary School Sharaf,Ferozepur,Mamdot,242,Higher Secondary,Punjabi
SCH0521,2025-09,40.0,100.0,0.0,100.0,100.0,0.0,1,Govt. Senior Secondary School Sharaf,Ferozepur,Mamdot,242,Higher Secondary,Punjabi
SCH0521,2026-03,40.0,100.0,100.0,0.0,100.0,0.0,1,Govt. Senior Secondary School Sharaf,Ferozepur,Mamdot,242,Higher Secondary,Punjabi
SCH0522,2025-07,20.0,100.0,100.0,0.0,100.0,100.0,1,Govt. Primary School Lalla,Patiala,Samana,185,Secondary,English
SCH0522,2025-10,20.0,100.0,100.0,100.0,50.0,50.0,2,Govt. Primary School Lalla,Patiala,Samana,185,Secondary,English
SCH0522,2025-12,25.0,100.0,,0.0,100.0,100.0,1,Govt. Primary School Lalla,Patiala,Samana,185,Secondary,English
SCH0523,2025-05,25.0,100.0,,100.0,100.0,0.0,1,Govt. Primary School Hora,Amritsar,Tarn Taran,356,Higher Secondary,Hindi
SCH0523,2025-07,40.0,100.0,100.0,100.0,0.0,0.0,1,Govt. Primary School Hora,Amritsar,Tarn Taran,356,Higher Secondary,Hindi
SCH0523,2025-08,0.0,100.0,100.0,100.0,100.0,100.0,2,Govt. Primary School Hora,Amritsar,Tarn Taran,356,Higher Secondary,Hindi
SCH0523,2025-10,40.0,100.0,100.0,0.0,100.0,0.0,1,Govt. Primary School Hora,Amritsar,Tarn Taran,356,Higher Secondary,Hindi
SCH0523,2026-08,25.0,100.0,100.0,,100.0,0.0,1,Govt. Primary School Hora,Amritsar,Tarn Taran,356,Higher Secondary,Hindi
SCH0524,2025-03,40.0,100.0,100.0,100.0,0.0,0.0,1,Govt. Primary School Sabharwal,Ludhiana,Ludhiana-II,92,Upper Primary,Hindi
SCH0524,2025-04,40.0,100.0,0.0,0.0,100.0,100.0,1,Govt. Primary School Sabharwal,Ludhiana,Ludhiana-II,92,Upper Primary,Hindi
SCH0524,2025-09,40.0,0.0,100.0,100.0,0.0,100.0,1,Govt. Primary School Sabharwal,Ludhiana,Ludhiana-II,92,Upper Primary,Hindi
SCH0524,2025-11,20.0,100.0,100.0,100.0,0.0,100.0,1,Govt. Primary School Sabharwal,Ludhiana,Ludhiana-II,92,Upper Primary,Hindi
SCH0524,2025-12,25.0,100.0,,100.0,0.0,100.0,1,Govt. Primary School Sabharwal,Ludhiana,Ludhiana-II,92,Upper Primary,Hindi
SCH0524,2026-01,20.0,0.0,100.0,100.0,100.0,100.0,1,Govt. Primary School Sabharwal,Ludhiana,Ludhiana-II,92,Upper Primary,Hindi
SCH0524,2026-03,40.0,50.0,100.0,50.0,100.0,0.0,2,Govt. Primary School Sabharwal,Ludhiana,Ludhiana-II,92,Upper Primary,Hindi
SCH0525,2025-08,60.0,0.0,100.0,0.0,100.0,0.0,1,Govt. Elementary School Karpe,Ludhiana,Machhiwara,151,Secondary,Punjabi
SCH0525,2025-10,20.0,0.0,100.0,100.0,100.0,100.0,1,Govt. Elementary School Karpe,Ludhiana,Machhiwara,151,Secondary,Punjabi
SCH0525,2025-12,0.0,100.0,100.0,100.0,100.0,,1,Govt. Elementary School Karpe,Ludhiana,Machhiwara,151,Secondary,Punjabi
SCH0525,2026-01,20.0,100.0,100.0,100.0,100.0,0.0,1,Govt. Elementary School Karpe,Ludhiana,Machhiwara,151,Secondary,Punjabi
SCH0526,2025-04,20.0,100.0,50.0,100.0,50.0,100.0,2,Govt. Elementary School Raman,Ludhiana,Unknown,81,Upper Primary,Punjabi
SCH0526,2025-06,60.0,0.0,0.0,100.0,100.0,0.0,1,Govt. Elementary School Raman,Ludhiana,Unknown,81,Upper Primary,Punjabi
SCH0526,2025-07,40.0,100.0,0.0,100.0,100.0,0.0,1,Govt. Elementary School Raman,Ludhiana,Unknown,81,Upper Primary,Punjabi
SCH0526,2025-08,40.0,50.0,50.0,100.0,50.0,50.0,2,Govt. Elementary School Raman,Ludhiana,Unknown,81,Upper Primary,Punjabi
SCH0526,2025-10,80.0,0.0,0.0,0.0,100.0,0.0,1,Govt. Elementary School Raman,Ludhiana,Unknown,81,Upper Primary,Punjabi
SCH0526,2026-01,40.0,100.0,100.0,100.0,0.0,0.0,1,Govt. Elementary School Raman,Ludhiana,Unknown,81,Upper Primary,Punjabi
SCH0527,2025-05,20.0,100.0,100.0,100.0,100.0,0.0,1,Govt. Senior Secondary School Bath,Jalandhar,Jalandhar-II,168,Primary,Punjabi
SCH0527,2025-06,40.0,100.0,100.0,0.0,100.0,0.0,1,Govt. Senior Secondary School Bath,Jalandhar,Jalandhar-II,168,Primary,Punjabi
SCH0527,2025-10,0.0,100.0,100.0,100.0,100.0,100.0,1,Govt. Senior Secondary School Bath,Jalandhar,Jalandhar-II,168,Primary,Punjabi
SCH0527,2025-12,60.0,100.0,0.0,100.0,0.0,0.0,1,Govt. Senior Secondary School Bath,Jalandhar,Jalandhar-II,168,Primary,Punjabi
SCH0527,2026-03,25.0,0.0,100.0,100.0,100.0,,1,Govt. Senior Secondary School Bath,Jalandhar,Jalandhar-II,168,Primary,Punjabi
SCH0528,2025-07,25.0,100.0,100.0,0.0,,100.0,1,Govt. Senior Secondary School Sunder,Patiala,Patiala,141,Primary,English
SCH0528,2025-08,0.0,100.0,100.0,100.0,100.0,100.0,1,Govt. Senior Secondary School Sunder,Patiala,Patiala,141,Primary,English
SCH0528,2025-12,40.0,100.0,100.0,0.0,100.0,0.0,1,Govt. Senior Secondary School Sunder,Patiala,Patiala,141,Primary,English
SCH0529,2025-12,60.0,100.0,0.0,0.0,100.0,0.0,1,Govt. Middle School Ganguly,Moga,Moga-II,362,Primary,Punjabi
SCH0529,2026-02,40.0,100.0,100.0,0.0,0.0,100.0,1,Govt. Middle School Ganguly,Moga,Moga-II,362,Primary,Punjabi
SCH0530,2025-05,25.0,100.0,0.0,100.0,100.0,,1,Govt. Middle School Kata,Patiala,Patiala,160,Secondary,Punjabi
SCH0530,2025-07,25.0,100.0,100.0,,100.0,0.0,1,Govt. Middle School Kata,Patiala,Patiala,160,Secondary,Punjabi
SCH0530,2026-01,0.0,100.0,100.0,100.0,100.0,100.0,1,Govt. Middle School Kata,Patiala,Patiala,160,Secondary,Punjabi
SCH0530,2026-02,60.0,0.0,100.0,100.0,0.0,0.0,1,Govt. Middle School Kata,Patiala,Patiala,160,Secondary,Punjabi
SCH0531,2025-09,40.0,0.0,100.0,100.0,100.0,0.0,1,Govt. Senior Secondary School Acharya,Patiala,Patiala,61,Higher Secondary,Punjabi
SCH0531,2025-11,45.0,0.0,100.0,100.0,50.0,0.0,2,Govt. Senior Secondary School Acharya,Patiala,Patiala,61,Higher Secondary,Punjabi
SCH0531,2026-01,0.0,100.0,100.0,100.0,100.0,100.0,1,Govt. Senior Secondary School Acharya,Patiala,Patiala,61,Higher Secondary,Punjabi
SCH0532,2025-12,20.0,100.0,100.0,100.0,0.0,100.0,2,Govt. Primary School Sahni,Patiala,Unknown,295,Secondary,Hindi
SCH0532,2026-02,51.666666666666664,33.33333333333333,100.0,100.0,0.0,33.33333333333333,3,Govt. Primary School Sahni,Patiala,Unknown,295,Secondary,Hindi
SCH0533,2025-04,20.0,100.0,100.0,100.0,0.0,100.0,1,Govt. Elementary School Tailor,Amritsar,Amritsar-II,289,Secondary,Punjabi
SCH0533,2025-05,25.0,100.0,0.0,100.0,,100.0,1,Govt. Elementary School Tailor,Amritsar,Amritsar-II,289,Secondary,Punjabi
SCH0533,2025-06,0.0,100.0,100.0,100.0,100.0,100.0,1,Govt. Elementary School Tailor,Amritsar,Amritsar-II,289,Secondary,Punjabi
SCH0533,2026-01,75.0,0.0,0.0,,100.0,0.0,1,Govt. Elementary School Tailor,Amritsar,Amritsar-II,289,Secondary,Punjabi
SCH0533,2026-02,40.0,0.0,100.0,100.0,100.0,0.0,1,Govt. Elementary School Tailor,Amritsar,Amritsar-II,289,Secondary,Punjabi
SCH0533,2026-03,20.0,0.0,100.0,100.0,100.0,100.0,1,Govt. Elementary School Tailor,Amritsar,Amritsar-II,289,Secondary,Punjabi
SCH0534,2025-04,66.66666666666666,100.0,0.0,,,0.0,1,Govt. Elementary School Pau,Ferozepur,Makhu,410,Primary,Hindi
SCH0534,2025-05,20.0,100.0,100.0,100.0,100.0,0.0,1,Govt. Elementary School Pau,Ferozepur,Makhu,410,Primary,Hindi
SCH0534,2025-07,40.0,100.0,100.0,0.0,100.0,0.0,1,Govt. Elementary School Pau,Ferozepur,Makhu,410,Primary,Hindi
SCH0534,2025-08,40.0,100.0,0.0,100.0,100.0,0.0,1,Govt. Elementary School Pau,Ferozepur,Makhu,410,Primary,Hindi
SCH0534,2025-10,45.0,50.0,100.0,0.0,100.0,0.0,2,Govt. Elementary School Pau,Ferozepur,Makhu,410,Primary,Hindi
SCH0534,2025-11,20.0,100.0,0.0,100.0,100.0,100.0,1,Govt. Elementary School Pau,Ferozepur,Makhu,410,Primary,Hindi
SCH0534,2025-12,80.0,100.0,0.0,0.0,0.0,0.0,1,Govt. Elementary School Pau,Ferozepur,Makhu,410,Primary,Hindi
SCH0534,2026-02,40.0,100.0,50.0,50.0,50.0,50.0,2,Govt. Elementary School Pau,Ferozepur,Makhu,410,Primary,Hindi
SCH0534,2026-03,20.0,0.0,100.0,100.0,100.0,100.0,1,Govt. Elementary School Pau,Ferozepur,Makhu,410,Primary,Hindi
SCH0535,2025-04,40.0,100.0,0.0,100.0,0.0,100.0,1,Govt. Elementary School Viswanathan,Sangrur,Sunam,330,Secondary,Hindi
SCH0535,2025-07,50.0,50.0,0.0,100.0,0.0,100.0,2,Govt. Elementary School Viswanathan,Sangrur,Sunam,330,Secondary,Hindi
SCH0535,2025-09,60.0,100.0,0.0,100.0,0.0,0.0,1,Govt. Elementary School Viswanathan,Sangrur,Sunam,330,Secondary,Hindi
SCH0535,2025-10,20.0,100.0,100.0,0.0,100.0,100.0,1,Govt. Elementary School Viswanathan,Sangrur,Sunam,330,Secondary,Hindi
SCH0535,2026-01,20.0,0.0,100.0,100.0,100.0,100.0,1,Govt. Elementary School Viswanathan,Sangrur,Sunam,330,Secondary,Hindi
SCH0535,2026-02,20.0,100.0,100.0,100.0,0.0,100.0,1,Govt. Elementary School Viswanathan,Sangrur,Sunam,330,Secondary,Hindi
SCH0535,2026-03,60.0,100.0,100.0,0.0,0.0,0.0,1,Govt. Elementary School Viswanathan,Sangrur,Sunam,330,Secondary,Hindi
SCH0536,2025-04,20.0,100.0,100.0,100.0,100.0,0.0,1,Govt. Middle School Chandran,Jalandhar,Jalandhar-I,311,Secondary,Hindi
SCH0536,2025-06,25.0,,100.0,100.0,0.0,100.0,1,Govt. Middle School Chandran,Jalandhar,Jalandhar-I,311,Secondary,Hindi
SCH0536,2025-07,20.0,100.0,100.0,100.0,100.0,0.0,1,Govt. Middle School Chandran,Jalandhar,Jalandhar-I,311,Secondary,Hindi
SCH0536,2026-02,22.5,50.0,50.0,100.0,100.0,100.0,2,Govt. Middle School Chandran,Jalandhar,Jalandhar-I,311,Secondary,Hindi
SCH0537,2026-01,60.0,100.0,0.0,100.0,0.0,0.0,1,Govt. Senior Secondary School Jayaraman,Ferozepur,Zira,49,Secondary,Punjabi
SCH0538,2025-07,0.0,,100.0,100.0,100.0,,1,Govt. Middle School Wali,Ferozepur,Zira,308,Upper Primary,English
SCH0538,2025-08,40.0,0.0,100.0,100.0,0.0,100.0,1,Govt. Middle School Wali,Ferozepur,Zira,308,Upper Primary,English
SCH0538,2025-09,40.0,100.0,100.0,0.0,0.0,100.0,1,Govt. Middle School Wali,Ferozepur,Zira,308,Upper Primary,English
SCH0538,2026-01,40.0,100.0,100.0,0.0,0.0,100.0,1,Govt. Middle School Wali,Ferozepur,Zira,308,Upper Primary,English
SCH0539,2025-04,0.0,100.0,100.0,100.0,100.0,100.0,1,Govt. Senior Secondary School Kalita,Amritsar,Amritsar-I,307,Primary,Punjabi
SCH0539,2025-07,0.0,100.0,100.0,100.0,100.0,,1,Govt. Senior Secondary School Kalita,Amritsar,Amritsar-I,307,Primary,Punjabi
SCH0539,2025-08,20.0,100.0,100.0,100.0,100.0,0.0,1,Govt. Senior Secondary School Kalita,Amritsar,Amritsar-I,307,Primary,Punjabi
SCH0539,2026-01,0.0,100.0,100.0,100.0,100.0,,1,Govt. Senior Secondary School Kalita,Amritsar,Amritsar-I,307,Primary,Punjabi
SCH0539,2026-03,0.0,100.0,100.0,100.0,100.0,,1,Govt. Senior Secondary School Kalita,Amritsar,Amritsar-I,307,Primary,Punjabi
SCH0540,2025-04,100.0,0.0,0.0,0.0,0.0,0.0,1,Govt. Elementary School Dugal,Patiala,Patiala,288,Primary,Hindi
SCH0540,2025-05,20.0,100.0,100.0,0.0,100.0,100.0,1,Govt. Elementary School Dugal,Patiala,Patiala,288,Primary,Hindi
SCH0540,2025-10,0.0,100.0,100.0,100.0,100.0,100.0,1,Govt. Elementary School Dugal,Patiala,Patiala,288,Primary,Hindi
SCH0540,2025-12,45.0,50.0,50.0,100.0,0.0,50.0,2,Govt. Elementary School Dugal,Patiala,Patiala,288,Primary,Hindi
SCH0540,2026-02,40.0,100.0,100.0,100.0,0.0,0.0,1,Govt. Elementary School Dugal,Patiala,Patiala,288,Primary,Hindi
SCH0541,2025-04,75.0,0.0,100.0,,0.0,0.0,1,Govt. Senior Secondary School Badami,Bathinda,Bathinda,227,Primary,Punjabi
SCH0541,2025-07,60.0,0.0,0.0,100.0,0.0,100.0,1,Govt. Senior Secondary School Badami,Bathinda,Bathinda,227,Primary,Punjabi
SCH0541,2025-10,0.0,100.0,100.0,100.0,100.0,100.0,1,Govt. Senior Secondary School Badami,Bathinda,Bathinda,227,Primary,Punjabi
SCH0542,2025-05,30.0,100.0,100.0,50.0,50.0,50.0,2,Govt. Primary School Balasubramanian,Sangrur,Sangrur,224,Higher Secondary,English
SCH0542,2025-08,0.0,100.0,100.0,100.0,100.0,100.0,1,Govt. Primary School Balasubramanian,Sangrur,Sangrur,224,Higher Secondary,English
SCH0542,2025-10,60.0,0.0,100.0,100.0,0.0,0.0,1,Govt. Primary School Balasubramanian,Sangrur,Sangrur,224,Higher Secondary,English
SCH0542,2025-11,40.0,100.0,100.0,100.0,0.0,0.0,1,Govt. Primary School Balasubramanian,Sangrur,Sangrur,224,Higher Secondary,English
SCH0542,2026-09,25.0,,100.0,100.0,0.0,100.0,1,Govt. Primary School Balasubramanian,Sangrur,Sangrur,224,Higher Secondary,English
SCH0543,2025-05,40.0,33.33333333333333,100.0,100.0,33.33333333333333,33.33333333333333,3,Govt. Primary School Dey,Ludhiana,Ludhiana-I,195,Upper Primary,Hindi
SCH0543,2025-08,50.0,100.0,,0.0,100.0,0.0,1,Govt. Primary School Dey,Ludhiana,Ludhiana-I,195,Upper Primary,Hindi
SCH0543,2025-09,0.0,100.0,100.0,100.0,100.0,100.0,1,Govt. Primary School Dey,Ludhiana,Ludhiana-I,195,Upper Primary,Hindi
SCH0543,2025-12,20.0,0.0,100.0,100.0,100.0,100.0,1,Govt. Primary School Dey,Ludhiana,Ludhiana-I,195,Upper Primary,Hindi
SCH0543,2026-02,20.0,100.0,100.0,100.0,100.0,0.0,1,Govt. Primary School Dey,Ludhiana,Ludhiana-I,195,Upper Primary,Hindi
SCH0544,2025-03,60.0,100.0,100.0,0.0,0.0,0.0,1,Govt. Senior Secondary School Khalsa,Ferozepur,Zira,138,Upper Primary,Hindi
SCH0544,2025-06,0.0,100.0,100.0,100.0,100.0,100.0,1,Govt. Senior Secondary School Khalsa,Ferozepur,Zira,138,Upper Primary,Hindi
SCH0544,2025-08,20.0,100.0,100.0,100.0,0.0,100.0,1,Govt. Senior Secondary School Khalsa,Ferozepur,Zira,138,Upper Primary,Hindi
SCH0544,2025-11,40.0,100.0,100.0,100.0,0.0,0.0,1,Govt. Senior Secondary School Khalsa,Ferozepur,Zira,138,Upper Primary,Hindi
SCH0544,2026-02,25.0,100.0,100.0,,0.0,100.0,1,Govt. Senior Secondary School Khalsa,Ferozepur,Zira,138,Upper Primary,Hindi
SCH0545,2025-05,20.0,100.0,100.0,100.0,100.0,0.0,1,Govt. Elementary School Prabhakar,Ferozepur,Ferozepur,432,Secondary,Hindi
SCH0545,2025-07,25.0,100.0,0.0,,100.0,100.0,1,Govt. Elementary School Prabhakar,Ferozepur,Ferozepur,432,Secondary,Hindi
SCH0545,2025-08,75.0,,0.0,0.0,100.0,0.0,1,Govt. Elementary School Prabhakar,Ferozepur,Ferozepur,432,Secondary,Hindi
SCH0545,2025-10,20.0,100.0,100.0,100.0,0.0,100.0,1,Govt. Elementary School Prabhakar,Ferozepur,Ferozepur,432,Secondary,Hindi
SCH0546,2025-07,0.0,100.0,,100.0,100.0,100.0,1,Govt. Elementary School Prabhakar,Jalandhar,Phillaur,298,Upper Primary,English
SCH0546,2025-10,0.0,100.0,100.0,100.0,100.0,100.0,1,Govt. Elementary School Prabhakar,Jalandhar,Phillaur,298,Upper Primary,English
SCH0546,2025-12,40.0,0.0,100.0,100.0,0.0,100.0,1,Govt. Elementary School Prabhakar,Jalandhar,Phillaur,298,Upper Primary,English
SCH0546,2026-01,20.0,100.0,100.0,100.0,100.0,0.0,1,Govt. Elementary School Prabhakar,Jalandhar,Phillaur,298,Upper Primary,English
SCH0546,2026-03,40.0,100.0,100.0,0.0,0.0,100.0,1,Govt. Elementary School Prabhakar,Jalandhar,Phillaur,298,Upper Primary,English
SCH0547,2025-08,0.0,100.0,100.0,100.0,,100.0,1,Govt. Middle School Lad,Moga,Bagha Purana,251,Higher Secondary,Hindi
SCH0547,2025-10,75.0,0.0,100.0,,0.0,0.0,1,Govt. Middle School Lad,Moga,Bagha Purana,251,Higher Secondary,Hindi
SCH0547,2026-01,20.0,100.0,100.0,100.0,50.0,50.0,2,Govt. Middle School Lad,Moga,Bagha Purana,251,Higher Secondary,Hindi
SCH0547,2026-03,40.0,100.0,100.0,100.0,0.0,0.0,1,Govt. Middle School Lad,Moga,Bagha Purana,251,Higher Secondary,Hindi
SCH0548,2025-04,20.0,100.0,100.0,100.0,100.0,0.0,1,Govt. Elementary School Yohannan,Patiala,Rajpura,432,Secondary,Punjabi
SCH0548,2025-11,33.33333333333333,100.0,0.0,,100.0,,1,Govt. Elementary School Yohannan,Patiala,Rajpura,432,Secondary,Punjabi
SCH0548,2026-03,60.0,0.0,100.0,100.0,0.0,0.0,1,Govt. Elementary School Yohannan,Patiala,Rajpura,432,Secondary,Punjabi
SCH0549,2025-09,25.0,0.0,100.0,,100.0,100.0,1,Govt. Middle School Krishnamurthy,Ludhiana,Unknown,185,Upper Primary,Hindi
SCH0550,2025-04,25.0,100.0,,100.0,100.0,0.0,1,Govt. Senior Secondary School Mittal,Patiala,Unknown,51,Secondary,Punjabi
SCH0550,2025-05,20.0,100.0,100.0,0.0,100.0,100.0,1,Govt. Senior Secondary School Mittal,Patiala,Unknown,51,Secondary,Punjabi
SCH0550,2025-09,25.0,100.0,100.0,0.0,,100.0,1,Govt. Senior Secondary School Mittal,Patiala,Unknown,51,Secondary,Punjabi
SCH0551,2025-05,45.0,100.0,50.0,100.0,0.0,0.0,2,Govt. Middle School Tara,Moga,Unknown,110,Upper Primary,Punjabi
SCH0551,2025-11,75.0,0.0,,100.0,0.0,0.0,1,Govt. Middle School Tara,Moga,Unknown,110,Upper Primary,Punjabi
SCH0552,2025-05,25.0,100.0,100.0,100.0,,0.0,1,Govt. Primary School Bhavsar,Patiala,Patiala,410,Higher Secondary,English
SCH0552,2025-08,10.0,50.0,100.0,100.0,100.0,100.0,2,Govt. Primary School Bhavsar,Patiala,Patiala,410,Higher Secondary,English
SCH0552,2025-11,40.0,100.0,0.0,100.0,100.0,0.0,1,Govt. Primary School Bhavsar,Patiala,Patiala,410,Higher Secondary,English
SCH0552,2025-12,40.0,100.0,100.0,0.0,100.0,0.0,1,Govt. Primary School Bhavsar,Patiala,Patiala,410,Higher Secondary,English
SCH0552,2026-03,24.444444444444443,100.0,100.0,66.66666666666666,100.0,33.33333333333333,3,Govt. Primary School Bhavsar,Patiala,Patiala,410,Higher Secondary,English
SCH0553,2025-05,20.0,100.0,0.0,100.0,100.0,100.0,1,Govt. Elementary School Brar,Ludhiana,Machhiwara,80,Secondary,Punjabi
SCH0553,2025-07,40.0,50.0,100.0,0.0,50.0,100.0,2,Govt. Elementary School Brar,Ludhiana,Machhiwara,80,Secondary,Punjabi
SCH0553,2025-08,40.0,100.0,100.0,50.0,50.0,0.0,2,Govt. Elementary School Brar,Ludhiana,Machhiwara,80,Secondary,Punjabi
SCH0553,2025-12,60.0,0.0,0.0,100.0,100.0,0.0,1,Govt. Elementary School Brar,Ludhiana,Machhiwara,80,Secondary,Punjabi
SCH0554,2025-04,35.0,100.0,100.0,0.0,100.0,50.0,2,Govt. Primary School Din,Patiala,Patiala,364,Higher Secondary,Hindi
SCH0554,2025-05,40.0,100.0,0.0,100.0,0.0,100.0,1,Govt. Primary School Din,Patiala,Patiala,364,Higher Secondary,Hindi
SCH0554,2025-09,40.0,100.0,100.0,100.0,0.0,0.0,1,Govt. Primary School Din,Patiala,Patiala,364,Higher Secondary,Hindi
SCH0554,2025-10,60.0,100.0,100.0,0.0,0.0,0.0,1,Govt. Primary School Din,Patiala,Patiala,364,Higher Secondary,Hindi
SCH0554,2025-11,20.0,100.0,100.0,100.0,0.0,100.0,1,Govt. Primary School Din,Patiala,Patiala,364,Higher Secondary,Hindi
SCH0555,2025-05,40.0,0.0,100.0,100.0,100.0,0.0,1,Govt. Elementary School Mukhopadhyay,Jalandhar,Nakodar,297,Upper Primary,Hindi
SCH0555,2025-09,20.0,100.0,100.0,100.0,50.0,50.0,2,Govt. Elementary School Mukhopadhyay,Jalandhar,Nakodar,297,Upper Primary,Hindi
SCH0555,2025-12,0.0,100.0,100.0,100.0,100.0,100.0,1,Govt. Elementary School Mukhopadhyay,Jalandhar,Nakodar,297,Upper Primary,Hindi
SCH0555,2026-01,40.0,100.0,100.0,100.0,0.0,0.0,1,Govt. Elementary School Mukhopadhyay,Jalandhar,Nakodar,297,Upper Primary,Hindi
SCH0555,2026-02,40.0,0.0,100.0,100.0,100.0,0.0,1,Govt. Elementary School Mukhopadhyay,Jalandhar,Nakodar,297,Upper Primary,Hindi
SCH0555,2026-03,25.0,100.0,100.0,,100.0,0.0,1,Govt. Elementary School Mukhopadhyay,Jalandhar,Nakodar,297,Upper Primary,Hindi
SCH0555,2026-09,0.0,100.0,100.0,100.0,100.0,100.0,1,Govt. Elementary School Mukhopadhyay,Jalandhar,Nakodar,297,Upper Primary,Hindi
SCH0556,2025-04,40.0,100.0,0.0,100.0,0.0,100.0,1,Govt. Middle School Dar,Amritsar,Unknown,261,Higher Secondary,Hindi
SCH0556,2025-05,0.0,100.0,100.0,100.0,100.0,100.0,1,Govt. Middle School Dar,Amritsar,Unknown,261,Higher Secondary,Hindi
SCH0556,2025-08,20.0,100.0,100.0,100.0,0.0,100.0,1,Govt. Middle School Dar,Amritsar,Unknown,261,Higher Secondary,Hindi
SCH0556,2025-11,50.0,50.0,100.0,50.0,50.0,0.0,2,Govt. Middle School Dar,Amritsar,Unknown,261,Higher Secondary,Hindi
SCH0556,2025-12,25.0,100.0,100.0,,100.0,0.0,1,Govt. Middle School Dar,Amritsar,Unknown,261,Higher Secondary,Hindi
SCH0556,2026-02,0.0,100.0,100.0,100.0,100.0,100.0,1,Govt. Middle School Dar,Amritsar,Unknown,261,Higher Secondary,Hindi
SCH0556,2026-03,30.0,50.0,100.0,100.0,50.0,50.0,2,Govt. Middle School Dar,Amritsar,Unknown,261,Higher Secondary,Hindi
SCH0557,2025-07,20.0,0.0,100.0,100.0,100.0,100.0,1,Govt. Senior Secondary School Raghavan,Ludhiana,Machhiwara,174,Higher Secondary,Punjabi
SCH0557,2025-10,0.0,100.0,100.0,100.0,100.0,,1,Govt. Senior Secondary School Raghavan,Ludhiana,Machhiwara,174,Higher Secondary,Punjabi
SCH0557,2025-12,40.0,100.0,100.0,0.0,100.0,0.0,1,Govt. Senior Secondary School Raghavan,Ludhiana,Machhiwara,174,Higher Secondary,Punjabi
SCH0557,2026-02,75.0,,100.0,0.0,0.0,0.0,1,Govt. Senior Secondary School Raghavan,Ludhiana,Machhiwara,174,Higher Secondary,Punjabi
SCH0558,2025-04,20.0,100.0,100.0,100.0,100.0,0.0,1,Govt. Senior Secondary School Morar,Patiala,Rajpura,242,Upper Primary,English
SCH0558,2025-05,20.0,100.0,100.0,100.0,100.0,0.0,1,Govt. Senior Secondary School Morar,Patiala,Rajpura,242,Upper Primary,English
SCH0558,2025-10,40.0,100.0,100.0,0.0,100.0,0.0,1,Govt. Senior Secondary School Morar,Patiala,Rajpura,242,Upper Primary,English
SCH0558,2025-11,0.0,100.0,100.0,100.0,100.0,100.0,1,Govt. Senior Secondary School Morar,Patiala,Rajpura,242,Upper Primary,English
SCH0558,2025-12,20.0,100.0,0.0,100.0,100.0,100.0,1,Govt. Senior Secondary School Morar,Patiala,Rajpura,242,Upper Primary,English
SCH0558,2026-02,0.0,100.0,100.0,100.0,100.0,100.0,1,Govt. Senior Secondary School Morar,Patiala,Rajpura,242,Upper Primary,English
SCH0559,2025-07,25.0,,100.0,0.0,100.0,100.0,1,Govt. Elementary School Bera,Ferozepur,Makhu,390,Primary,English
SCH0559,2025-09,0.0,100.0,100.0,100.0,100.0,100.0,1,Govt. Elementary School Bera,Ferozepur,Makhu,390,Primary,English
SCH0559,2025-10,40.0,100.0,100.0,100.0,0.0,0.0,1,Govt. Elementary School Bera,Ferozepur,Makhu,390,Primary,English
SCH0559,2026-01,40.0,0.0,100.0,0.0,100.0,100.0,1,Govt. Elementary School Bera,Ferozepur,Makhu,390,Primary,English
SCH0560,2025-02,20.0,100.0,100.0,100.0,100.0,0.0,1,Govt. Senior Secondary School Rajagopalan,Patiala,Samana,216,Primary,Hindi
SCH0560,2025-04,40.0,100.0,0.0,100.0,100.0,0.0,1,Govt. Senior Secondary School Rajagopalan,Patiala,Samana,216,Primary,Hindi
SCH0560,2025-11,25.0,0.0,100.0,100.0,,100.0,1,Govt. Senior Secondary School Rajagopalan,Patiala,Samana,216,Primary,Hindi
SCH0560,2026-01,40.0,100.0,100.0,0.0,100.0,0.0,1,Govt. Senior Secondary School Rajagopalan,Patiala,Samana,216,Primary,Hindi
SCH0560,2026-02,25.0,100.0,100.0,100.0,0.0,,1,Govt. Senior Secondary School Rajagopalan,Patiala,Samana,216,Primary,Hindi
SCH0561,2025-09,60.0,0.0,100.0,0.0,0.0,100.0,1,Govt. Middle School Mishra,Unknown,Sunam,265,Upper Primary,Punjabi
SCH0561,2026-01,60.0,0.0,100.0,0.0,50.0,50.0,2,Govt. Middle School Mishra,Unknown,Sunam,265,Upper Primary,Punjabi
SCH0562,2025-04,20.0,100.0,100.0,100.0,0.0,100.0,1,Govt. Middle School Andra,Amritsar,Unknown,164,Upper Primary,Punjabi
SCH0562,2025-09,40.0,100.0,100.0,100.0,0.0,0.0,1,Govt. Middle School Andra,Amritsar,Unknown,164,Upper Primary,Punjabi
SCH0562,2025-12,40.0,100.0,100.0,0.0,0.0,100.0,1,Govt. Middle School Andra,Amritsar,Unknown,164,Upper Primary,Punjabi
SCH0562,2026-03,40.0,100.0,100.0,0.0,0.0,100.0,1,Govt. Middle School Andra,Amritsar,Unknown,164,Upper Primary,Punjabi
SCH0563,2025-05,40.0,100.0,100.0,100.0,0.0,0.0,1,Govt. Senior Secondary School Nayak,Unknown,Talwandi Sabo,281,Upper Primary,Hindi
SCH0563,2025-06,50.0,0.0,,100.0,100.0,0.0,1,Govt. Senior Secondary School Nayak,Unknown,Talwandi Sabo,281,Upper Primary,Hindi
SCH0563,2025-10,40.0,100.0,0.0,0.0,100.0,100.0,1,Govt. Senior Secondary School Nayak,Unknown,Talwandi Sabo,281,Upper Primary,Hindi
SCH0563,2026-02,0.0,100.0,100.0,100.0,100.0,100.0,1,Govt. Senior Secondary School Nayak,Unknown,Talwandi Sabo,281,Upper Primary,Hindi
SCH0564,2025-05,25.0,50.0,0.0,100.0,100.0,100.0,2,Govt. Primary School Nair,Bathinda,Talwandi Sabo,358,Upper Primary,Hindi
SCH0564,2025-07,25.0,0.0,100.0,100.0,100.0,,1,Govt. Primary School Nair,Bathinda,Talwandi Sabo,358,Upper Primary,Hindi
SCH0564,2025-09,20.0,100.0,100.0,100.0,0.0,100.0,1,Govt. Primary School Nair,Bathinda,Talwandi Sabo,358,Upper Primary,Hindi
SCH0564,2025-10,40.0,100.0,100.0,100.0,0.0,0.0,1,Govt. Primary School Nair,Bathinda,Talwandi Sabo,358,Upper Primary,Hindi
SCH0564,2026-01,40.0,100.0,100.0,0.0,100.0,0.0,1,Govt. Primary School Nair,Bathinda,Talwandi Sabo,358,Upper Primary,Hindi
SCH0564,2026-02,20.0,100.0,100.0,100.0,0.0,100.0,1,Govt. Primary School Nair,Bathinda,Talwandi Sabo,358,Upper Primary,Hindi
SCH0565,2025-05,25.0,100.0,100.0,100.0,,0.0,1,Govt. Middle School Kibe,Ludhiana,Unknown,127,Upper Primary,Punjabi
SCH0565,2025-07,40.0,100.0,100.0,100.0,0.0,0.0,1,Govt. Middle School Kibe,Ludhiana,Unknown,127,Upper Primary,Punjabi
SCH0565,2026-03,20.0,100.0,100.0,100.0,0.0,100.0,1,Govt. Middle School Kibe,Ludhiana,Unknown,127,Upper Primary,Punjabi
SCH0566,2025-04,12.5,100.0,100.0,100.0,100.0,50.0,2,Govt. Primary School Ramachandran,Amritsar,Tarn Taran,378,Secondary,Punjabi
SCH0566,2025-06,32.5,50.0,100.0,100.0,0.0,50.0,2,Govt. Primary School Ramachandran,Amritsar,Tarn Taran,378,Secondary,Punjabi
SCH0566,2025-07,45.0,100.0,100.0,50.0,0.0,50.0,2,Govt. Primary School Ramachandran,Amritsar,Tarn Taran,378,Secondary,Punjabi
SCH0566,2025-08,40.0,100.0,100.0,0.0,0.0,100.0,1,Govt. Primary School Ramachandran,Amritsar,Tarn Taran,378,Secondary,Punjabi
SCH0566,2026-01,50.0,,0.0,100.0,0.0,100.0,1,Govt. Primary School Ramachandran,Amritsar,Tarn Taran,378,Secondary,Punjabi
SCH0566,2026-02,50.0,0.0,50.0,100.0,50.0,50.0,2,Govt. Primary School Ramachandran,Amritsar,Tarn Taran,378,Secondary,Punjabi
SCH0567,2025-04,60.0,0.0,100.0,100.0,0.0,0.0,1,Govt. Elementary School Sawhney,Patiala,Rajpura,300,Primary,Hindi
SCH0567,2025-05,40.0,0.0,0.0,100.0,100.0,100.0,1,Govt. Elementary School Sawhney,Patiala,Rajpura,300,Primary,Hindi
SCH0567,2025-07,20.0,100.0,0.0,100.0,100.0,100.0,1,Govt. Elementary School Sawhney,Patiala,Rajpura,300,Primary,Hindi
SCH0567,2025-09,50.0,100.0,,0.0,0.0,100.0,1,Govt. Elementary School Sawhney,Patiala,Rajpura,300,Primary,Hindi
SCH0567,2025-11,60.0,0.0,100.0,100.0,0.0,0.0,1,Govt. Elementary School Sawhney,Patiala,Rajpura,300,Primary,Hindi
SCH0567,2025-12,0.0,100.0,100.0,100.0,,,1,Govt. Elementary School Sawhney,Patiala,Rajpura,300,Primary,Hindi
SCH0567,2026-03,20.0,100.0,100.0,100.0,0.0,100.0,1,Govt. Elementary School Sawhney,Patiala,Rajpura,300,Primary,Hindi
SCH0568,2025-06,35.0,100.0,50.0,100.0,50.0,50.0,2,Govt. Primary School Zachariah,Amritsar,Unknown,141,Higher Secondary,Hindi
SCH0568,2025-07,42.5,100.0,50.0,0.0,50.0,50.0,2,Govt. Primary School Zachariah,Amritsar,Unknown,141,Higher Secondary,Hindi
SCH0568,2025-09,10.0,50.0,100.0,100.0,100.0,100.0,2,Govt. Primary School Zachariah,Amritsar,Unknown,141,Higher Secondary,Hindi
SCH0568,2025-12,20.0,0.0,100.0,100.0,100.0,100.0,1,Govt. Primary School Zachariah,Amritsar,Unknown,141,Higher Secondary,Hindi
SCH0569,2025-04,25.0,0.0,100.0,,100.0,100.0,1,Govt. Middle School Gill,Bathinda,Rampura Phul,290,Upper Primary,English
SCH0569,2025-05,60.0,0.0,100.0,100.0,0.0,0.0,1,Govt. Middle School Gill,Bathinda,Rampura Phul,290,Upper Primary,English
SCH0569,2025-07,45.0,100.0,100.0,100.0,0.0,0.0,2,Govt. Middle School Gill,Bathinda,Rampura Phul,290,Upper Primary,English
SCH0569,2026-02,20.0,100.0,100.0,100.0,100.0,0.0,1,Govt. Middle School Gill,Bathinda,Rampura Phul,290,Upper Primary,English
SCH0570,2025-07,20.0,100.0,100.0,100.0,100.0,0.0,1,Govt. Primary School Padmanabhan,Patiala,Samana,71,Higher Secondary,English
SCH0570,2025-08,40.0,0.0,100.0,100.0,100.0,0.0,1,Govt. Primary School Padmanabhan,Patiala,Samana,71,Higher Secondary,English
SCH0570,2025-11,0.0,100.0,100.0,100.0,100.0,100.0,1,Govt. Primary School Padmanabhan,Patiala,Samana,71,Higher Secondary,English
SCH0571,2025-05,20.0,100.0,100.0,100.0,0.0,100.0,1,Govt. Elementary School Gaba,Patiala,Nabha,214,Upper Primary,Hindi
SCH0571,2025-07,40.0,0.0,100.0,100.0,100.0,0.0,1,Govt. Elementary School Gaba,Patiala,Nabha,214,Upper Primary,Hindi
SCH0571,2025-11,0.0,100.0,100.0,100.0,100.0,100.0,1,Govt. Elementary School Gaba,Patiala,Nabha,214,Upper Primary,Hindi
SCH0571,2025-12,40.0,0.0,100.0,0.0,100.0,100.0,1,Govt. Elementary School Gaba,Patiala,Nabha,214,Upper Primary,Hindi
SCH0572,2025-08,50.0,100.0,100.0,,0.0,0.0,1,Govt. Middle School Dey,Patiala,Rajpura,163,Higher Secondary,Hindi
SCH0572,2025-11,20.0,100.0,100.0,100.0,0.0,100.0,1,Govt. Middle School Dey,Patiala,Rajpura,163,Higher Secondary,Hindi
SCH0572,2026-02,70.0,50.0,50.0,50.0,0.0,0.0,2,Govt. Middle School Dey,Patiala,Rajpura,163,Higher Secondary,Hindi
SCH0572,2026-03,40.0,100.0,100.0,0.0,100.0,0.0,1,Govt. Middle School Dey,Patiala,Rajpura,163,Higher Secondary,Hindi
SCH0573,2025-06,20.0,100.0,100.0,100.0,0.0,100.0,1,Govt. Middle School Thakkar,Patiala,Nabha,337,Upper Primary,Hindi
SCH0573,2025-07,40.0,100.0,0.0,100.0,100.0,0.0,1,Govt. Middle School Thakkar,Patiala,Nabha,337,Upper Primary,Hindi
SCH0573,2025-09,0.0,100.0,100.0,100.0,100.0,100.0,1,Govt. Middle School Thakkar,Patiala,Nabha,337,Upper Primary,Hindi
SCH0573,2025-11,0.0,100.0,100.0,100.0,100.0,100.0,1,Govt. Middle School Thakkar,Patiala,Nabha,337,Upper Primary,Hindi
SCH0574,2025-09,20.0,100.0,100.0,100.0,0.0,100.0,1,Govt. Primary School Deep,Jalandhar,Phillaur,434,Upper Primary,Hindi
SCH0574,2025-12,22.5,100.0,100.0,100.0,100.0,0.0,2,Govt. Primary School Deep,Jalandhar,Phillaur,434,Upper Primary,Hindi
SCH0575,2025-07,20.0,100.0,100.0,100.0,100.0,0.0,1,Govt. Middle School Nair,Ludhiana,Doraha,251,Secondary,Hindi
SCH0575,2026-01,25.0,100.0,100.0,100.0,0.0,,1,Govt. Middle School Nair,Ludhiana,Doraha,251,Secondary,Hindi
SCH0576,2025-08,20.0,100.0,100.0,100.0,100.0,0.0,1,Govt. Senior Secondary School Tripathi,Unknown,Amritsar-II,134,Secondary,Hindi
SCH0577,2025-05,50.0,0.0,100.0,100.0,,0.0,1,Govt. Elementary School Magar,Ludhiana,Doraha,80,Higher Secondary,English
SCH0577,2025-06,0.0,100.0,100.0,100.0,100.0,100.0,1,Govt. Elementary School Magar,Ludhiana,Doraha,80,Higher Secondary,English
SCH0577,2025-09,0.0,100.0,100.0,100.0,100.0,100.0,1,Govt. Elementary School Magar,Ludhiana,Doraha,80,Higher Secondary,English
SCH0577,2025-11,0.0,100.0,100.0,100.0,100.0,100.0,1,Govt. Elementary School Magar,Ludhiana,Doraha,80,Higher Secondary,English
SCH0578,2025-10,33.33333333333333,100.0,,0.0,100.0,,1,Govt. Primary School Narasimhan,Jalandhar,Phillaur,291,Upper Primary,Punjabi
SCH0578,2025-12,10.0,100.0,100.0,100.0,100.0,0.0,2,Govt. Primary School Narasimhan,Jalandhar,Phillaur,291,Upper Primary,Punjabi
SCH0578,2026-01,0.0,100.0,100.0,100.0,100.0,100.0,1,Govt. Primary School Narasimhan,Jalandhar,Phillaur,291,Upper Primary,Punjabi
SCH0579,2025-08,20.0,100.0,100.0,100.0,0.0,100.0,1,Govt. Primary School Puri,Bathinda,Talwandi Sabo,153,Upper Primary,Punjabi
SCH0579,2025-09,50.0,50.0,50.0,100.0,0.0,50.0,2,Govt. Primary School Puri,Bathinda,Talwandi Sabo,153,Upper Primary,Punjabi
SCH0579,2025-12,40.0,100.0,100.0,100.0,0.0,0.0,1,Govt. Primary School Puri,Bathinda,Talwandi Sabo,153,Upper Primary,Punjabi
SCH0580,2025-07,20.0,100.0,100.0,100.0,100.0,0.0,1,Govt. Primary School Apte,Sangrur,Malerkotla,274,Higher Secondary,Punjabi
SCH0580,2025-08,30.0,50.0,100.0,50.0,100.0,50.0,2,Govt. Primary School Apte,Sangrur,Malerkotla,274,Higher Secondary,Punjabi
SCH0581,2025-09,20.0,0.0,100.0,100.0,100.0,100.0,1,Govt. Elementary School Srivastava,Moga,Nihal Singh Wala,353,Primary,Punjabi
SCH0581,2025-10,60.0,100.0,0.0,0.0,0.0,100.0,1,Govt. Elementary School Srivastava,Moga,Nihal Singh Wala,353,Primary,Punjabi
SCH0581,2025-12,20.0,100.0,100.0,100.0,100.0,0.0,1,Govt. Elementary School Srivastava,Moga,Nihal Singh Wala,353,Primary,Punjabi
SCH0582,2025-08,20.0,100.0,100.0,0.0,100.0,100.0,1,Govt. Primary School Tiwari,Unknown,Rajpura,416,Higher Secondary,Punjabi
SCH0582,2025-11,25.0,100.0,100.0,100.0,,0.0,1,Govt. Primary School Tiwari,Unknown,Rajpura,416,Higher Secondary,Punjabi
SCH0582,2026-02,0.0,100.0,100.0,100.0,100.0,100.0,1,Govt. Primary School Tiwari,Unknown,Rajpura,416,Higher Secondary,Punjabi
SCH0582,2026-03,20.0,100.0,100.0,100.0,100.0,0.0,1,Govt. Primary School Tiwari,Unknown,Rajpura,416,Higher Secondary,Punjabi
SCH0583,2025-04,35.0,33.33333333333333,100.0,50.0,66.66666666666666,66.66666666666666,3,Govt. Middle School Dara,Ferozepur,Makhu,436,Higher Secondary,Punjabi
SCH0583,2025-06,40.0,100.0,100.0,100.0,0.0,0.0,1,Govt. Middle School Dara,Ferozepur,Makhu,436,Higher Secondary,Punjabi
SCH0583,2025-09,20.0,100.0,100.0,100.0,0.0,100.0,1,Govt. Middle School Dara,Ferozepur,Makhu,436,Higher Secondary,Punjabi
SCH0583,2026-11,60.0,0.0,100.0,0.0,0.0,100.0,1,Govt. Middle School Dara,Ferozepur,Makhu,436,Higher Secondary,Punjabi
SCH0584,2025-09,20.0,100.0,100.0,100.0,0.0,100.0,1,Govt. Senior Secondary School Sahota,Jalandhar,Phillaur,370,Primary,English
SCH0584,2026-01,20.0,100.0,100.0,100.0,100.0,0.0,1,Govt. Senior Secondary School Sahota,Jalandhar,Phillaur,370,Primary,English
SCH0584,2026-02,40.0,100.0,0.0,100.0,0.0,100.0,1,Govt. Senior Secondary School Sahota,Jalandhar,Phillaur,370,Primary,English
SCH0585,2025-10,60.0,0.0,0.0,0.0,100.0,100.0,1,Govt. Primary School Bala,Sangrur,Sangrur,131,Upper Primary,Hindi
SCH0585,2026-01,0.0,100.0,100.0,100.0,100.0,100.0,1,Govt. Primary School Bala,Sangrur,Sangrur,131,Upper Primary,Hindi
SCH0585,2026-03,0.0,100.0,100.0,100.0,100.0,100.0,1,Govt. Primary School Bala,Sangrur,Sangrur,131,Upper Primary,Hindi
SCH0586,2025-04,0.0,100.0,100.0,100.0,100.0,100.0,1,Govt. Elementary School Tailor,Amritsar,Amritsar-I,98,Secondary,Hindi
SCH0586,2025-08,0.0,100.0,100.0,100.0,100.0,100.0,1,Govt. Elementary School Tailor,Amritsar,Amritsar-I,98,Secondary,Hindi
SCH0586,2025-12,40.0,100.0,100.0,0.0,100.0,0.0,1,Govt. Elementary School Tailor,Amritsar,Amritsar-I,98,Secondary,Hindi
SCH0586,2026-01,21.25,100.0,100.0,100.0,50.0,50.0,4,Govt. Elementary School Tailor,Amritsar,Amritsar-I,98,Secondary,Hindi
SCH0587,2025-05,0.0,100.0,100.0,100.0,100.0,100.0,1,Govt. Senior Secondary School Verma,Jalandhar,Phillaur,321,Upper Primary,Hindi
SCH0587,2025-07,40.0,100.0,100.0,0.0,100.0,0.0,1,Govt. Senior Secondary School Verma,Jalandhar,Phillaur,321,Upper Primary,Hindi
SCH0587,2025-08,40.0,0.0,100.0,100.0,0.0,100.0,1,Govt. Senior Secondary School Verma,Jalandhar,Phillaur,321,Upper Primary,Hindi
SCH0587,2025-10,0.0,100.0,100.0,100.0,100.0,100.0,2,Govt. Senior Secondary School Verma,Jalandhar,Phillaur,321,Upper Primary,Hindi
SCH0588,2025-07,0.0,100.0,100.0,100.0,100.0,100.0,1,Govt. Senior Secondary School Sahota,Jalandhar,Jalandhar-I,254,Higher Secondary,Hindi
SCH0588,2025-10,25.0,100.0,100.0,,100.0,0.0,1,Govt. Senior Secondary School Sahota,Jalandhar,Jalandhar-I,254,Higher Secondary,Hindi
SCH0588,2025-11,40.0,100.0,100.0,100.0,0.0,0.0,1,Govt. Senior Secondary School Sahota,Jalandhar,Jalandhar-I,254,Higher Secondary,Hindi
SCH0588,2026-01,50.0,0.0,100.0,100.0,,0.0,1,Govt. Senior Secondary School Sahota,Jalandhar,Jalandhar-I,254,Higher Secondary,Hindi
SCH0589,2025-03,20.0,100.0,100.0,100.0,100.0,0.0,1,Govt. Elementary School Sarraf,Patiala,Patiala,358,Primary,Punjabi
SCH0589,2025-10,60.0,50.0,50.0,50.0,50.0,0.0,2,Govt. Elementary School Sarraf,Patiala,Patiala,358,Primary,Punjabi
SCH0590,2025-04,0.0,100.0,,100.0,100.0,100.0,1,Govt. Elementary School Khare,Sangrur,Unknown,151,Higher Secondary,Hindi
SCH0590,2025-05,30.0,100.0,100.0,0.0,100.0,50.0,2,Govt. Elementary School Khare,Sangrur,Unknown,151,Higher Secondary,Hindi
SCH0590,2025-06,20.0,100.0,100.0,0.0,100.0,100.0,1,Govt. Elementary School Khare,Sangrur,Unknown,151,Higher Secondary,Hindi
SCH0590,2025-07,12.5,100.0,100.0,100.0,100.0,50.0,2,Govt. Elementary School Khare,Sangrur,Unknown,151,Higher Secondary,Hindi
SCH0590,2025-12,60.0,100.0,0.0,100.0,0.0,0.0,1,Govt. Elementary School Khare,Sangrur,Unknown,151,Higher Secondary,Hindi
SCH0590,2026-01,40.0,100.0,100.0,0.0,0.0,100.0,1,Govt. Elementary School Khare,Sangrur,Unknown,151,Higher Secondary,Hindi
SCH0590,2026-02,40.0,100.0,0.0,100.0,100.0,0.0,1,Govt. Elementary School Khare,Sangrur,Unknown,151,Higher Secondary,Hindi
SCH0591,2025-09,20.0,100.0,0.0,100.0,100.0,100.0,1,Govt. Senior Secondary School Anand,Ludhiana,Unknown,320,Upper Primary,English
SCH0591,2025-10,20.0,100.0,100.0,100.0,0.0,100.0,1,Govt. Senior Secondary School Anand,Ludhiana,Unknown,320,Upper Primary,English
SCH0591,2026-03,75.0,0.0,,100.0,0.0,0.0,1,Govt. Senior Secondary School Anand,Ludhiana,Unknown,320,Upper Primary,English
SCH0592,2025-05,40.0,0.0,100.0,100.0,100.0,0.0,1,Govt. Primary School Ray,Ludhiana,Unknown,56,Secondary,Punjabi
SCH0592,2025-07,80.0,0.0,100.0,0.0,0.0,0.0,1,Govt. Primary School Ray,Ludhiana,Unknown,56,Secondary,Punjabi
SCH0592,2025-09,30.0,50.0,50.0,100.0,100.0,50.0,2,Govt. Primary School Ray,Ludhiana,Unknown,56,Secondary,Punjabi
SCH0592,2025-10,20.0,100.0,0.0,100.0,100.0,100.0,1,Govt. Primary School Ray,Ludhiana,Unknown,56,Secondary,Punjabi
SCH0592,2026-03,25.0,,100.0,100.0,100.0,0.0,1,Govt. Primary School Ray,Ludhiana,Unknown,56,Secondary,Punjabi
SCH0593,2025-04,20.0,100.0,100.0,100.0,100.0,0.0,1,Govt. Middle School Iyer,Jalandhar,Jalandhar-II,384,Upper Primary,Punjabi
SCH0593,2025-05,20.0,0.0,100.0,100.0,100.0,100.0,1,Govt. Middle School Iyer,Jalandhar,Jalandhar-II,384,Upper Primary,Punjabi
SCH0593,2025-07,20.0,100.0,0.0,100.0,100.0,100.0,1,Govt. Middle School Iyer,Jalandhar,Jalandhar-II,384,Upper Primary,Punjabi
SCH0593,2025-10,40.0,50.0,50.0,50.0,50.0,100.0,2,Govt. Middle School Iyer,Jalandhar,Jalandhar-II,384,Upper Primary,Punjabi
SCH0593,2026-01,20.0,100.0,100.0,100.0,0.0,100.0,2,Govt. Middle School Iyer,Jalandhar,Jalandhar-II,384,Upper Primary,Punjabi
SCH0593,2026-02,40.0,100.0,100.0,0.0,0.0,100.0,1,Govt. Middle School Iyer,Jalandhar,Jalandhar-II,384,Upper Primary,Punjabi
SCH0594,2025-05,20.0,100.0,100.0,100.0,50.0,50.0,2,Govt. Primary School Murthy,Bathinda,Rampura Phul,228,Primary,Hindi
SCH0594,2025-06,0.0,100.0,100.0,100.0,,,1,Govt. Primary School Murthy,Bathinda,Rampura Phul,228,Primary,Hindi
SCH0594,2026-03,25.0,,100.0,100.0,100.0,0.0,1,Govt. Primary School Murthy,Bathinda,Rampura Phul,228,Primary,Hindi
SCH0595,2025-12,20.0,100.0,100.0,100.0,100.0,0.0,1,Govt. Primary School Char,Amritsar,Ajnala,208,Upper Primary,Hindi
SCH0595,2026-02,60.0,100.0,0.0,0.0,0.0,100.0,1,Govt. Primary School Char,Amritsar,Ajnala,208,Upper Primary,Hindi
SCH0596,2025-05,20.0,100.0,100.0,100.0,0.0,100.0,1,Govt. Middle School Tank,Amritsar,Tarn Taran,410,Secondary,Hindi
SCH0596,2025-06,50.0,0.0,100.0,,100.0,0.0,1,Govt. Middle School Tank,Amritsar,Tarn Taran,410,Secondary,Hindi
SCH0596,2025-08,60.0,0.0,100.0,100.0,0.0,0.0,1,Govt. Middle School Tank,Amritsar,Tarn Taran,410,Secondary,Hindi
SCH0596,2026-01,0.0,100.0,100.0,100.0,100.0,100.0,1,Govt. Middle School Tank,Amritsar,Tarn Taran,410,Secondary,Hindi
SCH0596,2026-02,60.0,0.0,100.0,100.0,0.0,0.0,1,Govt. Middle School Tank,Amritsar,Tarn Taran,410,Secondary,Hindi
SCH0596,2026-03,40.0,100.0,0.0,100.0,100.0,0.0,1,Govt. Middle School Tank,Amritsar,Tarn Taran,410,Secondary,Hindi
SCH0597,2025-05,25.0,100.0,,100.0,0.0,100.0,1,Govt. Senior Secondary School Zacharia,Moga,Moga-II,354,Higher Secondary,Hindi
SCH0598,2025-06,20.0,100.0,100.0,100.0,100.0,0.0,2,Govt. Primary School Warrior,Bathinda,Maur,40,Higher Secondary,Hindi
SCH0598,2026-02,20.0,100.0,100.0,0.0,100.0,100.0,1,Govt. Primary School Warrior,Bathinda,Maur,40,Higher Secondary,Hindi
SCH0598,2026-03,40.0,100.0,100.0,0.0,0.0,100.0,1,Govt. Primary School Warrior,Bathinda,Maur,40,Higher Secondary,Hindi
SCH0599,2025-06,20.0,100.0,100.0,100.0,100.0,0.0,1,Govt. Senior Secondary School Vala,Ferozepur,Mamdot,63,Upper Primary,English
SCH0599,2025-10,30.0,100.0,100.0,50.0,0.0,100.0,2,Govt. Senior Secondary School Vala,Ferozepur,Mamdot,63,Upper Primary,English
SCH0599,2025-12,60.0,0.0,100.0,100.0,0.0,0.0,1,Govt. Senior Secondary School Vala,Ferozepur,Mamdot,63,Upper Primary,English
SCH0599,2026-03,0.0,100.0,100.0,100.0,100.0,100.0,1,Govt. Senior Secondary School Vala,Ferozepur,Mamdot,63,Upper Primary,English
SCH0600,2025-04,40.0,0.0,100.0,100.0,50.0,50.0,2,Govt. Primary School Sandhu,Amritsar,Ajnala,193,Secondary,English
SCH0600,2025-06,20.0,100.0,100.0,100.0,100.0,0.0,1,Govt. Primary School Sandhu,Amritsar,Ajnala,193,Secondary,English
SCH0600,2025-07,22.5,50.0,100.0,100.0,100.0,0.0,2,Govt. Primary School Sandhu,Amritsar,Ajnala,193,Secondary,English
SCH0600,2025-08,40.0,50.0,100.0,50.0,100.0,0.0,2,Govt. Primary School Sandhu,Amritsar,Ajnala,193,Secondary,English
SCH0600,2025-09,60.0,0.0,0.0,100.0,100.0,0.0,1,Govt. Primary School Sandhu,Amritsar,Ajnala,193,Secondary,English
SCH0600,2025-11,40.0,100.0,100.0,100.0,0.0,0.0,1,Govt. Primary School Sandhu,Amritsar,Ajnala,193,Secondary,English
SCH0600,2026-03,40.0,100.0,0.0,100.0,100.0,0.0,1,Govt. Primary School Sandhu,Amritsar,Ajnala,193,Secondary,English
