school_id,month,total_mdm_quantity_kg,total_mdm_cost,procurement_records,unique_vendors,school_name,district,block,total_enrolled_students,school_type,medium
SCH0001,2025-04,78.1,11884.0,5,4,Govt. Primary School Nadkarni,Amritsar,Amritsar-I,419,Upper Primary,Hindi
SCH0001,2025-05,47.7,1908.0,1,1,Govt. Primary School Nadkarni,Amritsar,Amritsar-I,419,Upper Primary,Hindi
SCH0001,2025-06,0.318,2433.0,2,2,Govt. Primary School Nadkarni,Amritsar,Amritsar-I,419,Upper Primary,Hindi
SCH0001,2025-07,0.588,2112.0,2,2,Govt. Primary School Nadkarni,Amritsar,Amritsar-I,419,Upper Primary,Hindi
SCH0001,2025-08,0.276,1242.0,1,1,Govt. Primary School Nadkarni,Amritsar,Amritsar-I,419,Upper Primary,Hindi
SCH0001,2025-09,37.53,4735.0,3,2,Govt. Primary School Nadkarni,Amritsar,Amritsar-I,419,Upper Primary,Hindi
SCH0001,2025-10,10700.0,321.0,1,1,Govt. Primary School Nadkarni,Amritsar,Amritsar-I,419,Upper Primary,Hindi
SCH0001,2025-11,0.0,1300.0,1,1,Govt. Primary School Nadkarni,Amritsar,Amritsar-I,419,Upper Primary,Hindi
SCH0001,2026-02,0.0,6336.0,2,2,Govt. Primary School Nadkarni,Amritsar,Amritsar-I,419,Upper Primary,Hindi
SCH0001,2026-03,0.0,2352.0,1,1,Govt. Primary School Nadkarni,Amritsar,Amritsar-I,419,Upper Primary,Hindi
SCH0002,2025-04,0.0,3258.0,1,1,Govt. Primary School Dewan,Unknown,Tarn Taran,56,Upper Primary,Hindi
SCH0002,2025-05,53931.7,6883.0,4,4,Govt. Primary School Dewan,Unknown,Tarn Taran,56,Upper Primary,Hindi
SCH0002,2025-06,0.294,1323.0,1,1,Govt. Primary School Dewan,Unknown,Tarn Taran,56,Upper Primary,Hindi
SCH0002,2025-07,41.7,4383.0,2,2,Govt. Primary School Dewan,Unknown,Tarn Taran,56,Upper Primary,Hindi
SCH0002,2025-08,0.0,0.0,1,1,Govt. Primary School Dewan,Unknown,Tarn Taran,56,Upper Primary,Hindi
SCH0002,2025-10,52.1,5427.0,2,2,Govt. Primary School Dewan,Unknown,Tarn Taran,56,Upper Primary,Hindi
SCH0002,2025-11,18.8,1692.0,1,1,Govt. Primary School Dewan,Unknown,Tarn Taran,56,Upper Primary,Hindi
SCH0002,2026-01,19.146,5190.0,3,3,Govt. Primary School Dewan,Unknown,Tarn Taran,56,Upper Primary,Hindi
SCH0002,2026-03,35.0,1050.0,1,1,Govt. Primary School Dewan,Unknown,Tarn Taran,56,Upper Primary,Hindi
SCH0003,2025-05,38241.9,4584.0,2,2,Govt. Senior Secondary School Chopra,Ferozepur,Zira,269,Primary,English
SCH0003,2025-06,0.0,2691.0,3,3,Govt. Senior Secondary School Chopra,Ferozepur,Zira,269,Primary,English
SCH0003,2025-07,0.8740000000000001,639.0,2,2,Govt. Senior Secondary School Chopra,Ferozepur,Zira,269,Primary,English
SCH0003,2025-08,37122.07,8021.0,3,3,Govt. Senior Secondary School Chopra,Ferozepur,Zira,269,Primary,English
SCH0003,2025-09,33.0,4866.0,2,2,Govt. Senior Secondary School Chopra,Ferozepur,Zira,269,Primary,English
SCH0003,2025-12,0.0,816.0,1,1,Govt. Senior Secondary School Chopra,Ferozepur,Zira,269,Primary,English
SCH0003,2026-01,0.8059999999999999,3627.0,1,1,Govt. Senior Secondary School Chopra,Ferozepur,Zira,269,Primary,English
SCH0003,2026-02,14.5,1740.0,1,1,Govt. Senior Secondary School Chopra,Ferozepur,Zira,269,Primary,English
SCH0003,2026-03,0.964,1928.0,1,1,Govt. Senior Secondary School Chopra,Ferozepur,Zira,269,Primary,English
SCH0004,2025-04,0.85,3825.0,1,1,Govt. Elementary School Kaur,Bathinda,Unknown,150,Secondary,English
SCH0004,2025-06,56.8,2272.0,1,1,Govt. Elementary School Kaur,Bathinda,Unknown,150,Secondary,English
SCH0004,2025-07,0.8240000000000001,1236.0,1,1,Govt. Elementary School Kaur,Bathinda,Unknown,150,Secondary,English
SCH0004,2025-08,96700.0,6748.0,2,2,Govt. Elementary School Kaur,Bathinda,Unknown,150,Secondary,English
SCH0004,2025-09,0.98,2712.0,2,2,Govt. Elementary School Kaur,Bathinda,Unknown,150,Secondary,English
SCH0004,2025-10,0.0,6366.0,2,2,Govt. Elementary School Kaur,Bathinda,Unknown,150,Secondary,English
SCH0004,2025-11,11.4,4648.0,3,2,Govt. Elementary School Kaur,Bathinda,Unknown,150,Secondary,English
SCH0004,2026-01,0.0,1704.0,1,1,Govt. Elementary School Kaur,Bathinda,Unknown,150,Secondary,English
SCH0004,2026-02,0.0,2328.0,1,1,Govt. Elementary School Kaur,Bathinda,Unknown,150,Secondary,English
SCH0004,2026-03,1.11,8704.0,2,2,Govt. Elementary School Kaur,Bathinda,Unknown,150,Secondary,English
SCH0005,2025-04,21501.066,7256.0,2,2,Govt. Elementary School Bajwa,Bathinda,Unknown,413,Primary,English
SCH0005,2025-05,56700.0,0.0,1,1,Govt. Elementary School Bajwa,Bathinda,Unknown,413,Primary,English
SCH0005,2025-06,0.506,759.0,1,1,Govt. Elementary School Bajwa,Bathinda,Unknown,413,Primary,English
SCH0005,2025-07,93850.5,4834.0,3,3,Govt. Elementary School Bajwa,Bathinda,Unknown,413,Primary,English
SCH0005,2025-08,16246.2,6192.0,3,2,Govt. Elementary School Bajwa,Bathinda,Unknown,413,Primary,English
SCH0005,2025-09,0.794,1191.0,1,1,Govt. Elementary School Bajwa,Bathinda,Unknown,413,Primary,English
SCH0005,2025-10,29.759999999999998,4237.0,4,3,Govt. Elementary School Bajwa,Bathinda,Unknown,413,Primary,English
SCH0005,2025-11,23.4,2808.0,1,1,Govt. Elementary School Bajwa,Bathinda,Unknown,413,Primary,English
SCH0005,2025-12,13539.4,8632.0,3,3,Govt. Elementary School Bajwa,Bathinda,Unknown,413,Primary,English
SCH0005,2026-02,14000.0,560.0,2,2,Govt. Elementary School Bajwa,Bathinda,Unknown,413,Primary,English
SCH0005,2026-03,33200.418,3824.0,2,1,Govt. Elementary School Bajwa,Bathinda,Unknown,413,Primary,English
SCH0006,2025-04,34.9,2674.0,2,2,Govt. Primary School Bahri,Moga,Moga-II,400,Upper Primary,Punjabi
SCH0006,2025-05,57701.24,9948.0,4,4,Govt. Primary School Bahri,Moga,Moga-II,400,Upper Primary,Punjabi
SCH0006,2025-06,0.0,576.0,1,1,Govt. Primary School Bahri,Moga,Moga-II,400,Upper Primary,Punjabi
SCH0006,2025-07,0.986,1479.0,1,1,Govt. Primary School Bahri,Moga,Moga-II,400,Upper Primary,Punjabi
SCH0006,2025-08,57.6,6912.0,1,1,Govt. Primary School Bahri,Moga,Moga-II,400,Upper Primary,Punjabi
SCH0006,2025-10,1.484,3354.0,2,2,Govt. Primary School Bahri,Moga,Moga-II,400,Upper Primary,Punjabi
SCH0006,2025-11,77205.3,15255.0,5,5,Govt. Primary School Bahri,Moga,Moga-II,400,Upper Primary,Punjabi
SCH0006,2025-12,55701.13,12801.0,3,3,Govt. Primary School Bahri,Moga,Moga-II,400,Upper Primary,Punjabi
SCH0006,2026-01,39.4,1182.0,1,1,Govt. Primary School Bahri,Moga,Moga-II,400,Upper Primary,Punjabi
SCH0006,2026-02,13600.0,1272.0,2,2,Govt. Primary School Bahri,Moga,Moga-II,400,Upper Primary,Punjabi
SCH0006,2026-03,37500.0,1125.0,1,1,Govt. Primary School Bahri,Moga,Moga-II,400,Upper Primary,Punjabi
SCH0007,2025-04,97.7,6363.0,3,3,Govt. Middle School Kale,Ferozepur,Makhu,272,Secondary,English
SCH0007,2025-05,62.916,9648.0,3,3,Govt. Middle School Kale,Ferozepur,Makhu,272,Secondary,English
SCH0007,2025-06,47.715999999999994,9708.0,2,2,Govt. Middle School Kale,Ferozepur,Makhu,272,Secondary,English
SCH0007,2025-07,36.3,8886.0,3,3,Govt. Middle School Kale,Ferozepur,Makhu,272,Secondary,English
SCH0007,2025-08,1.48,6782.0,3,3,Govt. Middle School Kale,Ferozepur,Makhu,272,Secondary,English
SCH0007,2025-09,15316.8,2124.0,2,1,Govt. Middle School Kale,Ferozepur,Makhu,272,Secondary,English
SCH0007,2025-10,36.8,2192.0,2,2,Govt. Middle School Kale,Ferozepur,Makhu,272,Secondary,English
SCH0007,2025-11,55767.07,20382.0,6,3,Govt. Middle School Kale,Ferozepur,Makhu,272,Secondary,English
SCH0007,2025-12,116831.3,10376.0,4,3,Govt. Middle School Kale,Ferozepur,Makhu,272,Secondary,English
SCH0007,2026-02,0.61,915.0,1,1,Govt. Middle School Kale,Ferozepur,Makhu,272,Secondary,English
SCH0008,2025-04,0.0,1263.0,1,1,Govt. Middle School Sibal,Amritsar,Amritsar-II,313,Upper Primary,Hindi
SCH0008,2025-06,18551.3,3717.0,2,2,Govt. Middle School Sibal,Amritsar,Amritsar-II,313,Upper Primary,Hindi
SCH0008,2025-07,22900.0,2748.0,1,1,Govt. Middle School Sibal,Amritsar,Amritsar-II,313,Upper Primary,Hindi
SCH0008,2025-08,100.7,5120.0,3,3,Govt. Middle School Sibal,Amritsar,Amritsar-II,313,Upper Primary,Hindi
SCH0008,2025-09,37.348,8304.0,3,3,Govt. Middle School Sibal,Amritsar,Amritsar-II,313,Upper Primary,Hindi
SCH0008,2025-10,54.698,10909.0,4,2,Govt. Middle School Sibal,Amritsar,Amritsar-II,313,Upper Primary,Hindi
SCH0008,2025-12,30.8,3696.0,1,1,Govt. Middle School Sibal,Amritsar,Amritsar-II,313,Upper Primary,Hindi
SCH0008,2026-01,94.6,11361.0,4,2,Govt. Middle School Sibal,Amritsar,Amritsar-II,313,Upper Primary,Hindi
SCH0008,2026-02,27.8,3336.0,1,1,Govt. Middle School Sibal,Amritsar,Amritsar-II,313,Upper Primary,Hindi
SCH0008,2026-03,68800.382,7628.0,3,3,Govt. Middle School Sibal,Amritsar,Amritsar-II,313,Upper Primary,Hindi
SCH0009,2025-04,22.3,669.0,1,1,Govt. Middle School Bakshi,Patiala,Samana,433,Upper Primary,Punjabi
SCH0009,2025-05,14200.0,568.0,1,1,Govt. Middle School Bakshi,Patiala,Samana,433,Upper Primary,Punjabi
SCH0009,2025-06,25.2,3024.0,1,1,Govt. Middle School Bakshi,Patiala,Samana,433,Upper Primary,Punjabi
SCH0009,2025-07,17.421999999999997,2349.0,2,2,Govt. Middle School Bakshi,Patiala,Samana,433,Upper Primary,Punjabi
SCH0009,2025-08,35.8,1216.0,2,2,Govt. Middle School Bakshi,Patiala,Samana,433,Upper Primary,Punjabi
SCH0009,2025-09,29.5,3540.0,1,1,Govt. Middle School Bakshi,Patiala,Samana,433,Upper Primary,Punjabi
SCH0009,2025-10,34.1,2250.0,2,2,Govt. Middle School Bakshi,Patiala,Samana,433,Upper Primary,Punjabi
SCH0009,2025-12,13.1,524.0,1,1,Govt. Middle School Bakshi,Patiala,Samana,433,Upper Primary,Punjabi
SCH0009,2026-01,40944.6,6246.0,2,2,Govt. Middle School Bakshi,Patiala,Samana,433,Upper Primary,Punjabi
SCH0009,2026-02,28700.0,1148.0,1,1,Govt. Middle School Bakshi,Patiala,Samana,433,Upper Primary,Punjabi
SCH0009,2026-03,18300.0,5928.0,2,2,Govt. Middle School Bakshi,Patiala,Samana,433,Upper Primary,Punjabi
SCH0010,2025-04,12.992,2860.0,2,2,Govt. Elementary School Mani,Patiala,Samana,148,Higher Secondary,Hindi
SCH0010,2025-06,1.6720000000000002,5904.0,2,2,Govt. Elementary School Mani,Patiala,Samana,148,Higher Secondary,Hindi
SCH0010,2025-07,69300.682,5971.0,5,4,Govt. Elementary School Mani,Patiala,Samana,148,Higher Secondary,Hindi
SCH0010,2025-08,1.158,5211.0,1,1,Govt. Elementary School Mani,Patiala,Samana,148,Higher Secondary,Hindi
SCH0010,2025-09,97.6,6918.0,3,3,Govt. Elementary School Mani,Patiala,Samana,148,Higher Secondary,Hindi
SCH0010,2025-10,0.0,0.0,1,1,Govt. Elementary School Mani,Patiala,Samana,148,Higher Secondary,Hindi
SCH0010,2026-01,0.0,6168.0,2,1,Govt. Elementary School Mani,Patiala,Samana,148,Higher Secondary,Hindi
SCH0010,2026-02,57.2,5148.0,1,1,Govt. Elementary School Mani,Patiala,Samana,148,Higher Secondary,Hindi
SCH0011,2025-05,51713.574,5056.0,4,4,Govt. Senior Secondary School Munshi,Patiala,Samana,422,Higher Secondary,Punjabi
SCH0011,2025-06,50.8,1524.0,1,1,Govt. Senior Secondary School Munshi,Patiala,Samana,422,Higher Secondary,Punjabi
SCH0011,2025-07,79.6,2937.0,2,2,Govt. Senior Secondary School Munshi,Patiala,Samana,422,Higher Secondary,Punjabi
SCH0011,2025-08,0.408,1836.0,1,1,Govt. Senior Secondary School Munshi,Patiala,Samana,422,Higher Secondary,Punjabi
SCH0011,2025-11,85900.468,11439.0,3,3,Govt. Senior Secondary School Munshi,Patiala,Samana,422,Higher Secondary,Punjabi
SCH0011,2025-12,55400.0,6648.0,1,1,Govt. Senior Secondary School Munshi,Patiala,Samana,422,Higher Secondary,Punjabi
SCH0011,2026-01,1.408,13290.0,3,3,Govt. Senior Secondary School Munshi,Patiala,Samana,422,Higher Secondary,Punjabi
SCH0011,2026-02,0.5,3000.0,1,1,Govt. Senior Secondary School Munshi,Patiala,Samana,422,Higher Secondary,Punjabi
SCH0012,2025-04,47.456,6876.0,2,2,Govt. Elementary School Mand,Ludhiana,Ludhiana-I,118,Higher Secondary,Punjabi
SCH0012,2025-05,0.522,2349.0,1,1,Govt. Elementary School Mand,Ludhiana,Ludhiana-I,118,Higher Secondary,Punjabi
SCH0012,2025-06,1.04,10425.0,2,2,Govt. Elementary School Mand,Ludhiana,Ludhiana-I,118,Higher Secondary,Punjabi
SCH0012,2025-07,56.112,9600.0,4,4,Govt. Elementary School Mand,Ludhiana,Ludhiana-I,118,Higher Secondary,Punjabi
SCH0012,2025-08,0.532,2394.0,1,1,Govt. Elementary School Mand,Ludhiana,Ludhiana-I,118,Higher Secondary,Punjabi
SCH0012,2025-10,43.1,2469.0,2,1,Govt. Elementary School Mand,Ludhiana,Ludhiana-I,118,Higher Secondary,Punjabi
SCH0012,2025-11,51853.518000000004,13722.0,3,3,Govt. Elementary School Mand,Ludhiana,Ludhiana-I,118,Higher Secondary,Punjabi
SCH0012,2026-01,33.3,1863.0,2,2,Govt. Elementary School Mand,Ludhiana,Ludhiana-I,118,Higher Secondary,Punjabi
SCH0012,2026-02,0.0,1610.0,1,1,Govt. Elementary School Mand,Ludhiana,Ludhiana-I,118,Higher Secondary,Punjabi
SCH0012,2026-03,62.134,6997.0,4,4,Govt. Elementary School Mand,Ludhiana,Ludhiana-I,118,Higher Secondary,Punjabi
SCH0013,2025-04,0.49,2160.0,3,3,Govt. Middle School Contractor,Bathinda,Bathinda,388,Secondary,Punjabi
SCH0013,2025-05,17828.624,10619.0,4,4,Govt. Middle School Contractor,Bathinda,Bathinda,388,Secondary,Punjabi
SCH0013,2025-06,97.9,8811.0,2,2,Govt. Middle School Contractor,Bathinda,Bathinda,388,Secondary,Punjabi
SCH0013,2025-07,0.0,6204.0,2,2,Govt. Middle School Contractor,Bathinda,Bathinda,388,Secondary,Punjabi
SCH0013,2025-08,39214.6,2490.0,2,2,Govt. Middle School Contractor,Bathinda,Bathinda,388,Secondary,Punjabi
SCH0013,2025-09,37500.0,1125.0,1,1,Govt. Middle School Contractor,Bathinda,Bathinda,388,Secondary,Punjabi
SCH0013,2025-10,31.426,9969.0,3,3,Govt. Middle School Contractor,Bathinda,Bathinda,388,Secondary,Punjabi
SCH0013,2025-11,40301.32,7072.0,4,4,Govt. Middle School Contractor,Bathinda,Bathinda,388,Secondary,Punjabi
SCH0013,2025-12,76.69999999999999,2699.0,2,2,Govt. Middle School Contractor,Bathinda,Bathinda,388,Secondary,Punjabi
SCH0013,2026-02,23100.0,924.0,1,1,Govt. Middle School Contractor,Bathinda,Bathinda,388,Secondary,Punjabi
SCH0013,2026-03,18781.4,9233.0,4,3,Govt. Middle School Contractor,Bathinda,Bathinda,388,Secondary,Punjabi
SCH0014,2025-04,0.782,3519.0,1,1,Govt. Senior Secondary School Soman,Jalandhar,Phillaur,41,Secondary,Punjabi
SCH0014,2025-05,32.3,3084.0,2,2,Govt. Senior Secondary School Soman,Jalandhar,Phillaur,41,Secondary,Punjabi
SCH0014,2025-06,1.07,1998.0,2,2,Govt. Senior Secondary School Soman,Jalandhar,Phillaur,41,Secondary,Punjabi
SCH0014,2025-08,30.4,5068.0,2,2,Govt. Senior Secondary School Soman,Jalandhar,Phillaur,41,Secondary,Punjabi
SCH0014,2025-10,0.0,4311.0,2,2,Govt. Senior Secondary School Soman,Jalandhar,Phillaur,41,Secondary,Punjabi
SCH0014,2025-11,0.0,5157.0,1,1,Govt. Senior Secondary School Soman,Jalandhar,Phillaur,41,Secondary,Punjabi
SCH0014,2025-12,12.4,1116.0,1,1,Govt. Senior Secondary School Soman,Jalandhar,Phillaur,41,Secondary,Punjabi
SCH0014,2026-01,93244.0,13352.0,3,3,Govt. Senior Secondary School Soman,Jalandhar,Phillaur,41,Secondary,Punjabi
SCH0014,2026-02,0.648,1296.0,1,1,Govt. Senior Secondary School Soman,Jalandhar,Phillaur,41,Secondary,Punjabi
SCH0014,2026-03,10201.5,8892.0,3,2,Govt. Senior Secondary School Soman,Jalandhar,Phillaur,41,Secondary,Punjabi
SCH0015,2025-05,0.0,5277.0,2,2,Govt. Primary School Brahmbhatt,Bathinda,Maur,118,Upper Primary,Punjabi
SCH0015,2025-07,0.0,13524.0,3,3,Govt. Primary School Brahmbhatt,Bathinda,Maur,118,Upper Primary,Punjabi
SCH0015,2025-08,51900.0,0.0,1,1,Govt. Primary School Brahmbhatt,Bathinda,Maur,118,Upper Primary,Punjabi
SCH0015,2025-09,1.06,9957.0,3,2,Govt. Primary School Brahmbhatt,Bathinda,Maur,118,Upper Primary,Punjabi
SCH0015,2025-10,37435.9,4727.0,2,2,Govt. Primary School Brahmbhatt,Bathinda,Maur,118,Upper Primary,Punjabi
SCH0015,2025-11,0.0,732.0,1,1,Govt. Primary School Brahmbhatt,Bathinda,Maur,118,Upper Primary,Punjabi
SCH0015,2025-12,61.5,4220.0,2,2,Govt. Primary School Brahmbhatt,Bathinda,Maur,118,Upper Primary,Punjabi
SCH0015,2026-01,0.562,3372.0,1,1,Govt. Primary School Brahmbhatt,Bathinda,Maur,118,Upper Primary,Punjabi
SCH0015,2026-02,0.0,0.0,1,1,Govt. Primary School Brahmbhatt,Bathinda,Maur,118,Upper Primary,Punjabi
SCH0016,2025-04,44600.582,12431.0,4,3,Govt. Senior Secondary School Varughese,Ludhiana,Ludhiana-I,225,Secondary,Punjabi
SCH0016,2025-05,0.0,0.0,1,1,Govt. Senior Secondary School Varughese,Ludhiana,Ludhiana-I,225,Secondary,Punjabi
SCH0016,2025-06,0.542,3252.0,1,1,Govt. Senior Secondary School Varughese,Ludhiana,Ludhiana-I,225,Secondary,Punjabi
SCH0016,2025-07,49.892,4617.0,3,3,Govt. Senior Secondary School Varughese,Ludhiana,Ludhiana-I,225,Secondary,Punjabi
SCH0016,2025-08,24.8,2232.0,1,1,Govt. Senior Secondary School Varughese,Ludhiana,Ludhiana-I,225,Secondary,Punjabi
SCH0016,2025-10,25.6,2304.0,1,1,Govt. Senior Secondary School Varughese,Ludhiana,Ludhiana-I,225,Secondary,Punjabi
SCH0016,2025-12,59.682,8517.0,2,2,Govt. Senior Secondary School Varughese,Ludhiana,Ludhiana-I,225,Secondary,Punjabi
SCH0016,2026-01,53.9,11496.0,5,5,Govt. Senior Secondary School Varughese,Ludhiana,Ludhiana-I,225,Secondary,Punjabi
SCH0016,2026-03,32637.6,3766.0,3,3,Govt. Senior Secondary School Varughese,Ludhiana,Ludhiana-I,225,Secondary,Punjabi
SCH0017,2025-04,64.532,5973.0,3,3,Govt. Elementary School Pandit,Amritsar,Tarn Taran,75,Upper Primary,Hindi
SCH0017,2025-05,46300.0,9867.0,3,2,Govt. Elementary School Pandit,Amritsar,Tarn Taran,75,Upper Primary,Hindi
SCH0017,2025-07,1.186,8838.0,2,2,Govt. Elementary School Pandit,Amritsar,Tarn Taran,75,Upper Primary,Hindi
SCH0017,2025-09,1.3,9918.0,3,3,Govt. Elementary School Pandit,Amritsar,Tarn Taran,75,Upper Primary,Hindi
SCH0017,2025-10,13.0,2034.0,2,2,Govt. Elementary School Pandit,Amritsar,Tarn Taran,75,Upper Primary,Hindi
SCH0017,2025-11,23.4,2808.0,1,1,Govt. Elementary School Pandit,Amritsar,Tarn Taran,75,Upper Primary,Hindi
SCH0017,2025-12,25300.0,3036.0,1,1,Govt. Elementary School Pandit,Amritsar,Tarn Taran,75,Upper Primary,Hindi
SCH0017,2026-02,35600.384,6800.0,3,3,Govt. Elementary School Pandit,Amritsar,Tarn Taran,75,Upper Primary,Hindi
SCH0017,2026-03,0.0,1392.0,1,1,Govt. Elementary School Pandit,Amritsar,Tarn Taran,75,Upper Primary,Hindi
SCH0018,2025-05,1.062,6372.0,1,1,Govt. Elementary School Palla,Bathinda,Talwandi Sabo,148,Upper Primary,English
SCH0018,2025-07,1.03,2060.0,1,1,Govt. Elementary School Palla,Bathinda,Talwandi Sabo,148,Upper Primary,English
SCH0018,2025-08,34.3,1029.0,1,1,Govt. Elementary School Palla,Bathinda,Talwandi Sabo,148,Upper Primary,English
SCH0018,2025-09,104100.0,6711.0,3,3,Govt. Elementary School Palla,Bathinda,Talwandi Sabo,148,Upper Primary,English
SCH0018,2025-10,0.464,928.0,1,1,Govt. Elementary School Palla,Bathinda,Talwandi Sabo,148,Upper Primary,English
SCH0018,2025-11,53237.9,8079.0,3,3,Govt. Elementary School Palla,Bathinda,Talwandi Sabo,148,Upper Primary,English
SCH0018,2026-01,0.514,771.0,1,1,Govt. Elementary School Palla,Bathinda,Talwandi Sabo,148,Upper Primary,English
SCH0018,2026-02,0.0,1149.0,1,1,Govt. Elementary School Palla,Bathinda,Talwandi Sabo,148,Upper Primary,English
SCH0018,2026-03,67.408,9558.0,3,3,Govt. Elementary School Palla,Bathinda,Talwandi Sabo,148,Upper Primary,English
SCH0019,2025-07,48238.3,1149.0,2,2,Govt. Senior Secondary School Venkatesh,Sangrur,Dhuri,101,Primary,Punjabi
SCH0019,2025-08,45.32,9906.0,2,2,Govt. Senior Secondary School Venkatesh,Sangrur,Dhuri,101,Primary,Punjabi
SCH0019,2025-11,89029.864,12717.0,4,3,Govt. Senior Secondary School Venkatesh,Sangrur,Dhuri,101,Primary,Punjabi
SCH0019,2025-12,32801.176,6604.0,2,2,Govt. Senior Secondary School Venkatesh,Sangrur,Dhuri,101,Primary,Punjabi
SCH0019,2026-01,58400.0,7008.0,1,1,Govt. Senior Secondary School Venkatesh,Sangrur,Dhuri,101,Primary,Punjabi
SCH0019,2026-02,76300.0,8376.0,2,2,Govt. Senior Secondary School Venkatesh,Sangrur,Dhuri,101,Primary,Punjabi
SCH0019,2026-03,144400.0,5372.0,3,3,Govt. Senior Secondary School Venkatesh,Sangrur,Dhuri,101,Primary,Punjabi
SCH0020,2025-04,44400.0,1776.0,1,1,Govt. Primary School Soman,Amritsar,Amritsar-I,157,Primary,English
SCH0020,2025-05,17318.3,1241.0,3,3,Govt. Primary School Soman,Amritsar,Amritsar-I,157,Primary,English
SCH0020,2025-06,43213.5,2511.0,2,1,Govt. Primary School Soman,Amritsar,Amritsar-I,157,Primary,English
SCH0020,2025-07,52.9,2116.0,1,1,Govt. Primary School Soman,Amritsar,Amritsar-I,157,Primary,English
SCH0020,2025-08,0.0,10431.0,2,2,Govt. Primary School Soman,Amritsar,Amritsar-I,157,Primary,English
SCH0020,2025-09,43.8,1752.0,1,1,Govt. Primary School Soman,Amritsar,Amritsar-I,157,Primary,English
SCH0020,2025-11,52.7,1581.0,1,1,Govt. Primary School Soman,Amritsar,Amritsar-I,157,Primary,English
SCH0020,2025-12,24.276,3456.0,2,2,Govt. Primary School Soman,Amritsar,Amritsar-I,157,Primary,English
SCH0020,2026-01,45.967999999999996,8085.0,2,2,Govt. Primary School Soman,Amritsar,Amritsar-I,157,Primary,English
SCH0020,2026-02,31100.0,9855.0,2,2,Govt. Primary School Soman,Amritsar,Amritsar-I,157,Primary,English
SCH0021,2025-04,102.9,5016.0,3,3,Govt. Elementary School Sami,Sangrur,Sunam,316,Higher Secondary,Hindi
SCH0021,2025-05,37500.0,4500.0,1,1,Govt. Elementary School Sami,Sangrur,Sunam,316,Higher Secondary,Hindi
SCH0021,2025-06,1.38,6210.0,2,2,Govt. Elementary School Sami,Sangrur,Sunam,316,Higher Secondary,Hindi
SCH0021,2025-07,0.95,4977.0,2,2,Govt. Elementary School Sami,Sangrur,Sunam,316,Higher Secondary,Hindi
SCH0021,2025-08,17700.986,4204.0,3,2,Govt. Elementary School Sami,Sangrur,Sunam,316,Higher Secondary,Hindi
SCH0021,2025-10,37026.7,4131.0,2,2,Govt. Elementary School Sami,Sangrur,Sunam,316,Higher Secondary,Hindi
SCH0021,2025-11,0.0,3648.0,1,1,Govt. Elementary School Sami,Sangrur,Sunam,316,Higher Secondary,Hindi
SCH0021,2025-12,33.0,2970.0,1,1,Govt. Elementary School Sami,Sangrur,Sunam,316,Higher Secondary,Hindi
SCH0021,2026-01,0.0,6024.0,1,1,Govt. Elementary School Sami,Sangrur,Sunam,316,Higher Secondary,Hindi
SCH0022,2025-04,0.0,3195.0,1,1,Govt. Primary School Aggarwal,Amritsar,Amritsar-I,377,Higher Secondary,Punjabi
SCH0022,2025-05,161901.886,20277.0,7,6,Govt. Primary School Aggarwal,Amritsar,Amritsar-I,377,Higher Secondary,Punjabi
SCH0022,2025-07,105000.0,10206.0,3,3,Govt. Primary School Aggarwal,Amritsar,Amritsar-I,377,Higher Secondary,Punjabi
SCH0022,2025-09,0.768,5909.0,3,2,Govt. Primary School Aggarwal,Amritsar,Amritsar-I,377,Higher Secondary,Punjabi
SCH0022,2025-10,72153.7,3072.0,3,3,Govt. Primary School Aggarwal,Amritsar,Amritsar-I,377,Higher Secondary,Punjabi
SCH0022,2025-11,20.6,618.0,1,1,Govt. Primary School Aggarwal,Amritsar,Amritsar-I,377,Higher Secondary,Punjabi
SCH0022,2025-12,0.3,1431.0,2,2,Govt. Primary School Aggarwal,Amritsar,Amritsar-I,377,Higher Secondary,Punjabi
SCH0022,2026-01,0.0,12996.0,2,2,Govt. Primary School Aggarwal,Amritsar,Amritsar-I,377,Higher Secondary,Punjabi
SCH0022,2026-02,0.434,2604.0,1,1,Govt. Primary School Aggarwal,Amritsar,Amritsar-I,377,Higher Secondary,Punjabi
SCH0022,2026-03,0.8220000000000001,3699.0,1,1,Govt. Primary School Aggarwal,Amritsar,Amritsar-I,377,Higher Secondary,Punjabi
SCH0023,2025-04,0.0,3852.0,1,1,Govt. Senior Secondary School Bumb,Ludhiana,Machhiwara,412,Primary,Hindi
SCH0023,2025-05,56000.0,3527.0,2,1,Govt. Senior Secondary School Bumb,Ludhiana,Machhiwara,412,Primary,Hindi
SCH0023,2025-07,0.836,2052.0,2,2,Govt. Senior Secondary School Bumb,Ludhiana,Machhiwara,412,Primary,Hindi
SCH0023,2025-08,42.2,7392.0,3,3,Govt. Senior Secondary School Bumb,Ludhiana,Machhiwara,412,Primary,Hindi
SCH0023,2025-09,23.5,3992.0,2,2,Govt. Senior Secondary School Bumb,Ludhiana,Machhiwara,412,Primary,Hindi
SCH0023,2025-10,1.144,4464.0,2,2,Govt. Senior Secondary School Bumb,Ludhiana,Machhiwara,412,Primary,Hindi
SCH0023,2025-11,68300.0,2436.0,2,2,Govt. Senior Secondary School Bumb,Ludhiana,Machhiwara,412,Primary,Hindi
SCH0023,2025-12,53.536,1110.0,3,3,Govt. Senior Secondary School Bumb,Ludhiana,Machhiwara,412,Primary,Hindi
SCH0023,2026-01,0.0,0.0,1,1,Govt. Senior Secondary School Bumb,Ludhiana,Machhiwara,412,Primary,Hindi
SCH0023,2026-02,27700.0,3324.0,1,1,Govt. Senior Secondary School Bumb,Ludhiana,Machhiwara,412,Primary,Hindi
SCH0023,2026-03,19001.126,7323.0,3,2,Govt. Senior Secondary School Bumb,Ludhiana,Machhiwara,412,Primary,Hindi
SCH0024,2025-04,0.0,2128.0,1,1,Govt. Primary School Bhandari,Ferozepur,Unknown,182,Primary,Hindi
SCH0024,2025-05,69619.0,10257.0,3,3,Govt. Primary School Bhandari,Ferozepur,Unknown,182,Primary,Hindi
SCH0024,2025-07,32.194,14082.0,6,6,Govt. Primary School Bhandari,Ferozepur,Unknown,182,Primary,Hindi
SCH0024,2025-08,104000.832,8390.0,5,4,Govt. Primary School Bhandari,Ferozepur,Unknown,182,Primary,Hindi
SCH0024,2025-10,33100.0,1324.0,1,1,Govt. Primary School Bhandari,Ferozepur,Unknown,182,Primary,Hindi
SCH0024,2025-11,21942.9,6351.0,3,3,Govt. Primary School Bhandari,Ferozepur,Unknown,182,Primary,Hindi
SCH0024,2025-12,98.5,8344.0,3,3,Govt. Primary School Bhandari,Ferozepur,Unknown,182,Primary,Hindi
SCH0024,2026-01,0.0,0.0,1,1,Govt. Primary School Bhandari,Ferozepur,Unknown,182,Primary,Hindi
SCH0024,2026-02,78000.0,2817.0,2,2,Govt. Primary School Bhandari,Ferozepur,Unknown,182,Primary,Hindi
SCH0025,2025-04,38601.018000000004,3543.0,4,4,Govt. Elementary School Tella,Ludhiana,Ludhiana-I,425,Upper Primary,Punjabi
SCH0025,2025-05,15118.75,3519.0,3,3,Govt. Elementary School Tella,Ludhiana,Ludhiana-I,425,Upper Primary,Punjabi
SCH0025,2025-06,1.4,3708.0,2,2,Govt. Elementary School Tella,Ludhiana,Ludhiana-I,425,Upper Primary,Punjabi
SCH0025,2025-07,2.29,9210.0,3,3,Govt. Elementary School Tella,Ludhiana,Ludhiana-I,425,Upper Primary,Punjabi
SCH0025,2025-08,17737.4,5196.0,2,2,Govt. Elementary School Tella,Ludhiana,Ludhiana-I,425,Upper Primary,Punjabi
SCH0025,2025-09,85201.0,7584.0,4,3,Govt. Elementary School Tella,Ludhiana,Ludhiana-I,425,Upper Primary,Punjabi
SCH0025,2025-10,23415.0,2706.0,2,2,Govt. Elementary School Tella,Ludhiana,Ludhiana-I,425,Upper Primary,Punjabi
SCH0025,2025-11,0.0,4215.0,3,1,Govt. Elementary School Tella,Ludhiana,Ludhiana-I,425,Upper Primary,Punjabi
SCH0025,2025-12,19900.0,597.0,1,1,Govt. Elementary School Tella,Ludhiana,Ludhiana-I,425,Upper Primary,Punjabi
SCH0025,2026-03,46.6,5592.0,1,1,Govt. Elementary School Tella,Ludhiana,Ludhiana-I,425,Upper Primary,Punjabi
SCH0026,2025-04,64.5,4455.0,2,1,Govt. Elementary School Narayan,Unknown,Ludhiana-II,234,Higher Secondary,Hindi
SCH0026,2025-06,59.7,1791.0,1,1,Govt. Elementary School Narayan,Unknown,Ludhiana-II,234,Higher Secondary,Hindi
SCH0026,2025-07,1.31,4366.0,3,3,Govt. Elementary School Narayan,Unknown,Ludhiana-II,234,Higher Secondary,Hindi
SCH0026,2025-08,10928.5,1791.0,3,3,Govt. Elementary School Narayan,Unknown,Ludhiana-II,234,Higher Secondary,Hindi
SCH0026,2025-09,44843.34,7740.0,3,3,Govt. Elementary School Narayan,Unknown,Ludhiana-II,234,Higher Secondary,Hindi
SCH0026,2025-12,39.1,0.0,1,1,Govt. Elementary School Narayan,Unknown,Ludhiana-II,234,Higher Secondary,Hindi
SCH0026,2026-01,0.39,1755.0,1,1,Govt. Elementary School Narayan,Unknown,Ludhiana-II,234,Higher Secondary,Hindi
SCH0026,2026-02,0.6579999999999999,1316.0,1,1,Govt. Elementary School Narayan,Unknown,Ludhiana-II,234,Higher Secondary,Hindi
SCH0026,2026-03,0.0,6126.0,2,2,Govt. Elementary School Narayan,Unknown,Ludhiana-II,234,Higher Secondary,Hindi
SCH0027,2025-04,53701.17,9147.0,4,4,Govt. Primary School Lal,Sangrur,Sunam,137,Primary,Punjabi
SCH0027,2025-05,47.5,2556.0,2,2,Govt. Primary School Lal,Sangrur,Sunam,137,Primary,Punjabi
SCH0027,2025-06,2.7279999999999998,13485.0,3,2,Govt. Primary School Lal,Sangrur,Sunam,137,Primary,Punjabi
SCH0027,2025-07,47.5,5700.0,1,1,Govt. Primary School Lal,Sangrur,Sunam,137,Primary,Punjabi
SCH0027,2025-08,48.1,5772.0,1,1,Govt. Primary School Lal,Sangrur,Sunam,137,Primary,Punjabi
SCH0027,2025-10,33541.5,8900.0,4,3,Govt. Primary School Lal,Sangrur,Sunam,137,Primary,Punjabi
SCH0027,2025-11,36400.0,3276.0,1,1,Govt. Primary School Lal,Sangrur,Sunam,137,Primary,Punjabi
SCH0027,2025-12,37.4,1496.0,1,1,Govt. Primary School Lal,Sangrur,Sunam,137,Primary,Punjabi
SCH0027,2026-01,97901.1,10188.0,3,3,Govt. Primary School Lal,Sangrur,Sunam,137,Primary,Punjabi
SCH0027,2026-02,15.294,5481.0,3,3,Govt. Primary School Lal,Sangrur,Sunam,137,Primary,Punjabi
SCH0027,2026-03,1.268,6936.0,2,2,Govt. Primary School Lal,Sangrur,Sunam,137,Primary,Punjabi
SCH0028,2025-04,28.6,1144.0,1,1,Govt. Primary School Sengupta,Ludhiana,Machhiwara,297,Upper Primary,Punjabi
SCH0028,2025-06,34.5,5214.0,2,2,Govt. Primary School Sengupta,Ludhiana,Machhiwara,297,Upper Primary,Punjabi
SCH0028,2025-07,25200.0,3512.0,2,2,Govt. Primary School Sengupta,Ludhiana,Machhiwara,297,Upper Primary,Punjabi
SCH0028,2025-08,25.3,7440.0,3,3,Govt. Primary School Sengupta,Ludhiana,Machhiwara,297,Upper Primary,Punjabi
SCH0028,2025-09,46.8,5616.0,1,1,Govt. Primary School Sengupta,Ludhiana,Machhiwara,297,Upper Primary,Punjabi
SCH0028,2025-10,0.8420000000000001,1740.0,2,1,Govt. Primary School Sengupta,Ludhiana,Machhiwara,297,Upper Primary,Punjabi
SCH0028,2025-11,0.0,4995.0,1,1,Govt. Primary School Sengupta,Ludhiana,Machhiwara,297,Upper Primary,Punjabi
SCH0028,2025-12,0.524,786.0,1,1,Govt. Primary School Sengupta,Ludhiana,Machhiwara,297,Upper Primary,Punjabi
SCH0028,2026-01,28446.5,4416.0,2,2,Govt. Primary School Sengupta,Ludhiana,Machhiwara,297,Upper Primary,Punjabi
SCH0028,2026-03,89.528,12901.0,6,5,Govt. Primary School Sengupta,Ludhiana,Machhiwara,297,Upper Primary,Punjabi
SCH0029,2025-05,16.9,7908.0,2,1,Govt. Primary School Lad,Amritsar,Amritsar-II,246,Upper Primary,Punjabi
SCH0029,2025-06,37326.2,3477.0,2,2,Govt. Primary School Lad,Amritsar,Amritsar-II,246,Upper Primary,Punjabi
SCH0029,2025-07,41700.0,5004.0,1,1,Govt. Primary School Lad,Amritsar,Amritsar-II,246,Upper Primary,Punjabi
SCH0029,2025-08,47386.748,14309.0,4,3,Govt. Primary School Lad,Amritsar,Amritsar-II,246,Upper Primary,Punjabi
SCH0029,2025-09,53.8,16728.0,3,3,Govt. Primary School Lad,Amritsar,Amritsar-II,246,Upper Primary,Punjabi
SCH0029,2025-10,73100.81599999999,5055.0,3,3,Govt. Primary School Lad,Amritsar,Amritsar-II,246,Upper Primary,Punjabi
SCH0029,2025-11,13.0,390.0,1,1,Govt. Primary School Lad,Amritsar,Amritsar-II,246,Upper Primary,Punjabi
SCH0029,2025-12,50.9,6108.0,1,1,Govt. Primary School Lad,Amritsar,Amritsar-II,246,Upper Primary,Punjabi
SCH0029,2026-01,51.8,2808.0,2,2,Govt. Primary School Lad,Amritsar,Amritsar-II,246,Upper Primary,Punjabi
SCH0029,2026-02,0.862,3879.0,1,1,Govt. Primary School Lad,Amritsar,Amritsar-II,246,Upper Primary,Punjabi
SCH0029,2026-03,35.4,5370.0,2,2,Govt. Primary School Lad,Amritsar,Amritsar-II,246,Upper Primary,Punjabi
SCH0030,2025-04,43.546,4177.0,2,2,Govt. Elementary School Kar,Moga,Bagha Purana,144,Secondary,English
SCH0030,2025-05,54300.0,1629.0,1,1,Govt. Elementary School Kar,Moga,Bagha Purana,144,Secondary,English
SCH0030,2025-06,29.9,6356.0,2,1,Govt. Elementary School Kar,Moga,Bagha Purana,144,Secondary,English
SCH0030,2025-08,0.0,0.0,1,1,Govt. Elementary School Kar,Moga,Bagha Purana,144,Secondary,English
SCH0030,2025-09,49521.7,7824.0,3,3,Govt. Elementary School Kar,Moga,Bagha Purana,144,Secondary,English
SCH0030,2025-10,0.964,10292.0,3,3,Govt. Elementary School Kar,Moga,Bagha Purana,144,Secondary,English
SCH0030,2025-11,51300.0,5706.0,3,3,Govt. Elementary School Kar,Moga,Bagha Purana,144,Secondary,English
SCH0030,2025-12,52400.0,4716.0,1,1,Govt. Elementary School Kar,Moga,Bagha Purana,144,Secondary,English
SCH0030,2026-01,58679.046,13276.0,4,3,Govt. Elementary School Kar,Moga,Bagha Purana,144,Secondary,English
SCH0030,2026-02,40000.0,4800.0,1,1,Govt. Elementary School Kar,Moga,Bagha Purana,144,Secondary,English
SCH0030,2026-03,21558.4,6116.0,2,2,Govt. Elementary School Kar,Moga,Bagha Purana,144,Secondary,English
SCH0031,2025-04,15.368,6384.0,2,2,Govt. Primary School Mohanty,Sangrur,Unknown,424,Primary,Hindi
SCH0031,2025-05,75.5,8133.0,2,2,Govt. Primary School Mohanty,Sangrur,Unknown,424,Primary,Hindi
SCH0031,2025-07,50.7,4563.0,1,1,Govt. Primary School Mohanty,Sangrur,Unknown,424,Primary,Hindi
SCH0031,2025-08,39.0,1560.0,1,1,Govt. Primary School Mohanty,Sangrur,Unknown,424,Primary,Hindi
SCH0031,2025-09,36.8,3312.0,1,1,Govt. Primary School Mohanty,Sangrur,Unknown,424,Primary,Hindi
SCH0031,2025-10,0.0,6399.0,2,2,Govt. Primary School Mohanty,Sangrur,Unknown,424,Primary,Hindi
SCH0031,2025-11,65.5,4536.0,2,2,Govt. Primary School Mohanty,Sangrur,Unknown,424,Primary,Hindi
SCH0031,2025-12,0.0,1059.0,1,1,Govt. Primary School Mohanty,Sangrur,Unknown,424,Primary,Hindi
SCH0031,2026-01,50.322,5652.0,3,3,Govt. Primary School Mohanty,Sangrur,Unknown,424,Primary,Hindi
SCH0031,2026-02,0.892,7065.0,2,2,Govt. Primary School Mohanty,Sangrur,Unknown,424,Primary,Hindi
SCH0031,2026-03,39.9,1197.0,1,1,Govt. Primary School Mohanty,Sangrur,Unknown,424,Primary,Hindi
SCH0032,2025-04,29.7,3564.0,1,1,Govt. Senior Secondary School Narang,Bathinda,Maur,218,Upper Primary,Hindi
SCH0032,2025-05,126.7,12219.0,4,3,Govt. Senior Secondary School Narang,Bathinda,Maur,218,Upper Primary,Hindi
SCH0032,2025-06,43000.0,11100.0,3,3,Govt. Senior Secondary School Narang,Bathinda,Maur,218,Upper Primary,Hindi
SCH0032,2025-07,22620.386,5323.0,3,3,Govt. Senior Secondary School Narang,Bathinda,Maur,218,Upper Primary,Hindi
SCH0032,2025-08,31.8,3816.0,1,1,Govt. Senior Secondary School Narang,Bathinda,Maur,218,Upper Primary,Hindi
SCH0032,2025-09,30400.76,3420.0,2,2,Govt. Senior Secondary School Narang,Bathinda,Maur,218,Upper Primary,Hindi
SCH0032,2025-11,0.0,0.0,1,1,Govt. Senior Secondary School Narang,Bathinda,Maur,218,Upper Primary,Hindi
SCH0032,2025-12,0.0,7995.0,2,2,Govt. Senior Secondary School Narang,Bathinda,Maur,218,Upper Primary,Hindi
SCH0032,2026-01,48.3,1449.0,1,1,Govt. Senior Secondary School Narang,Bathinda,Maur,218,Upper Primary,Hindi
SCH0032,2026-02,0.0,1578.0,1,1,Govt. Senior Secondary School Narang,Bathinda,Maur,218,Upper Primary,Hindi
SCH0032,2026-03,41300.0,1441.0,2,1,Govt. Senior Secondary School Narang,Bathinda,Maur,218,Upper Primary,Hindi
SCH0033,2025-04,0.0,4380.0,2,1,Govt. Primary School Shroff,Bathinda,Bathinda,381,Secondary,Hindi
SCH0033,2025-05,0.0,5548.0,2,2,Govt. Primary School Shroff,Bathinda,Bathinda,381,Secondary,Hindi
SCH0033,2025-06,11701.734,10631.0,4,4,Govt. Primary School Shroff,Bathinda,Bathinda,381,Secondary,Hindi
SCH0033,2025-09,1.002,3501.0,2,2,Govt. Primary School Shroff,Bathinda,Bathinda,381,Secondary,Hindi
SCH0033,2025-10,0.0,4956.0,1,1,Govt. Primary School Shroff,Bathinda,Bathinda,381,Secondary,Hindi
SCH0033,2025-11,52.59,4036.0,4,4,Govt. Primary School Shroff,Bathinda,Bathinda,381,Secondary,Hindi
SCH0033,2025-12,46800.0,2312.0,2,2,Govt. Primary School Shroff,Bathinda,Bathinda,381,Secondary,Hindi
SCH0033,2026-02,34.3,1029.0,1,1,Govt. Primary School Shroff,Bathinda,Bathinda,381,Secondary,Hindi
SCH0033,2026-03,0.0,3654.0,2,2,Govt. Primary School Shroff,Bathinda,Bathinda,381,Secondary,Hindi
SCH0034,2025-04,0.0,7128.0,2,2,Govt. Senior Secondary School Kumar,Bathinda,Bathinda,94,Upper Primary,Hindi
SCH0034,2025-06,16.7,3615.0,2,2,Govt. Senior Secondary School Kumar,Bathinda,Bathinda,94,Upper Primary,Hindi
SCH0034,2025-07,29.1,0.0,1,1,Govt. Senior Secondary School Kumar,Bathinda,Bathinda,94,Upper Primary,Hindi
SCH0034,2025-08,0.0,1668.0,1,1,Govt. Senior Secondary School Kumar,Bathinda,Bathinda,94,Upper Primary,Hindi
SCH0034,2025-10,2.23,9503.0,3,3,Govt. Senior Secondary School Kumar,Bathinda,Bathinda,94,Upper Primary,Hindi
SCH0034,2025-11,0.43,2580.0,1,1,Govt. Senior Secondary School Kumar,Bathinda,Bathinda,94,Upper Primary,Hindi
SCH0034,2025-12,34500.35,5205.0,2,1,Govt. Senior Secondary School Kumar,Bathinda,Bathinda,94,Upper Primary,Hindi
SCH0034,2026-01,43100.634,9400.0,3,2,Govt. Senior Secondary School Kumar,Bathinda,Bathinda,94,Upper Primary,Hindi
SCH0034,2026-03,13.3,1197.0,1,1,Govt. Senior Secondary School Kumar,Bathinda,Bathinda,94,Upper Primary,Hindi
SCH0035,2025-04,0.0,4764.0,1,1,Govt. Elementary School Setty,Bathinda,Talwandi Sabo,168,Primary,Punjabi
SCH0035,2025-06,10100.0,3248.0,2,2,Govt. Elementary School Setty,Bathinda,Talwandi Sabo,168,Primary,Punjabi
SCH0035,2025-07,0.0,0.0,1,1,Govt. Elementary School Setty,Bathinda,Talwandi Sabo,168,Primary,Punjabi
SCH0035,2025-08,0.0,1384.0,2,1,Govt. Elementary School Setty,Bathinda,Talwandi Sabo,168,Primary,Punjabi
SCH0035,2025-11,0.0,0.0,1,1,Govt. Elementary School Setty,Bathinda,Talwandi Sabo,168,Primary,Punjabi
SCH0035,2026-01,29514.7,2655.0,2,2,Govt. Elementary School Setty,Bathinda,Talwandi Sabo,168,Primary,Punjabi
SCH0035,2026-03,57.0,0.0,1,1,Govt. Elementary School Setty,Bathinda,Talwandi Sabo,168,Primary,Punjabi
SCH0036,2025-06,34202.136,9750.0,4,4,Govt. Elementary School Solanki,Ludhiana,Doraha,434,Secondary,Punjabi
SCH0036,2025-07,64.838,5955.0,3,3,Govt. Elementary School Solanki,Ludhiana,Doraha,434,Secondary,Punjabi
SCH0036,2025-08,23.2,7320.0,2,2,Govt. Elementary School Solanki,Ludhiana,Doraha,434,Secondary,Punjabi
SCH0036,2025-09,22.0,2720.0,3,3,Govt. Elementary School Solanki,Ludhiana,Doraha,434,Secondary,Punjabi
SCH0036,2025-11,0.858,5541.0,2,2,Govt. Elementary School Solanki,Ludhiana,Doraha,434,Secondary,Punjabi
SCH0036,2025-12,0.0,3627.0,1,1,Govt. Elementary School Solanki,Ludhiana,Doraha,434,Secondary,Punjabi
SCH0036,2026-01,25.4,6387.0,2,2,Govt. Elementary School Solanki,Ludhiana,Doraha,434,Secondary,Punjabi
SCH0036,2026-02,13700.0,1644.0,1,1,Govt. Elementary School Solanki,Ludhiana,Doraha,434,Secondary,Punjabi
SCH0036,2026-03,0.0,1752.0,1,1,Govt. Elementary School Solanki,Ludhiana,Doraha,434,Secondary,Punjabi
SCH0037,2025-04,35.612,5463.0,2,2,Govt. Middle School More,Ludhiana,Ludhiana-I,78,Upper Primary,Hindi
SCH0037,2025-05,33.2,3984.0,1,1,Govt. Middle School More,Ludhiana,Ludhiana-I,78,Upper Primary,Hindi
SCH0037,2025-06,84.4,6564.0,2,2,Govt. Middle School More,Ludhiana,Ludhiana-I,78,Upper Primary,Hindi
SCH0037,2025-07,53440.81,15396.0,5,3,Govt. Middle School More,Ludhiana,Ludhiana-I,78,Upper Primary,Hindi
SCH0037,2025-08,68458.9,8192.0,5,4,Govt. Middle School More,Ludhiana,Ludhiana-I,78,Upper Primary,Hindi
SCH0037,2025-09,1.038,0.0,1,1,Govt. Middle School More,Ludhiana,Ludhiana-I,78,Upper Primary,Hindi
SCH0037,2025-10,46400.456,12147.0,4,3,Govt. Middle School More,Ludhiana,Ludhiana-I,78,Upper Primary,Hindi
SCH0037,2025-11,40.5,1620.0,1,1,Govt. Middle School More,Ludhiana,Ludhiana-I,78,Upper Primary,Hindi
SCH0037,2025-12,23800.0,2856.0,1,1,Govt. Middle School More,Ludhiana,Ludhiana-I,78,Upper Primary,Hindi
SCH0037,2026-01,23.5,2115.0,1,1,Govt. Middle School More,Ludhiana,Ludhiana-I,78,Upper Primary,Hindi
SCH0037,2026-02,37500.0,2322.0,2,2,Govt. Middle School More,Ludhiana,Ludhiana-I,78,Upper Primary,Hindi
SCH0038,2025-04,58.0,0.0,1,1,Govt. Senior Secondary School Mandal,Ferozepur,Zira,61,Primary,Punjabi
SCH0038,2025-05,18721.386,3801.0,4,4,Govt. Senior Secondary School Mandal,Ferozepur,Zira,61,Primary,Punjabi
SCH0038,2025-07,0.0,2400.0,1,1,Govt. Senior Secondary School Mandal,Ferozepur,Zira,61,Primary,Punjabi
SCH0038,2025-08,76458.93,8751.0,5,5,Govt. Senior Secondary School Mandal,Ferozepur,Zira,61,Primary,Punjabi
SCH0038,2025-09,116.80000000000001,9240.0,2,2,Govt. Senior Secondary School Mandal,Ferozepur,Zira,61,Primary,Punjabi
SCH0038,2025-10,24331.3,4168.0,2,2,Govt. Senior Secondary School Mandal,Ferozepur,Zira,61,Primary,Punjabi
SCH0038,2025-11,14.2,1940.0,2,2,Govt. Senior Secondary School Mandal,Ferozepur,Zira,61,Primary,Punjabi
SCH0038,2025-12,0.0,5904.0,1,1,Govt. Senior Secondary School Mandal,Ferozepur,Zira,61,Primary,Punjabi
SCH0038,2026-01,59800.0,5140.0,3,3,Govt. Senior Secondary School Mandal,Ferozepur,Zira,61,Primary,Punjabi
SCH0038,2026-02,0.426,6444.0,2,2,Govt. Senior Secondary School Mandal,Ferozepur,Zira,61,Primary,Punjabi
SCH0038,2026-03,43410.9,3528.0,3,3,Govt. Senior Secondary School Mandal,Ferozepur,Zira,61,Primary,Punjabi
SCH0039,2025-04,1.116,6696.0,1,1,Govt. Senior Secondary School Baral,Moga,Nihal Singh Wala,357,Upper Primary,Punjabi
SCH0039,2025-05,24.3,972.0,1,1,Govt. Senior Secondary School Baral,Moga,Nihal Singh Wala,357,Upper Primary,Punjabi
SCH0039,2025-06,0.446,0.0,1,1,Govt. Senior Secondary School Baral,Moga,Nihal Singh Wala,357,Upper Primary,Punjabi
SCH0039,2025-07,0.71,3195.0,1,1,Govt. Senior Secondary School Baral,Moga,Nihal Singh Wala,357,Upper Primary,Punjabi
SCH0039,2025-08,0.0,6264.0,1,1,Govt. Senior Secondary School Baral,Moga,Nihal Singh Wala,357,Upper Primary,Punjabi
SCH0039,2025-10,0.812,4872.0,1,1,Govt. Senior Secondary School Baral,Moga,Nihal Singh Wala,357,Upper Primary,Punjabi
SCH0039,2025-11,40000.0,3600.0,1,1,Govt. Senior Secondary School Baral,Moga,Nihal Singh Wala,357,Upper Primary,Punjabi
SCH0039,2025-12,0.0,2396.0,1,1,Govt. Senior Secondary School Baral,Moga,Nihal Singh Wala,357,Upper Primary,Punjabi
SCH0039,2026-01,0.0,1496.0,1,1,Govt. Senior Secondary School Baral,Moga,Nihal Singh Wala,357,Upper Primary,Punjabi
SCH0039,2026-02,18500.0,555.0,1,1,Govt. Senior Secondary School Baral,Moga,Nihal Singh Wala,357,Upper Primary,Punjabi
SCH0040,2025-04,58035.812,12000.0,3,3,Govt. Primary School Gole,Jalandhar,Nakodar,440,Upper Primary,Punjabi
SCH0040,2025-06,59.6,8466.0,3,3,Govt. Primary School Gole,Jalandhar,Nakodar,440,Upper Primary,Punjabi
SCH0040,2025-07,45.2,2838.0,2,2,Govt. Primary School Gole,Jalandhar,Nakodar,440,Upper Primary,Punjabi
SCH0040,2025-08,41.4,3387.0,2,2,Govt. Primary School Gole,Jalandhar,Nakodar,440,Upper Primary,Punjabi
SCH0040,2025-09,0.0,345.0,1,1,Govt. Primary School Gole,Jalandhar,Nakodar,440,Upper Primary,Punjabi
SCH0040,2025-10,42.3,6860.0,2,2,Govt. Primary School Gole,Jalandhar,Nakodar,440,Upper Primary,Punjabi
SCH0040,2025-11,97900.0,10395.0,3,1,Govt. Primary School Gole,Jalandhar,Nakodar,440,Upper Primary,Punjabi
SCH0040,2025-12,26800.0,1072.0,1,1,Govt. Primary School Gole,Jalandhar,Nakodar,440,Upper Primary,Punjabi
SCH0040,2026-01,0.7759999999999999,1164.0,1,1,Govt. Primary School Gole,Jalandhar,Nakodar,440,Upper Primary,Punjabi
SCH0040,2026-02,17.6,0.0,1,1,Govt. Primary School Gole,Jalandhar,Nakodar,440,Upper Primary,Punjabi
SCH0040,2026-03,16.5,7692.0,2,2,Govt. Primary School Gole,Jalandhar,Nakodar,440,Upper Primary,Punjabi
SCH0041,2025-04,36.9,1107.0,1,1,Govt. Senior Secondary School Kuruvilla,Sangrur,Sunam,142,Higher Secondary,Hindi
SCH0041,2025-05,74.6,618.0,2,2,Govt. Senior Secondary School Kuruvilla,Sangrur,Sunam,142,Higher Secondary,Hindi
SCH0041,2025-06,30238.0,6042.0,3,3,Govt. Senior Secondary School Kuruvilla,Sangrur,Sunam,142,Higher Secondary,Hindi
SCH0041,2025-07,55.3,4977.0,1,1,Govt. Senior Secondary School Kuruvilla,Sangrur,Sunam,142,Higher Secondary,Hindi
SCH0041,2025-09,16800.996,1992.0,2,2,Govt. Senior Secondary School Kuruvilla,Sangrur,Sunam,142,Higher Secondary,Hindi
SCH0041,2025-10,0.0,735.0,1,1,Govt. Senior Secondary School Kuruvilla,Sangrur,Sunam,142,Higher Secondary,Hindi
SCH0041,2025-11,73.2,1050.0,3,3,Govt. Senior Secondary School Kuruvilla,Sangrur,Sunam,142,Higher Secondary,Hindi
SCH0041,2025-12,21200.296,2500.0,2,2,Govt. Senior Secondary School Kuruvilla,Sangrur,Sunam,142,Higher Secondary,Hindi
SCH0041,2026-01,34.674,2348.0,2,1,Govt. Senior Secondary School Kuruvilla,Sangrur,Sunam,142,Higher Secondary,Hindi
SCH0041,2026-03,40700.0,6624.0,2,2,Govt. Senior Secondary School Kuruvilla,Sangrur,Sunam,142,Higher Secondary,Hindi
SCH0042,2025-04,0.772,0.0,1,1,Govt. Elementary School Bhatnagar,Ferozepur,Makhu,182,Secondary,Hindi
SCH0042,2025-05,19100.294,8576.0,4,4,Govt. Elementary School Bhatnagar,Ferozepur,Makhu,182,Secondary,Hindi
SCH0042,2025-06,12.6,1134.0,1,1,Govt. Elementary School Bhatnagar,Ferozepur,Makhu,182,Secondary,Hindi
SCH0042,2025-07,0.0,5187.0,2,2,Govt. Elementary School Bhatnagar,Ferozepur,Makhu,182,Secondary,Hindi
SCH0042,2025-09,16.5,495.0,1,1,Govt. Elementary School Bhatnagar,Ferozepur,Makhu,182,Secondary,Hindi
SCH0042,2025-10,35.3,0.0,1,1,Govt. Elementary School Bhatnagar,Ferozepur,Makhu,182,Secondary,Hindi
SCH0042,2025-11,47.732,3465.0,2,2,Govt. Elementary School Bhatnagar,Ferozepur,Makhu,182,Secondary,Hindi
SCH0042,2025-12,0.0,3144.0,1,1,Govt. Elementary School Bhatnagar,Ferozepur,Makhu,182,Secondary,Hindi
SCH0042,2026-01,53.8,7894.0,3,2,Govt. Elementary School Bhatnagar,Ferozepur,Makhu,182,Secondary,Hindi
SCH0042,2026-02,2.254,4369.0,3,3,Govt. Elementary School Bhatnagar,Ferozepur,Makhu,182,Secondary,Hindi
SCH0042,2026-03,98.1,3491.0,2,2,Govt. Elementary School Bhatnagar,Ferozepur,Makhu,182,Secondary,Hindi
SCH0043,2025-04,23000.494,3748.0,2,2,Govt. Middle School Sachar,Moga,Unknown,99,Secondary,Hindi
SCH0043,2025-05,23200.0,0.0,1,1,Govt. Middle School Sachar,Moga,Unknown,99,Secondary,Hindi
SCH0043,2025-07,47055.5,10641.0,4,4,Govt. Middle School Sachar,Moga,Unknown,99,Secondary,Hindi
SCH0043,2025-08,26958.2,8060.0,2,2,Govt. Middle School Sachar,Moga,Unknown,99,Secondary,Hindi
SCH0043,2025-09,0.252,2462.0,2,2,Govt. Middle School Sachar,Moga,Unknown,99,Secondary,Hindi
SCH0043,2025-11,1.718,3436.0,2,2,Govt. Middle School Sachar,Moga,Unknown,99,Secondary,Hindi
SCH0043,2025-12,0.97,2847.0,2,2,Govt. Middle School Sachar,Moga,Unknown,99,Secondary,Hindi
SCH0043,2026-01,23.3,2018.0,2,2,Govt. Middle School Sachar,Moga,Unknown,99,Secondary,Hindi
SCH0043,2026-03,41.116,3235.0,2,1,Govt. Middle School Sachar,Moga,Unknown,99,Secondary,Hindi
SCH0044,2025-04,19.7,1376.0,2,2,Govt. Primary School Rajagopalan,Ferozepur,Makhu,413,Higher Secondary,Hindi
SCH0044,2025-06,0.0,1548.0,1,1,Govt. Primary School Rajagopalan,Ferozepur,Makhu,413,Higher Secondary,Hindi
SCH0044,2025-07,0.0,1551.0,1,1,Govt. Primary School Rajagopalan,Ferozepur,Makhu,413,Higher Secondary,Hindi
SCH0044,2025-09,39.5,4740.0,1,1,Govt. Primary School Rajagopalan,Ferozepur,Makhu,413,Higher Secondary,Hindi
SCH0044,2025-10,1.088,9137.0,3,3,Govt. Primary School Rajagopalan,Ferozepur,Makhu,413,Higher Secondary,Hindi
SCH0044,2025-11,91.5,3732.0,4,4,Govt. Primary School Rajagopalan,Ferozepur,Makhu,413,Higher Secondary,Hindi
SCH0044,2026-01,45.186,6643.0,4,3,Govt. Primary School Rajagopalan,Ferozepur,Makhu,413,Higher Secondary,Hindi
SCH0044,2026-02,44700.0,1788.0,1,1,Govt. Primary School Rajagopalan,Ferozepur,Makhu,413,Higher Secondary,Hindi
SCH0044,2026-03,20710.2,3695.0,3,3,Govt. Primary School Rajagopalan,Ferozepur,Makhu,413,Higher Secondary,Hindi
SCH0045,2025-04,55.994,15921.0,3,3,Govt. Senior Secondary School Divan,Patiala,Samana,62,Primary,Punjabi
SCH0045,2025-05,20.4,2448.0,1,1,Govt. Senior Secondary School Divan,Patiala,Samana,62,Primary,Punjabi
SCH0045,2025-06,1.088,7689.0,2,2,Govt. Senior Secondary School Divan,Patiala,Samana,62,Primary,Punjabi
SCH0045,2025-07,1.9060000000000001,9456.0,3,2,Govt. Senior Secondary School Divan,Patiala,Samana,62,Primary,Punjabi
SCH0045,2025-08,0.452,0.0,1,1,Govt. Senior Secondary School Divan,Patiala,Samana,62,Primary,Punjabi
SCH0045,2025-09,18.1,724.0,1,1,Govt. Senior Secondary School Divan,Patiala,Samana,62,Primary,Punjabi
SCH0045,2025-10,74540.8,9966.0,3,3,Govt. Senior Secondary School Divan,Patiala,Samana,62,Primary,Punjabi
SCH0045,2025-12,0.0,7668.0,3,3,Govt. Senior Secondary School Divan,Patiala,Samana,62,Primary,Punjabi
SCH0045,2026-02,56.0,1116.0,3,2,Govt. Senior Secondary School Divan,Patiala,Samana,62,Primary,Punjabi
SCH0046,2025-05,0.532,4362.0,2,2,Govt. Elementary School Mody,Moga,Bagha Purana,379,Secondary,English
SCH0046,2025-07,21.3,2556.0,1,1,Govt. Elementary School Mody,Moga,Bagha Purana,379,Secondary,English
SCH0046,2025-08,40.7,4884.0,1,1,Govt. Elementary School Mody,Moga,Bagha Purana,379,Secondary,English
SCH0046,2026-01,37935.0,8140.0,3,3,Govt. Elementary School Mody,Moga,Bagha Purana,379,Secondary,English
SCH0046,2026-02,13.006,369.0,2,2,Govt. Elementary School Mody,Moga,Bagha Purana,379,Secondary,English
SCH0046,2026-03,0.0,4692.0,1,1,Govt. Elementary School Mody,Moga,Bagha Purana,379,Secondary,English
SCH0047,2025-04,19800.576,5238.0,2,2,Govt. Senior Secondary School Karpe,Jalandhar,Jalandhar-II,255,Higher Secondary,English
SCH0047,2025-05,29.432000000000002,8694.0,3,3,Govt. Senior Secondary School Karpe,Jalandhar,Jalandhar-II,255,Higher Secondary,English
SCH0047,2025-07,22.9,2250.0,2,2,Govt. Senior Secondary School Karpe,Jalandhar,Jalandhar-II,255,Higher Secondary,English
SCH0047,2025-08,0.0,849.0,1,1,Govt. Senior Secondary School Karpe,Jalandhar,Jalandhar-II,255,Higher Secondary,English
SCH0047,2025-09,39.4,1576.0,1,1,Govt. Senior Secondary School Karpe,Jalandhar,Jalandhar-II,255,Higher Secondary,English
SCH0047,2025-10,42.412,3732.0,2,2,Govt. Senior Secondary School Karpe,Jalandhar,Jalandhar-II,255,Higher Secondary,English
SCH0047,2025-11,47500.0,5700.0,1,1,Govt. Senior Secondary School Karpe,Jalandhar,Jalandhar-II,255,Higher Secondary,English
SCH0047,2025-12,1.182,2364.0,1,1,Govt. Senior Secondary School Karpe,Jalandhar,Jalandhar-II,255,Higher Secondary,English
SCH0047,2026-01,45.5,6448.0,3,3,Govt. Senior Secondary School Karpe,Jalandhar,Jalandhar-II,255,Higher Secondary,English
SCH0047,2026-02,53.8,6456.0,1,1,Govt. Senior Secondary School Karpe,Jalandhar,Jalandhar-II,255,Higher Secondary,English
SCH0047,2026-03,33900.84,4311.0,2,2,Govt. Senior Secondary School Karpe,Jalandhar,Jalandhar-II,255,Higher Secondary,English
SCH0048,2025-04,56214.0,8004.0,2,2,Govt. Middle School Chana,Ferozepur,Ferozepur,195,Higher Secondary,Punjabi
SCH0048,2025-05,24228.5,4146.0,2,2,Govt. Middle School Chana,Ferozepur,Ferozepur,195,Higher Secondary,Punjabi
SCH0048,2025-06,49301.002,7419.0,2,2,Govt. Middle School Chana,Ferozepur,Ferozepur,195,Higher Secondary,Punjabi
SCH0048,2025-07,27.7,2407.0,2,2,Govt. Middle School Chana,Ferozepur,Ferozepur,195,Higher Secondary,Punjabi
SCH0048,2025-08,57.102,2850.0,3,2,Govt. Middle School Chana,Ferozepur,Ferozepur,195,Higher Secondary,Punjabi
SCH0048,2025-09,0.0,3300.0,1,1,Govt. Middle School Chana,Ferozepur,Ferozepur,195,Higher Secondary,Punjabi
SCH0048,2025-11,0.0,6372.0,2,2,Govt. Middle School Chana,Ferozepur,Ferozepur,195,Higher Secondary,Punjabi
SCH0048,2025-12,0.996,2472.0,2,2,Govt. Middle School Chana,Ferozepur,Ferozepur,195,Higher Secondary,Punjabi
SCH0048,2026-01,13.0,2365.0,3,3,Govt. Middle School Chana,Ferozepur,Ferozepur,195,Higher Secondary,Punjabi
SCH0048,2026-03,56.199999999999996,9954.0,3,2,Govt. Middle School Chana,Ferozepur,Ferozepur,195,Higher Secondary,Punjabi
SCH0049,2025-05,22.8,3699.0,2,2,Govt. Middle School Purohit,Patiala,Rajpura,446,Upper Primary,Hindi
SCH0049,2025-06,0.0,1524.0,1,1,Govt. Middle School Purohit,Patiala,Rajpura,446,Upper Primary,Hindi
SCH0049,2025-07,19200.484,4749.0,3,2,Govt. Middle School Purohit,Patiala,Rajpura,446,Upper Primary,Hindi
SCH0049,2025-09,31823.3,1272.0,2,2,Govt. Middle School Purohit,Patiala,Rajpura,446,Upper Primary,Hindi
SCH0049,2025-10,0.624,936.0,1,1,Govt. Middle School Purohit,Patiala,Rajpura,446,Upper Primary,Hindi
SCH0049,2025-11,24100.0,4840.0,2,2,Govt. Middle School Purohit,Patiala,Rajpura,446,Upper Primary,Hindi
SCH0049,2025-12,43.7,5244.0,1,1,Govt. Middle School Purohit,Patiala,Rajpura,446,Upper Primary,Hindi
SCH0049,2026-01,1.08,7209.0,2,2,Govt. Middle School Purohit,Patiala,Rajpura,446,Upper Primary,Hindi
SCH0049,2026-02,73.8,7284.0,2,2,Govt. Middle School Purohit,Patiala,Rajpura,446,Upper Primary,Hindi
SCH0050,2025-04,86.19999999999999,6560.0,2,2,Govt. Senior Secondary School Tank,Moga,Moga-I,424,Secondary,Punjabi
SCH0050,2025-05,28900.0,7441.0,3,2,Govt. Senior Secondary School Tank,Moga,Moga-I,424,Secondary,Punjabi
SCH0050,2025-06,0.0,5772.0,1,1,Govt. Senior Secondary School Tank,Moga,Moga-I,424,Secondary,Punjabi
SCH0050,2025-07,51.118,11761.0,4,4,Govt. Senior Secondary School Tank,Moga,Moga-I,424,Secondary,Punjabi
SCH0050,2025-08,56.0,6720.0,1,1,Govt. Senior Secondary School Tank,Moga,Moga-I,424,Secondary,Punjabi
SCH0050,2025-09,30173.52,7231.0,4,3,Govt. Senior Secondary School Tank,Moga,Moga-I,424,Secondary,Punjabi
SCH0050,2025-10,42100.0,1684.0,1,1,Govt. Senior Secondary School Tank,Moga,Moga-I,424,Secondary,Punjabi
SCH0050,2025-12,15.7,628.0,1,1,Govt. Senior Secondary School Tank,Moga,Moga-I,424,Secondary,Punjabi
SCH0050,2026-01,0.0,945.0,1,1,Govt. Senior Secondary School Tank,Moga,Moga-I,424,Secondary,Punjabi
SCH0050,2026-02,57324.7,9099.0,2,2,Govt. Senior Secondary School Tank,Moga,Moga-I,424,Secondary,Punjabi
SCH0050,2026-03,0.6859999999999999,5649.0,2,2,Govt. Senior Secondary School Tank,Moga,Moga-I,424,Secondary,Punjabi
SCH0051,2025-05,42951.3,6687.0,2,2,Govt. Senior Secondary School Sarkar,Patiala,Rajpura,352,Primary,Punjabi
SCH0051,2025-07,0.0,369.0,1,1,Govt. Senior Secondary School Sarkar,Patiala,Rajpura,352,Primary,Punjabi
SCH0051,2025-09,46.342,6489.0,3,3,Govt. Senior Secondary School Sarkar,Patiala,Rajpura,352,Primary,Punjabi
SCH0051,2025-11,80300.0,7485.0,2,2,Govt. Senior Secondary School Sarkar,Patiala,Rajpura,352,Primary,Punjabi
SCH0051,2026-01,58445.3,7772.0,2,2,Govt. Senior Secondary School Sarkar,Patiala,Rajpura,352,Primary,Punjabi
SCH0051,2026-02,16579.126,11048.0,6,4,Govt. Senior Secondary School Sarkar,Patiala,Rajpura,352,Primary,Punjabi
SCH0051,2026-03,2.028,4056.0,2,2,Govt. Senior Secondary School Sarkar,Patiala,Rajpura,352,Primary,Punjabi
SCH0052,2025-04,0.0,657.0,1,1,Govt. Primary School Kannan,Sangrur,Dhuri,164,Primary,Hindi
SCH0052,2025-05,53718.5,3276.0,2,2,Govt. Primary School Kannan,Sangrur,Dhuri,164,Primary,Hindi
SCH0052,2025-06,25100.0,0.0,1,1,Govt. Primary School Kannan,Sangrur,Dhuri,164,Primary,Hindi
SCH0052,2025-08,36.97,14934.0,5,4,Govt. Primary School Kannan,Sangrur,Dhuri,164,Primary,Hindi
SCH0052,2025-09,1.032,0.0,1,1,Govt. Primary School Kannan,Sangrur,Dhuri,164,Primary,Hindi
SCH0052,2025-11,19256.822,14229.0,6,4,Govt. Primary School Kannan,Sangrur,Dhuri,164,Primary,Hindi
SCH0052,2025-12,42.6,3834.0,1,1,Govt. Primary School Kannan,Sangrur,Dhuri,164,Primary,Hindi
SCH0052,2026-01,53200.0,4788.0,2,1,Govt. Primary School Kannan,Sangrur,Dhuri,164,Primary,Hindi
SCH0052,2026-02,36400.0,1092.0,1,1,Govt. Primary School Kannan,Sangrur,Dhuri,164,Primary,Hindi
SCH0052,2026-03,39.0,4680.0,2,1,Govt. Primary School Kannan,Sangrur,Dhuri,164,Primary,Hindi
SCH0053,2025-04,29942.5,4637.0,4,4,Govt. Elementary School Tailor,Jalandhar,Phillaur,65,Primary,Hindi
SCH0053,2025-05,44.4,5328.0,1,1,Govt. Elementary School Tailor,Jalandhar,Phillaur,65,Primary,Hindi
SCH0053,2025-06,93.4,6294.0,2,2,Govt. Elementary School Tailor,Jalandhar,Phillaur,65,Primary,Hindi
SCH0053,2025-07,48.1,4329.0,1,1,Govt. Elementary School Tailor,Jalandhar,Phillaur,65,Primary,Hindi
SCH0053,2025-08,92800.0,7950.0,2,2,Govt. Elementary School Tailor,Jalandhar,Phillaur,65,Primary,Hindi
SCH0053,2025-09,0.0,1348.0,1,1,Govt. Elementary School Tailor,Jalandhar,Phillaur,65,Primary,Hindi
SCH0053,2025-11,0.0,1824.0,1,1,Govt. Elementary School Tailor,Jalandhar,Phillaur,65,Primary,Hindi
SCH0053,2025-12,78130.462,5454.0,4,4,Govt. Elementary School Tailor,Jalandhar,Phillaur,65,Primary,Hindi
SCH0053,2026-01,49.9,1996.0,1,1,Govt. Elementary School Tailor,Jalandhar,Phillaur,65,Primary,Hindi
SCH0053,2026-02,29.3,6696.0,4,4,Govt. Elementary School Tailor,Jalandhar,Phillaur,65,Primary,Hindi
SCH0053,2026-03,52301.298,2016.0,3,1,Govt. Elementary School Tailor,Jalandhar,Phillaur,65,Primary,Hindi
SCH0054,2025-04,56000.948,6506.0,2,2,Govt. Elementary School Bajwa,Moga,Nihal Singh Wala,353,Higher Secondary,Punjabi
SCH0054,2025-07,0.952,2601.0,2,2,Govt. Elementary School Bajwa,Moga,Nihal Singh Wala,353,Higher Secondary,Punjabi
SCH0054,2025-08,37.9,7239.0,3,3,Govt. Elementary School Bajwa,Moga,Nihal Singh Wala,353,Higher Secondary,Punjabi
SCH0054,2025-09,90.6,4668.0,2,2,Govt. Elementary School Bajwa,Moga,Nihal Singh Wala,353,Higher Secondary,Punjabi
SCH0054,2025-10,24500.0,8517.0,2,2,Govt. Elementary School Bajwa,Moga,Nihal Singh Wala,353,Higher Secondary,Punjabi
SCH0054,2025-11,36.6,1098.0,1,1,Govt. Elementary School Bajwa,Moga,Nihal Singh Wala,353,Higher Secondary,Punjabi
SCH0054,2025-12,26800.0,2412.0,2,2,Govt. Elementary School Bajwa,Moga,Nihal Singh Wala,353,Higher Secondary,Punjabi
SCH0054,2026-01,1.4040000000000001,608.0,2,2,Govt. Elementary School Bajwa,Moga,Nihal Singh Wala,353,Higher Secondary,Punjabi
SCH0054,2026-02,0.0,1446.0,1,1,Govt. Elementary School Bajwa,Moga,Nihal Singh Wala,353,Higher Secondary,Punjabi
SCH0055,2025-04,27800.0,4762.0,2,2,Govt. Elementary School Sem,Sangrur,Malerkotla,424,Secondary,English
SCH0055,2025-05,21.2,2544.0,1,1,Govt. Elementary School Sem,Sangrur,Malerkotla,424,Secondary,English
SCH0055,2025-06,21800.0,1962.0,1,1,Govt. Elementary School Sem,Sangrur,Malerkotla,424,Secondary,English
SCH0055,2025-08,67000.0,4147.0,3,3,Govt. Elementary School Sem,Sangrur,Malerkotla,424,Secondary,English
SCH0055,2025-09,19.66,9102.0,3,2,Govt. Elementary School Sem,Sangrur,Malerkotla,424,Secondary,English
SCH0055,2025-11,0.0,5773.0,2,1,Govt. Elementary School Sem,Sangrur,Malerkotla,424,Secondary,English
SCH0055,2025-12,68.2,2326.0,2,2,Govt. Elementary School Sem,Sangrur,Malerkotla,424,Secondary,English
SCH0055,2026-02,64550.4,11397.0,6,4,Govt. Elementary School Sem,Sangrur,Malerkotla,424,Secondary,English
SCH0055,2026-03,0.448,4533.0,2,2,Govt. Elementary School Sem,Sangrur,Malerkotla,424,Secondary,English
SCH0056,2025-04,58.3,6996.0,1,1,Govt. Primary School Nagar,Sangrur,Sangrur,405,Secondary,Hindi
SCH0056,2025-06,29.462,5067.0,3,2,Govt. Primary School Nagar,Sangrur,Sangrur,405,Secondary,Hindi
SCH0056,2025-08,53.0,3440.0,2,2,Govt. Primary School Nagar,Sangrur,Sangrur,405,Secondary,Hindi
SCH0056,2025-09,18.814,9217.0,3,3,Govt. Primary School Nagar,Sangrur,Sangrur,405,Secondary,Hindi
SCH0056,2025-10,83045.0,6738.0,4,4,Govt. Primary School Nagar,Sangrur,Sangrur,405,Secondary,Hindi
SCH0056,2025-11,0.6619999999999999,5320.0,3,3,Govt. Primary School Nagar,Sangrur,Sangrur,405,Secondary,Hindi
SCH0056,2025-12,40500.0,3645.0,1,1,Govt. Primary School Nagar,Sangrur,Sangrur,405,Secondary,Hindi
SCH0056,2026-01,27.822,4407.0,2,1,Govt. Primary School Nagar,Sangrur,Sangrur,405,Secondary,Hindi
SCH0056,2026-02,30200.0,3624.0,1,1,Govt. Primary School Nagar,Sangrur,Sangrur,405,Secondary,Hindi
SCH0057,2025-04,37200.0,9237.0,3,3,Govt. Elementary School Wagle,Ferozepur,Zira,401,Higher Secondary,Hindi
SCH0057,2025-05,79167.3,16321.0,5,4,Govt. Elementary School Wagle,Ferozepur,Zira,401,Higher Secondary,Hindi
SCH0057,2025-06,71.69999999999999,2489.0,2,2,Govt. Elementary School Wagle,Ferozepur,Zira,401,Higher Secondary,Hindi
SCH0057,2025-08,27.6,3084.0,2,1,Govt. Elementary School Wagle,Ferozepur,Zira,401,Higher Secondary,Hindi
SCH0057,2025-11,24.9,747.0,1,1,Govt. Elementary School Wagle,Ferozepur,Zira,401,Higher Secondary,Hindi
SCH0057,2025-12,56217.5,501.0,4,3,Govt. Elementary School Wagle,Ferozepur,Zira,401,Higher Secondary,Hindi
SCH0057,2026-01,74.7,6270.0,3,3,Govt. Elementary School Wagle,Ferozepur,Zira,401,Higher Secondary,Hindi
SCH0057,2026-02,0.944,5664.0,1,1,Govt. Elementary School Wagle,Ferozepur,Zira,401,Higher Secondary,Hindi
SCH0057,2026-03,33.8,0.0,1,1,Govt. Elementary School Wagle,Ferozepur,Zira,401,Higher Secondary,Hindi
SCH0058,2025-04,46.408,2139.0,2,1,Govt. Elementary School Savant,Ferozepur,Mamdot,434,Primary,English
SCH0058,2025-05,23.1,924.0,1,1,Govt. Elementary School Savant,Ferozepur,Mamdot,434,Primary,English
SCH0058,2025-06,39600.0,3564.0,1,1,Govt. Elementary School Savant,Ferozepur,Mamdot,434,Primary,English
SCH0058,2025-07,35.44,8328.0,3,2,Govt. Elementary School Savant,Ferozepur,Mamdot,434,Primary,English
SCH0058,2025-09,11.7,351.0,1,1,Govt. Elementary School Savant,Ferozepur,Mamdot,434,Primary,English
SCH0058,2025-10,0.984,4428.0,1,1,Govt. Elementary School Savant,Ferozepur,Mamdot,434,Primary,English
SCH0058,2025-11,39.0,3510.0,1,1,Govt. Elementary School Savant,Ferozepur,Mamdot,434,Primary,English
SCH0058,2025-12,36.754,3049.0,2,2,Govt. Elementary School Savant,Ferozepur,Mamdot,434,Primary,English
SCH0058,2026-02,44300.958,2766.0,2,2,Govt. Elementary School Savant,Ferozepur,Mamdot,434,Primary,English
SCH0058,2026-03,84351.7,13272.0,4,4,Govt. Elementary School Savant,Ferozepur,Mamdot,434,Primary,English
SCH0059,2025-05,0.0,5004.0,2,2,Govt. Middle School Barman,Bathinda,Talwandi Sabo,254,Upper Primary,Punjabi
SCH0059,2025-06,0.0,4344.0,1,1,Govt. Middle School Barman,Bathinda,Talwandi Sabo,254,Upper Primary,Punjabi
SCH0059,2025-07,37.0,6748.0,2,2,Govt. Middle School Barman,Bathinda,Talwandi Sabo,254,Upper Primary,Punjabi
SCH0059,2025-08,97.37599999999999,10904.0,3,2,Govt. Middle School Barman,Bathinda,Talwandi Sabo,254,Upper Primary,Punjabi
SCH0059,2025-09,11.1,1332.0,1,1,Govt. Middle School Barman,Bathinda,Talwandi Sabo,254,Upper Primary,Punjabi
SCH0059,2025-10,48.806000000000004,8992.0,3,3,Govt. Middle School Barman,Bathinda,Talwandi Sabo,254,Upper Primary,Punjabi
SCH0059,2025-11,25511.5,3405.0,2,2,Govt. Middle School Barman,Bathinda,Talwandi Sabo,254,Upper Primary,Punjabi
SCH0059,2025-12,39200.734,15363.0,4,4,Govt. Middle School Barman,Bathinda,Talwandi Sabo,254,Upper Primary,Punjabi
SCH0059,2026-01,39.818,4878.0,2,2,Govt. Middle School Barman,Bathinda,Talwandi Sabo,254,Upper Primary,Punjabi
SCH0059,2026-03,1.052,8472.0,2,2,Govt. Middle School Barman,Bathinda,Talwandi Sabo,254,Upper Primary,Punjabi
SCH0060,2025-04,20301.854,10651.0,5,5,Govt. Elementary School Srinivas,Ferozepur,Makhu,382,Higher Secondary,Hindi
SCH0060,2025-05,1.162,4001.0,2,2,Govt. Elementary School Srinivas,Ferozepur,Makhu,382,Higher Secondary,Hindi
SCH0060,2025-06,0.0,561.0,1,1,Govt. Elementary School Srinivas,Ferozepur,Makhu,382,Higher Secondary,Hindi
SCH0060,2025-08,38739.2,10503.0,5,4,Govt. Elementary School Srinivas,Ferozepur,Makhu,382,Higher Secondary,Hindi
SCH0060,2025-11,0.0,9880.0,3,3,Govt. Elementary School Srinivas,Ferozepur,Makhu,382,Higher Secondary,Hindi
SCH0060,2026-01,28000.0,2520.0,1,1,Govt. Elementary School Srinivas,Ferozepur,Makhu,382,Higher Secondary,Hindi
SCH0060,2026-03,55.7,5682.0,2,2,Govt. Elementary School Srinivas,Ferozepur,Makhu,382,Higher Secondary,Hindi
SCH0061,2025-04,0.7120000000000001,4272.0,1,1,Govt. Elementary School Dhawan,Ludhiana,Machhiwara,343,Primary,Punjabi
SCH0061,2025-05,0.0,6240.0,1,1,Govt. Elementary School Dhawan,Ludhiana,Machhiwara,343,Primary,Punjabi
SCH0061,2025-06,46.099999999999994,5961.0,3,2,Govt. Elementary School Dhawan,Ludhiana,Machhiwara,343,Primary,Punjabi
SCH0061,2025-09,0.332,4134.0,3,3,Govt. Elementary School Dhawan,Ludhiana,Machhiwara,343,Primary,Punjabi
SCH0061,2025-10,83500.0,4638.0,2,2,Govt. Elementary School Dhawan,Ludhiana,Machhiwara,343,Primary,Punjabi
SCH0061,2025-11,23400.0,936.0,1,1,Govt. Elementary School Dhawan,Ludhiana,Machhiwara,343,Primary,Punjabi
SCH0061,2025-12,39018.2,11631.0,5,4,Govt. Elementary School Dhawan,Ludhiana,Machhiwara,343,Primary,Punjabi
SCH0061,2026-01,61451.5,4980.0,3,3,Govt. Elementary School Dhawan,Ludhiana,Machhiwara,343,Primary,Punjabi
SCH0061,2026-02,0.0,621.0,1,1,Govt. Elementary School Dhawan,Ludhiana,Machhiwara,343,Primary,Punjabi
SCH0061,2026-03,30800.66,3894.0,2,2,Govt. Elementary School Dhawan,Ludhiana,Machhiwara,343,Primary,Punjabi
SCH0062,2025-04,0.0,4968.0,1,1,Govt. Middle School Pradhan,Jalandhar,Jalandhar-I,173,Upper Primary,Punjabi
SCH0062,2025-05,1.54,4677.0,2,2,Govt. Middle School Pradhan,Jalandhar,Jalandhar-I,173,Upper Primary,Punjabi
SCH0062,2025-07,70301.076,10525.0,4,3,Govt. Middle School Pradhan,Jalandhar,Jalandhar-I,173,Upper Primary,Punjabi
SCH0062,2025-08,0.6659999999999999,4371.0,2,2,Govt. Middle School Pradhan,Jalandhar,Jalandhar-I,173,Upper Primary,Punjabi
SCH0062,2025-11,0.0,596.0,1,1,Govt. Middle School Pradhan,Jalandhar,Jalandhar-I,173,Upper Primary,Punjabi
SCH0062,2025-12,0.0,5760.0,1,1,Govt. Middle School Pradhan,Jalandhar,Jalandhar-I,173,Upper Primary,Punjabi
SCH0062,2026-01,28800.0,864.0,1,1,Govt. Middle School Pradhan,Jalandhar,Jalandhar-I,173,Upper Primary,Punjabi
SCH0062,2026-02,0.0,5796.0,2,2,Govt. Middle School Pradhan,Jalandhar,Jalandhar-I,173,Upper Primary,Punjabi
SCH0062,2026-03,58.2,0.0,1,1,Govt. Middle School Pradhan,Jalandhar,Jalandhar-I,173,Upper Primary,Punjabi
SCH0063,2025-04,31200.0,2808.0,1,1,Govt. Primary School Singhal,Bathinda,Talwandi Sabo,169,Higher Secondary,English
SCH0063,2025-05,0.0,11361.0,2,2,Govt. Primary School Singhal,Bathinda,Talwandi Sabo,169,Higher Secondary,English
SCH0063,2025-06,29600.0,888.0,1,1,Govt. Primary School Singhal,Bathinda,Talwandi Sabo,169,Higher Secondary,English
SCH0063,2025-07,70.5,2820.0,2,2,Govt. Primary School Singhal,Bathinda,Talwandi Sabo,169,Higher Secondary,English
SCH0063,2025-08,10624.7,3177.0,2,2,Govt. Primary School Singhal,Bathinda,Talwandi Sabo,169,Higher Secondary,English
SCH0063,2025-09,15.4,616.0,1,1,Govt. Primary School Singhal,Bathinda,Talwandi Sabo,169,Higher Secondary,English
SCH0063,2025-10,1.34,3720.0,2,2,Govt. Primary School Singhal,Bathinda,Talwandi Sabo,169,Higher Secondary,English
SCH0063,2025-11,1.296,4262.0,3,3,Govt. Primary School Singhal,Bathinda,Talwandi Sabo,169,Higher Secondary,English
SCH0063,2025-12,54837.3,8027.0,3,3,Govt. Primary School Singhal,Bathinda,Talwandi Sabo,169,Higher Secondary,English
SCH0063,2026-01,57000.0,6840.0,1,1,Govt. Primary School Singhal,Bathinda,Talwandi Sabo,169,Higher Secondary,English
SCH0063,2026-02,50600.844,2784.0,2,1,Govt. Primary School Singhal,Bathinda,Talwandi Sabo,169,Higher Secondary,English
SCH0063,2026-03,43.7,4455.0,2,2,Govt. Primary School Singhal,Bathinda,Talwandi Sabo,169,Higher Secondary,English
SCH0064,2025-04,0.0,513.0,1,1,Govt. Senior Secondary School Nayar,Patiala,Patiala,439,Primary,Punjabi
SCH0064,2025-05,59943.882,8004.0,3,2,Govt. Senior Secondary School Nayar,Patiala,Patiala,439,Primary,Punjabi
SCH0064,2025-06,24.1,6843.0,2,2,Govt. Senior Secondary School Nayar,Patiala,Patiala,439,Primary,Punjabi
SCH0064,2025-07,71.30000000000001,4311.0,3,3,Govt. Senior Secondary School Nayar,Patiala,Patiala,439,Primary,Punjabi
SCH0064,2025-08,37600.0,4430.0,4,4,Govt. Senior Secondary School Nayar,Patiala,Patiala,439,Primary,Punjabi
SCH0064,2025-09,30300.0,7641.0,2,2,Govt. Senior Secondary School Nayar,Patiala,Patiala,439,Primary,Punjabi
SCH0064,2025-11,17500.0,1542.0,2,2,Govt. Senior Secondary School Nayar,Patiala,Patiala,439,Primary,Punjabi
SCH0064,2025-12,0.0,1188.0,1,1,Govt. Senior Secondary School Nayar,Patiala,Patiala,439,Primary,Punjabi
SCH0064,2026-01,35.906000000000006,1737.0,2,2,Govt. Senior Secondary School Nayar,Patiala,Patiala,439,Primary,Punjabi
SCH0064,2026-02,0.664,4631.0,2,2,Govt. Senior Secondary School Nayar,Patiala,Patiala,439,Primary,Punjabi
SCH0064,2026-03,37100.838,4397.0,3,2,Govt. Senior Secondary School Nayar,Patiala,Patiala,439,Primary,Punjabi
SCH0065,2025-05,82.82,11214.0,3,2,Govt. Senior Secondary School Palla,Jalandhar,Jalandhar-II,104,Primary,English
SCH0065,2025-06,26500.0,9681.0,4,2,Govt. Senior Secondary School Palla,Jalandhar,Jalandhar-II,104,Primary,English
SCH0065,2025-07,23801.008,7392.0,2,2,Govt. Senior Secondary School Palla,Jalandhar,Jalandhar-II,104,Primary,English
SCH0065,2025-10,41.618,8698.0,4,4,Govt. Senior Secondary School Palla,Jalandhar,Jalandhar-II,104,Primary,English
SCH0065,2025-11,16451.93,5403.0,3,3,Govt. Senior Secondary School Palla,Jalandhar,Jalandhar-II,104,Primary,English
SCH0065,2025-12,13500.0,1215.0,1,1,Govt. Senior Secondary School Palla,Jalandhar,Jalandhar-II,104,Primary,English
SCH0065,2026-01,32000.0,3840.0,1,1,Govt. Senior Secondary School Palla,Jalandhar,Jalandhar-II,104,Primary,English
SCH0065,2026-03,12.0,480.0,1,1,Govt. Senior Secondary School Palla,Jalandhar,Jalandhar-II,104,Primary,English
SCH0066,2025-06,50700.0,2028.0,1,1,Govt. Senior Secondary School Devan,Moga,Moga-II,350,Primary,Punjabi
SCH0066,2025-07,58701.212,2361.0,3,3,Govt. Senior Secondary School Devan,Moga,Moga-II,350,Primary,Punjabi
SCH0066,2025-08,0.334,1503.0,1,1,Govt. Senior Secondary School Devan,Moga,Moga-II,350,Primary,Punjabi
SCH0066,2025-10,34700.0,4164.0,1,1,Govt. Senior Secondary School Devan,Moga,Moga-II,350,Primary,Punjabi
SCH0066,2025-11,0.0,1088.0,1,1,Govt. Senior Secondary School Devan,Moga,Moga-II,350,Primary,Punjabi
SCH0066,2025-12,36.4,3276.0,1,1,Govt. Senior Secondary School Devan,Moga,Moga-II,350,Primary,Punjabi
SCH0066,2026-01,0.258,387.0,1,1,Govt. Senior Secondary School Devan,Moga,Moga-II,350,Primary,Punjabi
SCH0066,2026-02,42300.0,1813.0,2,2,Govt. Senior Secondary School Devan,Moga,Moga-II,350,Primary,Punjabi
SCH0066,2026-03,1.13,13764.0,2,2,Govt. Senior Secondary School Devan,Moga,Moga-II,350,Primary,Punjabi
SCH0067,2025-04,0.0,1701.0,1,1,Govt. Senior Secondary School Dewan,Ludhiana,Unknown,334,Higher Secondary,Hindi
SCH0067,2025-05,50.7,6219.0,2,2,Govt. Senior Secondary School Dewan,Ludhiana,Unknown,334,Higher Secondary,Hindi
SCH0067,2025-07,41900.0,5899.0,2,2,Govt. Senior Secondary School Dewan,Ludhiana,Unknown,334,Higher Secondary,Hindi
SCH0067,2025-08,26.7,3204.0,1,1,Govt. Senior Secondary School Dewan,Ludhiana,Unknown,334,Higher Secondary,Hindi
SCH0067,2025-11,24256.4,7494.0,2,2,Govt. Senior Secondary School Dewan,Ludhiana,Unknown,334,Higher Secondary,Hindi
SCH0067,2025-12,0.0,1134.0,1,1,Govt. Senior Secondary School Dewan,Ludhiana,Unknown,334,Higher Secondary,Hindi
SCH0067,2026-01,15.5,465.0,1,1,Govt. Senior Secondary School Dewan,Ludhiana,Unknown,334,Higher Secondary,Hindi
SCH0067,2026-03,43.7,2619.0,3,3,Govt. Senior Secondary School Dewan,Ludhiana,Unknown,334,Higher Secondary,Hindi
SCH0068,2025-04,56.2,3976.0,2,2,Govt. Primary School Mangat,Amritsar,Ajnala,390,Primary,Punjabi
SCH0068,2025-05,27000.848,7474.0,3,3,Govt. Primary School Mangat,Amritsar,Ajnala,390,Primary,Punjabi
SCH0068,2025-06,74.7,4473.0,2,2,Govt. Primary School Mangat,Amritsar,Ajnala,390,Primary,Punjabi
SCH0068,2025-08,0.0,0.0,1,1,Govt. Primary School Mangat,Amritsar,Ajnala,390,Primary,Punjabi
SCH0068,2025-09,26.5,4612.0,3,3,Govt. Primary School Mangat,Amritsar,Ajnala,390,Primary,Punjabi
SCH0068,2025-10,27.682,7623.0,2,2,Govt. Primary School Mangat,Amritsar,Ajnala,390,Primary,Punjabi
SCH0068,2025-11,0.532,0.0,1,1,Govt. Primary School Mangat,Amritsar,Ajnala,390,Primary,Punjabi
SCH0068,2025-12,0.0,3300.0,1,1,Govt. Primary School Mangat,Amritsar,Ajnala,390,Primary,Punjabi
SCH0068,2026-01,0.0,3806.0,1,1,Govt. Primary School Mangat,Amritsar,Ajnala,390,Primary,Punjabi
SCH0068,2026-02,0.0,1912.0,1,1,Govt. Primary School Mangat,Amritsar,Ajnala,390,Primary,Punjabi
SCH0068,2026-03,0.986,11001.0,3,2,Govt. Primary School Mangat,Amritsar,Ajnala,390,Primary,Punjabi
SCH0069,2025-04,0.882,7722.0,3,3,Govt. Elementary School Mital,Moga,Moga-I,299,Primary,English
SCH0069,2025-06,43.8,1752.0,1,1,Govt. Elementary School Mital,Moga,Moga-I,299,Primary,English
SCH0069,2025-08,20700.0,2484.0,1,1,Govt. Elementary School Mital,Moga,Moga-I,299,Primary,English
SCH0069,2025-09,28.238,2645.0,2,2,Govt. Elementary School Mital,Moga,Moga-I,299,Primary,English
SCH0069,2025-11,50.604,10821.0,3,2,Govt. Elementary School Mital,Moga,Moga-I,299,Primary,English
SCH0069,2025-12,42200.0,2130.0,2,2,Govt. Elementary School Mital,Moga,Moga-I,299,Primary,English
SCH0069,2026-01,47.8,5736.0,1,1,Govt. Elementary School Mital,Moga,Moga-I,299,Primary,English
SCH0069,2026-03,52300.0,6276.0,1,1,Govt. Elementary School Mital,Moga,Moga-I,299,Primary,English
SCH0070,2025-04,26100.0,3132.0,1,1,Govt. Elementary School Nair,Sangrur,Sunam,262,Secondary,Hindi
SCH0070,2025-05,0.0,2352.0,2,2,Govt. Elementary School Nair,Sangrur,Sunam,262,Secondary,Hindi
SCH0070,2025-06,26053.4,4806.0,2,2,Govt. Elementary School Nair,Sangrur,Sunam,262,Secondary,Hindi
SCH0070,2025-07,0.0,1554.0,1,1,Govt. Elementary School Nair,Sangrur,Sunam,262,Secondary,Hindi
SCH0070,2025-08,0.0,4464.0,1,1,Govt. Elementary School Nair,Sangrur,Sunam,262,Secondary,Hindi
SCH0070,2025-09,0.0,584.0,1,1,Govt. Elementary School Nair,Sangrur,Sunam,262,Secondary,Hindi
SCH0070,2025-10,1.944,11397.0,3,3,Govt. Elementary School Nair,Sangrur,Sunam,262,Secondary,Hindi
SCH0070,2025-11,0.0,1131.0,1,1,Govt. Elementary School Nair,Sangrur,Sunam,262,Secondary,Hindi
SCH0070,2026-02,0.0,5517.0,2,2,Govt. Elementary School Nair,Sangrur,Sunam,262,Secondary,Hindi
SCH0070,2026-03,11000.0,7031.0,3,3,Govt. Elementary School Nair,Sangrur,Sunam,262,Secondary,Hindi
SCH0071,2025-04,17600.0,1220.0,2,2,Govt. Elementary School Comar,Bathinda,Rampura Phul,165,Primary,Punjabi
SCH0071,2025-05,0.966,2608.0,3,3,Govt. Elementary School Comar,Bathinda,Rampura Phul,165,Primary,Punjabi
SCH0071,2025-06,34700.0,1388.0,1,1,Govt. Elementary School Comar,Bathinda,Rampura Phul,165,Primary,Punjabi
SCH0071,2025-07,86.914,10440.0,4,4,Govt. Elementary School Comar,Bathinda,Rampura Phul,165,Primary,Punjabi
SCH0071,2025-08,0.652,978.0,1,1,Govt. Elementary School Comar,Bathinda,Rampura Phul,165,Primary,Punjabi
SCH0071,2025-10,59246.5,7356.0,2,2,Govt. Elementary School Comar,Bathinda,Rampura Phul,165,Primary,Punjabi
SCH0071,2025-11,28244.79,4869.0,3,3,Govt. Elementary School Comar,Bathinda,Rampura Phul,165,Primary,Punjabi
SCH0071,2025-12,22.416,1886.0,2,2,Govt. Elementary School Comar,Bathinda,Rampura Phul,165,Primary,Punjabi
SCH0071,2026-01,56900.0,6339.0,4,4,Govt. Elementary School Comar,Bathinda,Rampura Phul,165,Primary,Punjabi
SCH0071,2026-03,29500.0,1765.0,2,2,Govt. Elementary School Comar,Bathinda,Rampura Phul,165,Primary,Punjabi
SCH0072,2025-04,37400.0,4488.0,1,1,Govt. Senior Secondary School Sengupta,Ferozepur,Makhu,54,Secondary,English
SCH0072,2025-05,44.937999999999995,11496.0,2,2,Govt. Senior Secondary School Sengupta,Ferozepur,Makhu,54,Secondary,English
SCH0072,2025-06,33034.168,8199.0,4,3,Govt. Senior Secondary School Sengupta,Ferozepur,Makhu,54,Secondary,English
SCH0072,2025-07,48.56,5928.0,3,3,Govt. Senior Secondary School Sengupta,Ferozepur,Makhu,54,Secondary,English
SCH0072,2025-08,55.2,1856.0,2,2,Govt. Senior Secondary School Sengupta,Ferozepur,Makhu,54,Secondary,English
SCH0072,2025-09,25.6,2304.0,1,1,Govt. Senior Secondary School Sengupta,Ferozepur,Makhu,54,Secondary,English
SCH0072,2025-10,15.7,999.0,2,2,Govt. Senior Secondary School Sengupta,Ferozepur,Makhu,54,Secondary,English
SCH0072,2025-12,44.0,5148.0,2,2,Govt. Senior Secondary School Sengupta,Ferozepur,Makhu,54,Secondary,English
SCH0072,2026-01,18900.0,567.0,1,1,Govt. Senior Secondary School Sengupta,Ferozepur,Makhu,54,Secondary,English
SCH0072,2026-02,29600.0,888.0,1,1,Govt. Senior Secondary School Sengupta,Ferozepur,Makhu,54,Secondary,English
SCH0073,2025-05,68.6,3674.0,2,2,Govt. Senior Secondary School Shah,Moga,Unknown,345,Secondary,Punjabi
SCH0073,2025-06,31723.9,956.0,2,2,Govt. Senior Secondary School Shah,Moga,Unknown,345,Secondary,Punjabi
SCH0073,2025-07,0.0,684.0,1,1,Govt. Senior Secondary School Shah,Moga,Unknown,345,Secondary,Punjabi
SCH0073,2025-08,60800.0,2017.0,2,2,Govt. Senior Secondary School Shah,Moga,Unknown,345,Secondary,Punjabi
SCH0073,2025-09,91.6,3105.0,2,2,Govt. Senior Secondary School Shah,Moga,Unknown,345,Secondary,Punjabi
SCH0073,2025-10,43300.874,5665.0,2,2,Govt. Senior Secondary School Shah,Moga,Unknown,345,Secondary,Punjabi
SCH0073,2025-11,27800.0,1112.0,1,1,Govt. Senior Secondary School Shah,Moga,Unknown,345,Secondary,Punjabi
SCH0073,2026-01,28.5,2167.0,2,2,Govt. Senior Secondary School Shah,Moga,Unknown,345,Secondary,Punjabi
SCH0073,2026-02,113.59199999999998,14560.0,6,4,Govt. Senior Secondary School Shah,Moga,Unknown,345,Secondary,Punjabi
SCH0073,2026-03,87.396,4190.0,3,2,Govt. Senior Secondary School Shah,Moga,Unknown,345,Secondary,Punjabi
SCH0074,2025-04,13.4,11115.0,3,3,Govt. Primary School Parmer,Sangrur,Unknown,393,Higher Secondary,Hindi
SCH0074,2025-06,0.0,1617.0,1,1,Govt. Primary School Parmer,Sangrur,Unknown,393,Higher Secondary,Hindi
SCH0074,2025-08,44.546,12444.0,5,5,Govt. Primary School Parmer,Sangrur,Unknown,393,Higher Secondary,Hindi
SCH0074,2025-09,43000.0,7806.0,3,3,Govt. Primary School Parmer,Sangrur,Unknown,393,Higher Secondary,Hindi
SCH0074,2025-10,47300.0,1892.0,1,1,Govt. Primary School Parmer,Sangrur,Unknown,393,Higher Secondary,Hindi
SCH0074,2025-12,30151.748,8299.0,4,2,Govt. Primary School Parmer,Sangrur,Unknown,393,Higher Secondary,Hindi
SCH0074,2026-01,51900.0,6228.0,1,1,Govt. Primary School Parmer,Sangrur,Unknown,393,Higher Secondary,Hindi
SCH0074,2026-02,48100.0,1924.0,1,1,Govt. Primary School Parmer,Sangrur,Unknown,393,Higher Secondary,Hindi
SCH0074,2026-03,0.0,9124.0,2,1,Govt. Primary School Parmer,Sangrur,Unknown,393,Higher Secondary,Hindi
SCH0075,2025-05,0.0,2044.0,1,1,Govt. Middle School Mody,Ferozepur,Zira,196,Secondary,Hindi
SCH0075,2025-06,54.4,6528.0,1,1,Govt. Middle School Mody,Ferozepur,Zira,196,Secondary,Hindi
SCH0075,2025-07,0.0,2427.0,2,2,Govt. Middle School Mody,Ferozepur,Zira,196,Secondary,Hindi
SCH0075,2025-09,0.0,3378.0,2,2,Govt. Middle School Mody,Ferozepur,Zira,196,Secondary,Hindi
SCH0075,2025-11,11600.702,7439.0,3,3,Govt. Middle School Mody,Ferozepur,Zira,196,Secondary,Hindi
SCH0075,2025-12,41.0,5982.0,2,2,Govt. Middle School Mody,Ferozepur,Zira,196,Secondary,Hindi
SCH0075,2026-01,18.9,3969.0,2,2,Govt. Middle School Mody,Ferozepur,Zira,196,Secondary,Hindi
SCH0075,2026-03,35642.7,7293.0,3,3,Govt. Middle School Mody,Ferozepur,Zira,196,Secondary,Hindi
SCH0076,2025-05,113.9,5719.0,3,2,Govt. Primary School Oommen,Moga,Bagha Purana,399,Secondary,English
SCH0076,2025-06,54.0,978.0,2,2,Govt. Primary School Oommen,Moga,Bagha Purana,399,Secondary,English
SCH0076,2025-07,53.4,0.0,1,1,Govt. Primary School Oommen,Moga,Bagha Purana,399,Secondary,English
SCH0076,2025-09,0.0,0.0,1,1,Govt. Primary School Oommen,Moga,Bagha Purana,399,Secondary,English
SCH0076,2025-10,30.6,2754.0,1,1,Govt. Primary School Oommen,Moga,Bagha Purana,399,Secondary,English
SCH0076,2025-12,32.3,1292.0,1,1,Govt. Primary School Oommen,Moga,Bagha Purana,399,Secondary,English
SCH0076,2026-01,0.0,1100.0,1,1,Govt. Primary School Oommen,Moga,Bagha Purana,399,Secondary,English
SCH0076,2026-03,14652.514,14288.0,8,7,Govt. Primary School Oommen,Moga,Bagha Purana,399,Secondary,English
SCH0077,2025-04,0.838,1676.0,2,2,Govt. Middle School Buch,Amritsar,Amritsar-II,138,Higher Secondary,Hindi
SCH0077,2025-05,78301.138,6262.0,4,4,Govt. Middle School Buch,Amritsar,Amritsar-II,138,Higher Secondary,Hindi
SCH0077,2025-06,0.542,2439.0,1,1,Govt. Middle School Buch,Amritsar,Amritsar-II,138,Higher Secondary,Hindi
SCH0077,2025-07,45700.0,7686.0,3,2,Govt. Middle School Buch,Amritsar,Amritsar-II,138,Higher Secondary,Hindi
SCH0077,2025-08,36.1,3249.0,1,1,Govt. Middle School Buch,Amritsar,Amritsar-II,138,Higher Secondary,Hindi
SCH0077,2025-09,12.6,504.0,1,1,Govt. Middle School Buch,Amritsar,Amritsar-II,138,Higher Secondary,Hindi
SCH0077,2025-10,33.7,2074.0,2,2,Govt. Middle School Buch,Amritsar,Amritsar-II,138,Higher Secondary,Hindi
SCH0077,2025-11,86986.9,12537.0,5,4,Govt. Middle School Buch,Amritsar,Amritsar-II,138,Higher Secondary,Hindi
SCH0077,2026-01,36.4,3276.0,1,1,Govt. Middle School Buch,Amritsar,Amritsar-II,138,Higher Secondary,Hindi
SCH0077,2026-02,25035.5,4420.0,2,2,Govt. Middle School Buch,Amritsar,Amritsar-II,138,Higher Secondary,Hindi
SCH0078,2025-04,0.0,6636.0,1,1,Govt. Senior Secondary School Bhavsar,Bathinda,Maur,224,Primary,Punjabi
SCH0078,2025-05,17147.728,7233.0,3,3,Govt. Senior Secondary School Bhavsar,Bathinda,Maur,224,Primary,Punjabi
SCH0078,2025-06,16853.9,6972.0,2,2,Govt. Senior Secondary School Bhavsar,Bathinda,Maur,224,Primary,Punjabi
SCH0078,2025-07,19.1,573.0,1,1,Govt. Senior Secondary School Bhavsar,Bathinda,Maur,224,Primary,Punjabi
SCH0078,2025-08,0.0,1203.0,1,1,Govt. Senior Secondary School Bhavsar,Bathinda,Maur,224,Primary,Punjabi
SCH0078,2025-09,0.6779999999999999,4068.0,1,1,Govt. Senior Secondary School Bhavsar,Bathinda,Maur,224,Primary,Punjabi
SCH0078,2025-10,1.038,4671.0,1,1,Govt. Senior Secondary School Bhavsar,Bathinda,Maur,224,Primary,Punjabi
SCH0078,2025-12,43635.7,9037.0,3,3,Govt. Senior Secondary School Bhavsar,Bathinda,Maur,224,Primary,Punjabi
SCH0078,2026-01,0.83,3735.0,1,1,Govt. Senior Secondary School Bhavsar,Bathinda,Maur,224,Primary,Punjabi
SCH0078,2026-02,0.0,6264.0,1,1,Govt. Senior Secondary School Bhavsar,Bathinda,Maur,224,Primary,Punjabi
SCH0078,2026-03,18.5,740.0,1,1,Govt. Senior Secondary School Bhavsar,Bathinda,Maur,224,Primary,Punjabi
SCH0079,2025-04,0.772,1544.0,1,1,Govt. Primary School Dash,Bathinda,Maur,366,Higher Secondary,Punjabi
SCH0079,2025-05,51.148,4716.0,3,3,Govt. Primary School Dash,Bathinda,Maur,366,Higher Secondary,Punjabi
SCH0079,2025-06,0.614,921.0,1,1,Govt. Primary School Dash,Bathinda,Maur,366,Higher Secondary,Punjabi
SCH0079,2025-07,0.43,2147.0,2,2,Govt. Primary School Dash,Bathinda,Maur,366,Higher Secondary,Punjabi
SCH0079,2025-08,28.2,2538.0,1,1,Govt. Primary School Dash,Bathinda,Maur,366,Higher Secondary,Punjabi
SCH0079,2025-10,21600.0,6072.0,2,2,Govt. Primary School Dash,Bathinda,Maur,366,Higher Secondary,Punjabi
SCH0079,2025-11,24179.918,15156.0,5,5,Govt. Primary School Dash,Bathinda,Maur,366,Higher Secondary,Punjabi
SCH0079,2025-12,19.1,3545.0,2,2,Govt. Primary School Dash,Bathinda,Maur,366,Higher Secondary,Punjabi
SCH0079,2026-01,24.6,6975.0,4,4,Govt. Primary School Dash,Bathinda,Maur,366,Higher Secondary,Punjabi
SCH0079,2026-02,0.826,1652.0,1,1,Govt. Primary School Dash,Bathinda,Maur,366,Higher Secondary,Punjabi
SCH0079,2026-03,0.0,3186.0,1,1,Govt. Primary School Dash,Bathinda,Maur,366,Higher Secondary,Punjabi
SCH0080,2025-04,13100.61,4662.0,3,3,Govt. Elementary School Roy,Sangrur,Dhuri,214,Primary,Punjabi
SCH0080,2025-06,81.0,9216.0,4,3,Govt. Elementary School Roy,Sangrur,Dhuri,214,Primary,Punjabi
SCH0080,2025-08,1.156,8061.0,2,2,Govt. Elementary School Roy,Sangrur,Dhuri,214,Primary,Punjabi
SCH0080,2025-09,0.244,366.0,1,1,Govt. Elementary School Roy,Sangrur,Dhuri,214,Primary,Punjabi
SCH0080,2025-10,0.0,0.0,1,1,Govt. Elementary School Roy,Sangrur,Dhuri,214,Primary,Punjabi
SCH0080,2025-11,74.6,4099.0,2,2,Govt. Elementary School Roy,Sangrur,Dhuri,214,Primary,Punjabi
SCH0080,2025-12,36.322,7536.0,2,2,Govt. Elementary School Roy,Sangrur,Dhuri,214,Primary,Punjabi
SCH0080,2026-01,24.79,714.0,2,2,Govt. Elementary School Roy,Sangrur,Dhuri,214,Primary,Punjabi
SCH0080,2026-02,23538.9,5499.0,3,3,Govt. Elementary School Roy,Sangrur,Dhuri,214,Primary,Punjabi
SCH0080,2026-03,10100.0,9585.0,3,3,Govt. Elementary School Roy,Sangrur,Dhuri,214,Primary,Punjabi
SCH0081,2025-04,0.0,714.0,1,1,Govt. Middle School Batta,Ferozepur,Unknown,77,Primary,Hindi
SCH0081,2025-05,13600.0,1224.0,1,1,Govt. Middle School Batta,Ferozepur,Unknown,77,Primary,Hindi
SCH0081,2025-06,0.0,1389.0,1,1,Govt. Middle School Batta,Ferozepur,Unknown,77,Primary,Hindi
SCH0081,2025-07,0.0,1420.0,1,1,Govt. Middle School Batta,Ferozepur,Unknown,77,Primary,Hindi
SCH0081,2025-08,0.0,4941.0,1,1,Govt. Middle School Batta,Ferozepur,Unknown,77,Primary,Hindi
SCH0081,2025-09,42.6,5112.0,1,1,Govt. Middle School Batta,Ferozepur,Unknown,77,Primary,Hindi
SCH0081,2025-10,2.0380000000000003,8631.0,5,3,Govt. Middle School Batta,Ferozepur,Unknown,77,Primary,Hindi
SCH0081,2025-11,39200.67,5668.0,5,4,Govt. Middle School Batta,Ferozepur,Unknown,77,Primary,Hindi
SCH0081,2026-02,17722.5,14688.0,5,5,Govt. Middle School Batta,Ferozepur,Unknown,77,Primary,Hindi
SCH0081,2026-03,42.6,780.0,2,2,Govt. Middle School Batta,Ferozepur,Unknown,77,Primary,Hindi
SCH0082,2025-05,45200.0,4068.0,1,1,Govt. Elementary School Mistry,Amritsar,Tarn Taran,350,Upper Primary,Punjabi
SCH0082,2025-07,13.3,1197.0,1,1,Govt. Elementary School Mistry,Amritsar,Tarn Taran,350,Upper Primary,Punjabi
SCH0082,2025-08,1.11,6660.0,1,1,Govt. Elementary School Mistry,Amritsar,Tarn Taran,350,Upper Primary,Punjabi
SCH0082,2025-09,0.36,2160.0,1,1,Govt. Elementary School Mistry,Amritsar,Tarn Taran,350,Upper Primary,Punjabi
SCH0082,2025-10,1.104,4968.0,1,1,Govt. Elementary School Mistry,Amritsar,Tarn Taran,350,Upper Primary,Punjabi
SCH0082,2025-12,115.322,9810.0,4,3,Govt. Elementary School Mistry,Amritsar,Tarn Taran,350,Upper Primary,Punjabi
SCH0082,2026-01,15.9,477.0,2,2,Govt. Elementary School Mistry,Amritsar,Tarn Taran,350,Upper Primary,Punjabi
SCH0082,2026-02,18500.0,555.0,1,1,Govt. Elementary School Mistry,Amritsar,Tarn Taran,350,Upper Primary,Punjabi
SCH0083,2025-04,74900.0,8988.0,2,2,Govt. Primary School Dutta,Bathinda,Talwandi Sabo,196,Primary,Hindi
SCH0083,2025-05,46401.044,7328.0,4,3,Govt. Primary School Dutta,Bathinda,Talwandi Sabo,196,Primary,Hindi
SCH0083,2025-06,31.448,7170.0,3,2,Govt. Primary School Dutta,Bathinda,Talwandi Sabo,196,Primary,Hindi
SCH0083,2025-07,65.0,4059.0,3,3,Govt. Primary School Dutta,Bathinda,Talwandi Sabo,196,Primary,Hindi
SCH0083,2025-08,46.3,5556.0,1,1,Govt. Primary School Dutta,Bathinda,Talwandi Sabo,196,Primary,Hindi
SCH0083,2025-09,45.7,1828.0,1,1,Govt. Primary School Dutta,Bathinda,Talwandi Sabo,196,Primary,Hindi
SCH0083,2025-10,54900.0,3933.0,2,2,Govt. Primary School Dutta,Bathinda,Talwandi Sabo,196,Primary,Hindi
SCH0083,2025-11,99300.93,11991.0,3,3,Govt. Primary School Dutta,Bathinda,Talwandi Sabo,196,Primary,Hindi
SCH0083,2025-12,1.16,8649.0,3,3,Govt. Primary School Dutta,Bathinda,Talwandi Sabo,196,Primary,Hindi
SCH0083,2026-01,63300.0,6288.0,2,2,Govt. Primary School Dutta,Bathinda,Talwandi Sabo,196,Primary,Hindi
SCH0083,2026-02,49100.0,5892.0,1,1,Govt. Primary School Dutta,Bathinda,Talwandi Sabo,196,Primary,Hindi
SCH0084,2025-04,33200.0,3984.0,1,1,Govt. Primary School Wali,Patiala,Samana,378,Upper Primary,Punjabi
SCH0084,2025-05,18892.01,10479.0,5,5,Govt. Primary School Wali,Patiala,Samana,378,Upper Primary,Punjabi
SCH0084,2025-06,20.5,615.0,1,1,Govt. Primary School Wali,Patiala,Samana,378,Upper Primary,Punjabi
SCH0084,2025-07,37637.5,3375.0,2,2,Govt. Primary School Wali,Patiala,Samana,378,Upper Primary,Punjabi
SCH0084,2025-08,34.092,6144.0,2,2,Govt. Primary School Wali,Patiala,Samana,378,Upper Primary,Punjabi
SCH0084,2025-09,71000.0,7040.0,2,2,Govt. Primary School Wali,Patiala,Samana,378,Upper Primary,Punjabi
SCH0084,2025-10,50.5,4545.0,1,1,Govt. Primary School Wali,Patiala,Samana,378,Upper Primary,Punjabi
SCH0084,2025-11,52.8,9120.0,3,2,Govt. Primary School Wali,Patiala,Samana,378,Upper Primary,Punjabi
SCH0084,2025-12,41500.0,1660.0,1,1,Govt. Primary School Wali,Patiala,Samana,378,Upper Primary,Punjabi
SCH0084,2026-01,54554.0,8160.0,2,2,Govt. Primary School Wali,Patiala,Samana,378,Upper Primary,Punjabi
SCH0084,2026-02,85038.4,10552.0,3,3,Govt. Primary School Wali,Patiala,Samana,378,Upper Primary,Punjabi
SCH0084,2026-03,37.4,6978.0,2,2,Govt. Primary School Wali,Patiala,Samana,378,Upper Primary,Punjabi
SCH0085,2025-05,20.8,6070.0,3,3,Govt. Elementary School Bandi,Unknown,Unknown,189,Secondary,Hindi
SCH0085,2025-06,1.058,3768.0,2,2,Govt. Elementary School Bandi,Unknown,Unknown,189,Secondary,Hindi
SCH0085,2025-07,89400.0,6429.0,4,4,Govt. Elementary School Bandi,Unknown,Unknown,189,Secondary,Hindi
SCH0085,2025-08,81.6,7587.0,2,2,Govt. Elementary School Bandi,Unknown,Unknown,189,Secondary,Hindi
SCH0085,2025-11,0.0,468.0,1,1,Govt. Elementary School Bandi,Unknown,Unknown,189,Secondary,Hindi
SCH0085,2026-02,30.4,2736.0,1,1,Govt. Elementary School Bandi,Unknown,Unknown,189,Secondary,Hindi
SCH0085,2026-03,34.8,1392.0,1,1,Govt. Elementary School Bandi,Unknown,Unknown,189,Secondary,Hindi
SCH0086,2025-04,0.0,1716.0,1,1,Govt. Middle School Tata,Bathinda,Maur,257,Upper Primary,Punjabi
SCH0086,2025-05,53.4,6186.0,2,2,Govt. Middle School Tata,Bathinda,Maur,257,Upper Primary,Punjabi
SCH0086,2025-07,0.28,1260.0,1,1,Govt. Middle School Tata,Bathinda,Maur,257,Upper Primary,Punjabi
SCH0086,2025-08,0.8320000000000001,4992.0,1,1,Govt. Middle School Tata,Bathinda,Maur,257,Upper Primary,Punjabi
SCH0086,2025-09,95400.0,5906.0,2,2,Govt. Middle School Tata,Bathinda,Maur,257,Upper Primary,Punjabi
SCH0086,2025-10,0.738,3321.0,1,1,Govt. Middle School Tata,Bathinda,Maur,257,Upper Primary,Punjabi
SCH0086,2025-11,27667.6,10035.0,3,3,Govt. Middle School Tata,Bathinda,Maur,257,Upper Primary,Punjabi
SCH0086,2025-12,47.9,1916.0,1,1,Govt. Middle School Tata,Bathinda,Maur,257,Upper Primary,Punjabi
SCH0086,2026-03,0.782,1173.0,1,1,Govt. Middle School Tata,Bathinda,Maur,257,Upper Primary,Punjabi
SCH0087,2025-04,1.288,4671.0,2,2,Govt. Elementary School Grewal,Ludhiana,Ludhiana-II,445,Secondary,Punjabi
SCH0087,2025-05,30037.4,7188.0,2,2,Govt. Elementary School Grewal,Ludhiana,Ludhiana-II,445,Secondary,Punjabi
SCH0087,2025-06,57.7,5193.0,1,1,Govt. Elementary School Grewal,Ludhiana,Ludhiana-II,445,Secondary,Punjabi
SCH0087,2025-07,56000.424,4148.0,2,2,Govt. Elementary School Grewal,Ludhiana,Ludhiana-II,445,Secondary,Punjabi
SCH0087,2025-08,46.0,0.0,1,1,Govt. Elementary School Grewal,Ludhiana,Ludhiana-II,445,Secondary,Punjabi
SCH0087,2025-10,36657.0,5574.0,2,2,Govt. Elementary School Grewal,Ludhiana,Ludhiana-II,445,Secondary,Punjabi
SCH0087,2025-11,0.0,1431.0,1,1,Govt. Elementary School Grewal,Ludhiana,Ludhiana-II,445,Secondary,Punjabi
SCH0087,2025-12,35.338,4977.0,3,2,Govt. Elementary School Grewal,Ludhiana,Ludhiana-II,445,Secondary,Punjabi
SCH0087,2026-01,58.400000000000006,6309.0,2,2,Govt. Elementary School Grewal,Ludhiana,Ludhiana-II,445,Secondary,Punjabi
SCH0087,2026-02,49.3,1972.0,1,1,Govt. Elementary School Grewal,Ludhiana,Ludhiana-II,445,Secondary,Punjabi
SCH0087,2026-03,57200.0,7971.0,3,3,Govt. Elementary School Grewal,Ludhiana,Ludhiana-II,445,Secondary,Punjabi
SCH0088,2025-04,1.104,1656.0,1,1,Govt. Middle School Golla,Bathinda,Talwandi Sabo,264,Primary,Punjabi
SCH0088,2025-05,103.828,14820.0,5,5,Govt. Middle School Golla,Bathinda,Talwandi Sabo,264,Primary,Punjabi
SCH0088,2025-06,19300.0,1737.0,1,1,Govt. Middle School Golla,Bathinda,Talwandi Sabo,264,Primary,Punjabi
SCH0088,2025-07,0.0,5448.0,2,2,Govt. Middle School Golla,Bathinda,Talwandi Sabo,264,Primary,Punjabi
SCH0088,2025-08,0.0,1713.0,1,1,Govt. Middle School Golla,Bathinda,Talwandi Sabo,264,Primary,Punjabi
SCH0088,2025-09,40700.0,1221.0,1,1,Govt. Middle School Golla,Bathinda,Talwandi Sabo,264,Primary,Punjabi
SCH0088,2025-10,1.186,3827.0,2,2,Govt. Middle School Golla,Bathinda,Talwandi Sabo,264,Primary,Punjabi
SCH0088,2025-11,0.244,366.0,1,1,Govt. Middle School Golla,Bathinda,Talwandi Sabo,264,Primary,Punjabi
SCH0088,2025-12,0.0,2379.0,2,2,Govt. Middle School Golla,Bathinda,Talwandi Sabo,264,Primary,Punjabi
SCH0088,2026-01,98200.424,4776.0,3,2,Govt. Middle School Golla,Bathinda,Talwandi Sabo,264,Primary,Punjabi
SCH0088,2026-02,0.0,3396.0,1,1,Govt. Middle School Golla,Bathinda,Talwandi Sabo,264,Primary,Punjabi
SCH0088,2026-03,0.0,2097.0,1,1,Govt. Middle School Golla,Bathinda,Talwandi Sabo,264,Primary,Punjabi
SCH0089,2025-04,0.536,3978.0,2,2,Govt. Middle School Krishnamurthy,Amritsar,Amritsar-II,385,Primary,Hindi
SCH0089,2025-06,0.218,327.0,1,1,Govt. Middle School Krishnamurthy,Amritsar,Amritsar-II,385,Primary,Hindi
SCH0089,2025-07,74700.992,4570.0,3,3,Govt. Middle School Krishnamurthy,Amritsar,Amritsar-II,385,Primary,Hindi
SCH0089,2025-08,23055.5,2355.0,2,1,Govt. Middle School Krishnamurthy,Amritsar,Amritsar-II,385,Primary,Hindi
SCH0089,2025-09,0.298,5958.0,2,2,Govt. Middle School Krishnamurthy,Amritsar,Amritsar-II,385,Primary,Hindi
SCH0089,2025-10,0.0,1844.0,1,1,Govt. Middle School Krishnamurthy,Amritsar,Amritsar-II,385,Primary,Hindi
SCH0089,2025-11,47436.3,5718.0,2,2,Govt. Middle School Krishnamurthy,Amritsar,Amritsar-II,385,Primary,Hindi
SCH0089,2025-12,70900.0,8508.0,2,2,Govt. Middle School Krishnamurthy,Amritsar,Amritsar-II,385,Primary,Hindi
SCH0089,2026-01,17212.37,4231.0,3,2,Govt. Middle School Krishnamurthy,Amritsar,Amritsar-II,385,Primary,Hindi
SCH0089,2026-03,80.6,6819.0,2,2,Govt. Middle School Krishnamurthy,Amritsar,Amritsar-II,385,Primary,Hindi
SCH0090,2025-04,0.0,777.0,1,1,Govt. Elementary School Pingle,Sangrur,Dhuri,182,Higher Secondary,Punjabi
SCH0090,2025-05,13.8,414.0,1,1,Govt. Elementary School Pingle,Sangrur,Dhuri,182,Higher Secondary,Punjabi
SCH0090,2025-06,40.7,4884.0,1,1,Govt. Elementary School Pingle,Sangrur,Dhuri,182,Higher Secondary,Punjabi
SCH0090,2025-07,0.452,3820.0,2,2,Govt. Elementary School Pingle,Sangrur,Dhuri,182,Higher Secondary,Punjabi
SCH0090,2025-08,19090.372,11334.0,4,4,Govt. Elementary School Pingle,Sangrur,Dhuri,182,Higher Secondary,Punjabi
SCH0090,2025-09,101300.0,3039.0,2,2,Govt. Elementary School Pingle,Sangrur,Dhuri,182,Higher Secondary,Punjabi
SCH0090,2025-10,48500.788,12339.0,3,3,Govt. Elementary School Pingle,Sangrur,Dhuri,182,Higher Secondary,Punjabi
SCH0090,2025-11,35000.644,13275.0,3,3,Govt. Elementary School Pingle,Sangrur,Dhuri,182,Higher Secondary,Punjabi
SCH0090,2026-01,12200.0,488.0,1,1,Govt. Elementary School Pingle,Sangrur,Dhuri,182,Higher Secondary,Punjabi
SCH0090,2026-02,44.0,1320.0,1,1,Govt. Elementary School Pingle,Sangrur,Dhuri,182,Higher Secondary,Punjabi
SCH0090,2026-03,29000.0,2610.0,1,1,Govt. Elementary School Pingle,Sangrur,Dhuri,182,Higher Secondary,Punjabi
SCH0091,2025-04,57400.0,2296.0,1,1,Govt. Middle School Soman,Moga,Nihal Singh Wala,210,Primary,Punjabi
SCH0091,2025-05,0.0,9468.0,3,2,Govt. Middle School Soman,Moga,Nihal Singh Wala,210,Primary,Punjabi
SCH0091,2025-06,0.0,1960.0,1,1,Govt. Middle School Soman,Moga,Nihal Singh Wala,210,Primary,Punjabi
SCH0091,2025-07,0.0,1040.0,1,1,Govt. Middle School Soman,Moga,Nihal Singh Wala,210,Primary,Punjabi
SCH0091,2025-08,31.6,7779.0,3,3,Govt. Middle School Soman,Moga,Nihal Singh Wala,210,Primary,Punjabi
SCH0091,2025-09,55822.2,4338.0,2,1,Govt. Middle School Soman,Moga,Nihal Singh Wala,210,Primary,Punjabi
SCH0091,2025-10,42600.0,5112.0,1,1,Govt. Middle School Soman,Moga,Nihal Singh Wala,210,Primary,Punjabi
SCH0091,2025-12,0.0,1662.0,1,1,Govt. Middle School Soman,Moga,Nihal Singh Wala,210,Primary,Punjabi
SCH0091,2026-02,0.662,3972.0,1,1,Govt. Middle School Soman,Moga,Nihal Singh Wala,210,Primary,Punjabi
SCH0091,2026-03,64950.6,7852.0,4,3,Govt. Middle School Soman,Moga,Nihal Singh Wala,210,Primary,Punjabi
SCH0092,2025-04,19.0,1710.0,1,1,Govt. Middle School Bawa,Bathinda,Talwandi Sabo,429,Higher Secondary,Punjabi
SCH0092,2025-05,54.8,7576.0,2,2,Govt. Middle School Bawa,Bathinda,Talwandi Sabo,429,Higher Secondary,Punjabi
SCH0092,2025-07,37900.692,2175.0,2,1,Govt. Middle School Bawa,Bathinda,Talwandi Sabo,429,Higher Secondary,Punjabi
SCH0092,2025-08,0.0,1005.0,2,2,Govt. Middle School Bawa,Bathinda,Talwandi Sabo,429,Higher Secondary,Punjabi
SCH0092,2025-09,0.792,2360.0,2,2,Govt. Middle School Bawa,Bathinda,Talwandi Sabo,429,Higher Secondary,Punjabi
SCH0092,2025-10,1.046,1569.0,1,1,Govt. Middle School Bawa,Bathinda,Talwandi Sabo,429,Higher Secondary,Punjabi
SCH0092,2025-11,27143.652000000002,9648.0,4,4,Govt. Middle School Bawa,Bathinda,Talwandi Sabo,429,Higher Secondary,Punjabi
SCH0092,2025-12,0.77,4620.0,1,1,Govt. Middle School Bawa,Bathinda,Talwandi Sabo,429,Higher Secondary,Punjabi
SCH0092,2026-01,17935.9,4845.0,2,2,Govt. Middle School Bawa,Bathinda,Talwandi Sabo,429,Higher Secondary,Punjabi
SCH0092,2026-02,36.1,4332.0,1,1,Govt. Middle School Bawa,Bathinda,Talwandi Sabo,429,Higher Secondary,Punjabi
SCH0092,2026-03,31800.852,8928.0,2,2,Govt. Middle School Bawa,Bathinda,Talwandi Sabo,429,Higher Secondary,Punjabi
SCH0093,2025-04,34239.258,7162.0,3,3,Govt. Elementary School Bora,Ludhiana,Machhiwara,251,Secondary,Punjabi
SCH0093,2025-05,128.3,9084.0,3,3,Govt. Elementary School Bora,Ludhiana,Machhiwara,251,Secondary,Punjabi
SCH0093,2025-06,55.599999999999994,2844.0,2,2,Govt. Elementary School Bora,Ludhiana,Machhiwara,251,Secondary,Punjabi
SCH0093,2025-07,30100.0,2709.0,1,1,Govt. Elementary School Bora,Ludhiana,Machhiwara,251,Secondary,Punjabi
SCH0093,2025-08,75.0,5272.0,2,2,Govt. Elementary School Bora,Ludhiana,Machhiwara,251,Secondary,Punjabi
SCH0093,2025-09,44700.0,1788.0,1,1,Govt. Elementary School Bora,Ludhiana,Machhiwara,251,Secondary,Punjabi
SCH0093,2025-10,0.486,5769.0,3,3,Govt. Elementary School Bora,Ludhiana,Machhiwara,251,Secondary,Punjabi
SCH0093,2025-12,53.2,6384.0,1,1,Govt. Elementary School Bora,Ludhiana,Machhiwara,251,Secondary,Punjabi
SCH0093,2026-02,12329.5,12105.0,4,4,Govt. Elementary School Bora,Ludhiana,Machhiwara,251,Secondary,Punjabi
SCH0093,2026-03,0.642,1284.0,1,1,Govt. Elementary School Bora,Ludhiana,Machhiwara,251,Secondary,Punjabi
SCH0094,2025-04,0.0,3049.0,2,2,Govt. Elementary School Pingle,Patiala,Samana,321,Secondary,Hindi
SCH0094,2025-06,34.998000000000005,6037.0,5,4,Govt. Elementary School Pingle,Patiala,Samana,321,Secondary,Hindi
SCH0094,2025-07,43.7,1311.0,1,1,Govt. Elementary School Pingle,Patiala,Samana,321,Secondary,Hindi
SCH0094,2025-08,28.4,2556.0,1,1,Govt. Elementary School Pingle,Patiala,Samana,321,Secondary,Hindi
SCH0094,2025-09,1.622,5007.0,2,2,Govt. Elementary School Pingle,Patiala,Samana,321,Secondary,Hindi
SCH0094,2025-10,25500.0,6288.0,3,3,Govt. Elementary School Pingle,Patiala,Samana,321,Secondary,Hindi
SCH0094,2025-12,46.684,5944.0,2,2,Govt. Elementary School Pingle,Patiala,Samana,321,Secondary,Hindi
SCH0094,2026-01,22300.0,1728.0,2,2,Govt. Elementary School Pingle,Patiala,Samana,321,Secondary,Hindi
SCH0094,2026-03,1.416,3654.0,2,2,Govt. Elementary School Pingle,Patiala,Samana,321,Secondary,Hindi
SCH0095,2025-04,50400.0,7305.0,2,2,Govt. Primary School Kanda,Patiala,Nabha,199,Higher Secondary,Punjabi
SCH0095,2025-05,32800.492,4920.0,2,2,Govt. Primary School Kanda,Patiala,Nabha,199,Higher Secondary,Punjabi
SCH0095,2025-06,16217.8,1182.0,2,2,Govt. Primary School Kanda,Patiala,Nabha,199,Higher Secondary,Punjabi
SCH0095,2025-07,80.9,11139.0,3,3,Govt. Primary School Kanda,Patiala,Nabha,199,Higher Secondary,Punjabi
SCH0095,2025-08,0.0,1764.0,1,1,Govt. Primary School Kanda,Patiala,Nabha,199,Higher Secondary,Punjabi
SCH0095,2025-09,0.0,1128.0,1,1,Govt. Primary School Kanda,Patiala,Nabha,199,Higher Secondary,Punjabi
SCH0095,2025-10,50800.0,1524.0,1,1,Govt. Primary School Kanda,Patiala,Nabha,199,Higher Secondary,Punjabi
SCH0095,2025-11,31.3,3489.0,2,2,Govt. Primary School Kanda,Patiala,Nabha,199,Higher Secondary,Punjabi
SCH0095,2025-12,0.0,2008.0,1,1,Govt. Primary School Kanda,Patiala,Nabha,199,Higher Secondary,Punjabi
SCH0095,2026-02,52.2,6264.0,1,1,Govt. Primary School Kanda,Patiala,Nabha,199,Higher Secondary,Punjabi
SCH0095,2026-03,53.368,6908.0,2,2,Govt. Primary School Kanda,Patiala,Nabha,199,Higher Secondary,Punjabi
SCH0096,2025-05,110.986,3897.0,3,3,Govt. Elementary School Walia,Jalandhar,Phillaur,406,Secondary,Hindi
SCH0096,2025-06,33.392,6652.0,2,1,Govt. Elementary School Walia,Jalandhar,Phillaur,406,Secondary,Hindi
SCH0096,2025-07,55.724,14049.0,3,3,Govt. Elementary School Walia,Jalandhar,Phillaur,406,Secondary,Hindi
SCH0096,2025-09,37003.91,10938.0,4,3,Govt. Elementary School Walia,Jalandhar,Phillaur,406,Secondary,Hindi
SCH0096,2025-10,62.099999999999994,9168.0,3,2,Govt. Elementary School Walia,Jalandhar,Phillaur,406,Secondary,Hindi
SCH0096,2025-11,1.072,0.0,1,1,Govt. Elementary School Walia,Jalandhar,Phillaur,406,Secondary,Hindi
SCH0096,2025-12,52900.0,2835.0,2,2,Govt. Elementary School Walia,Jalandhar,Phillaur,406,Secondary,Hindi
SCH0096,2026-01,13253.662,7200.0,4,4,Govt. Elementary School Walia,Jalandhar,Phillaur,406,Secondary,Hindi
SCH0096,2026-02,0.0,7368.0,3,3,Govt. Elementary School Walia,Jalandhar,Phillaur,406,Secondary,Hindi
SCH0096,2026-03,0.0,0.0,1,1,Govt. Elementary School Walia,Jalandhar,Phillaur,406,Secondary,Hindi
SCH0097,2025-04,27805.775999999998,7473.0,5,5,Govt. Middle School Prakash,Sangrur,Sunam,236,Upper Primary,Punjabi
SCH0097,2025-06,40200.0,8289.0,2,2,Govt. Middle School Prakash,Sangrur,Sunam,236,Upper Primary,Punjabi
SCH0097,2025-07,19600.0,1764.0,1,1,Govt. Middle School Prakash,Sangrur,Sunam,236,Upper Primary,Punjabi
SCH0097,2025-08,0.0,1644.0,1,1,Govt. Middle School Prakash,Sangrur,Sunam,236,Upper Primary,Punjabi
SCH0097,2025-09,29.6,888.0,1,1,Govt. Middle School Prakash,Sangrur,Sunam,236,Upper Primary,Punjabi
SCH0097,2025-11,0.952,4284.0,1,1,Govt. Middle School Prakash,Sangrur,Sunam,236,Upper Primary,Punjabi
SCH0097,2025-12,94200.0,3276.0,2,2,Govt. Middle School Prakash,Sangrur,Sunam,236,Upper Primary,Punjabi
SCH0097,2026-02,0.0,5724.0,1,1,Govt. Middle School Prakash,Sangrur,Sunam,236,Upper Primary,Punjabi
SCH0097,2026-03,79900.0,6151.0,2,2,Govt. Middle School Prakash,Sangrur,Sunam,236,Upper Primary,Punjabi
SCH0098,2025-05,27000.0,810.0,1,1,Govt. Elementary School Soman,Moga,Bagha Purana,41,Secondary,Punjabi
SCH0098,2025-06,0.0,7808.0,2,2,Govt. Elementary School Soman,Moga,Bagha Purana,41,Secondary,Punjabi
SCH0098,2025-09,18600.0,2232.0,1,1,Govt. Elementary School Soman,Moga,Bagha Purana,41,Secondary,Punjabi
SCH0098,2025-10,18857.9,6054.0,4,4,Govt. Elementary School Soman,Moga,Bagha Purana,41,Secondary,Punjabi
SCH0098,2025-11,0.0,1968.0,2,2,Govt. Elementary School Soman,Moga,Bagha Purana,41,Secondary,Punjabi
SCH0098,2025-12,32700.952,5819.0,4,4,Govt. Elementary School Soman,Moga,Bagha Purana,41,Secondary,Punjabi
SCH0098,2026-03,40.394000000000005,10077.0,2,2,Govt. Elementary School Soman,Moga,Bagha Purana,41,Secondary,Punjabi
SCH0099,2025-04,40.705999999999996,8852.0,2,2,Govt. Middle School Korpal,Sangrur,Malerkotla,210,Higher Secondary,Hindi
SCH0099,2025-05,59000.0,1770.0,1,1,Govt. Middle School Korpal,Sangrur,Malerkotla,210,Higher Secondary,Hindi
SCH0099,2025-08,31200.72,10773.0,5,5,Govt. Middle School Korpal,Sangrur,Malerkotla,210,Higher Secondary,Hindi
SCH0099,2025-09,53.414,7775.0,3,3,Govt. Middle School Korpal,Sangrur,Malerkotla,210,Higher Secondary,Hindi
SCH0099,2025-10,27456.87,6484.0,3,3,Govt. Middle School Korpal,Sangrur,Malerkotla,210,Higher Secondary,Hindi
SCH0099,2025-11,58035.2,8177.0,4,4,Govt. Middle School Korpal,Sangrur,Malerkotla,210,Higher Secondary,Hindi
SCH0099,2025-12,29.7,3564.0,1,1,Govt. Middle School Korpal,Sangrur,Malerkotla,210,Higher Secondary,Hindi
SCH0099,2026-01,40220.1,12474.0,3,3,Govt. Middle School Korpal,Sangrur,Malerkotla,210,Higher Secondary,Hindi
SCH0099,2026-02,36.806000000000004,6147.0,3,2,Govt. Middle School Korpal,Sangrur,Malerkotla,210,Higher Secondary,Hindi
SCH0099,2026-03,49.391999999999996,12866.0,3,3,Govt. Middle School Korpal,Sangrur,Malerkotla,210,Higher Secondary,Hindi
SCH0100,2025-04,22100.0,884.0,1,1,Govt. Elementary School Sandal,Ferozepur,Zira,437,Secondary,Hindi
SCH0100,2025-05,36.3,5040.0,2,2,Govt. Elementary School Sandal,Ferozepur,Zira,437,Secondary,Hindi
SCH0100,2025-06,2.2640000000000002,3974.0,2,2,Govt. Elementary School Sandal,Ferozepur,Zira,437,Secondary,Hindi
SCH0100,2025-07,0.738,5745.0,2,2,Govt. Elementary School Sandal,Ferozepur,Zira,437,Secondary,Hindi
SCH0100,2025-08,53100.768,15584.0,7,5,Govt. Elementary School Sandal,Ferozepur,Zira,437,Secondary,Hindi
SCH0100,2025-09,0.0,2184.0,1,1,Govt. Elementary School Sandal,Ferozepur,Zira,437,Secondary,Hindi
SCH0100,2025-10,35.0,0.0,1,1,Govt. Elementary School Sandal,Ferozepur,Zira,437,Secondary,Hindi
SCH0100,2025-11,52.3,4593.0,3,2,Govt. Elementary School Sandal,Ferozepur,Zira,437,Secondary,Hindi
SCH0100,2025-12,22.3,669.0,1,1,Govt. Elementary School Sandal,Ferozepur,Zira,437,Secondary,Hindi
SCH0100,2026-02,39811.7,1404.0,2,2,Govt. Elementary School Sandal,Ferozepur,Zira,437,Secondary,Hindi
SCH0100,2026-03,81.268,7008.0,4,3,Govt. Elementary School Sandal,Ferozepur,Zira,437,Secondary,Hindi
SCH0101,2025-04,0.0,5400.0,1,1,Govt. Elementary School Saxena,Sangrur,Unknown,104,Secondary,Punjabi
SCH0101,2025-05,0.8440000000000001,3798.0,1,1,Govt. Elementary School Saxena,Sangrur,Unknown,104,Secondary,Punjabi
SCH0101,2025-06,18.4,6123.0,2,2,Govt. Elementary School Saxena,Sangrur,Unknown,104,Secondary,Punjabi
SCH0101,2025-07,62249.9,8290.0,3,3,Govt. Elementary School Saxena,Sangrur,Unknown,104,Secondary,Punjabi
SCH0101,2025-09,44.244,7853.0,3,2,Govt. Elementary School Saxena,Sangrur,Unknown,104,Secondary,Punjabi
SCH0101,2025-10,0.0,1377.0,1,1,Govt. Elementary School Saxena,Sangrur,Unknown,104,Secondary,Punjabi
SCH0101,2025-11,0.0,4710.0,2,2,Govt. Elementary School Saxena,Sangrur,Unknown,104,Secondary,Punjabi
SCH0101,2025-12,30700.0,3684.0,2,2,Govt. Elementary School Saxena,Sangrur,Unknown,104,Secondary,Punjabi
SCH0101,2026-02,12.2,1098.0,1,1,Govt. Elementary School Saxena,Sangrur,Unknown,104,Secondary,Punjabi
SCH0101,2026-03,35645.556,9378.0,5,5,Govt. Elementary School Saxena,Sangrur,Unknown,104,Secondary,Punjabi
SCH0102,2025-05,15.034,12454.0,3,3,Govt. Middle School Kakar,Ludhiana,Ludhiana-II,249,Upper Primary,Punjabi
SCH0102,2025-06,51.1,3486.0,2,2,Govt. Middle School Kakar,Ludhiana,Ludhiana-II,249,Upper Primary,Punjabi
SCH0102,2025-07,47.0,5640.0,1,1,Govt. Middle School Kakar,Ludhiana,Ludhiana-II,249,Upper Primary,Punjabi
SCH0102,2025-08,35.7,1963.0,2,2,Govt. Middle School Kakar,Ludhiana,Ludhiana-II,249,Upper Primary,Punjabi
SCH0102,2025-09,75500.746,11005.0,5,5,Govt. Middle School Kakar,Ludhiana,Ludhiana-II,249,Upper Primary,Punjabi
SCH0102,2025-10,58355.935999999994,17136.0,4,3,Govt. Middle School Kakar,Ludhiana,Ludhiana-II,249,Upper Primary,Punjabi
SCH0102,2025-11,0.0,1545.0,1,1,Govt. Middle School Kakar,Ludhiana,Ludhiana-II,249,Upper Primary,Punjabi
SCH0102,2025-12,13752.3,8549.0,4,3,Govt. Middle School Kakar,Ludhiana,Ludhiana-II,249,Upper Primary,Punjabi
SCH0102,2026-01,79330.5,3599.0,3,2,Govt. Middle School Kakar,Ludhiana,Ludhiana-II,249,Upper Primary,Punjabi
SCH0102,2026-02,0.0,4776.0,1,1,Govt. Middle School Kakar,Ludhiana,Ludhiana-II,249,Upper Primary,Punjabi
SCH0102,2026-03,0.0,3375.0,1,1,Govt. Middle School Kakar,Ludhiana,Ludhiana-II,249,Upper Primary,Punjabi
SCH0103,2025-04,23.6,2124.0,1,1,Govt. Elementary School Parsa,Amritsar,Ajnala,385,Higher Secondary,Punjabi
SCH0103,2025-05,74.822,9402.0,3,3,Govt. Elementary School Parsa,Amritsar,Ajnala,385,Higher Secondary,Punjabi
SCH0103,2025-06,0.0,855.0,1,1,Govt. Elementary School Parsa,Amritsar,Ajnala,385,Higher Secondary,Punjabi
SCH0103,2025-07,56.986000000000004,3573.0,2,2,Govt. Elementary School Parsa,Amritsar,Ajnala,385,Higher Secondary,Punjabi
SCH0103,2025-08,0.968,3624.0,2,1,Govt. Elementary School Parsa,Amritsar,Ajnala,385,Higher Secondary,Punjabi
SCH0103,2025-09,59736.9,1107.0,2,2,Govt. Elementary School Parsa,Amritsar,Ajnala,385,Higher Secondary,Punjabi
SCH0103,2025-10,1.944,9236.0,3,3,Govt. Elementary School Parsa,Amritsar,Ajnala,385,Higher Secondary,Punjabi
SCH0103,2025-12,50.6,6072.0,1,1,Govt. Elementary School Parsa,Amritsar,Ajnala,385,Higher Secondary,Punjabi
SCH0103,2026-01,0.51,1020.0,1,1,Govt. Elementary School Parsa,Amritsar,Ajnala,385,Higher Secondary,Punjabi
SCH0103,2026-02,91600.0,9912.0,3,3,Govt. Elementary School Parsa,Amritsar,Ajnala,385,Higher Secondary,Punjabi
SCH0103,2026-03,47400.0,9318.0,2,2,Govt. Elementary School Parsa,Amritsar,Ajnala,385,Higher Secondary,Punjabi
SCH0104,2025-04,52600.0,1578.0,1,1,Govt. Primary School Chacko,Amritsar,Amritsar-II,363,Secondary,Punjabi
SCH0104,2025-05,0.0,4023.0,1,1,Govt. Primary School Chacko,Amritsar,Amritsar-II,363,Secondary,Punjabi
SCH0104,2025-06,48.647999999999996,3224.0,3,3,Govt. Primary School Chacko,Amritsar,Amritsar-II,363,Secondary,Punjabi
SCH0104,2025-09,28527.594,4947.0,4,4,Govt. Primary School Chacko,Amritsar,Amritsar-II,363,Secondary,Punjabi
SCH0104,2025-10,0.0,867.0,2,2,Govt. Primary School Chacko,Amritsar,Amritsar-II,363,Secondary,Punjabi
SCH0104,2025-11,101.4,8723.0,4,4,Govt. Primary School Chacko,Amritsar,Amritsar-II,363,Secondary,Punjabi
SCH0104,2025-12,68.9,5052.0,2,2,Govt. Primary School Chacko,Amritsar,Amritsar-II,363,Secondary,Punjabi
SCH0104,2026-02,0.672,1344.0,2,2,Govt. Primary School Chacko,Amritsar,Amritsar-II,363,Secondary,Punjabi
SCH0104,2026-03,0.0,1752.0,1,1,Govt. Primary School Chacko,Amritsar,Amritsar-II,363,Secondary,Punjabi
SCH0105,2025-04,51200.904,14559.0,3,3,Govt. Primary School Desai,Amritsar,Tarn Taran,125,Primary,English
SCH0105,2025-05,0.478,717.0,1,1,Govt. Primary School Desai,Amritsar,Tarn Taran,125,Primary,English
SCH0105,2025-06,0.8079999999999999,4848.0,1,1,Govt. Primary School Desai,Amritsar,Tarn Taran,125,Primary,English
SCH0105,2025-07,43.0,6804.0,2,2,Govt. Primary School Desai,Amritsar,Tarn Taran,125,Primary,English
SCH0105,2025-08,0.71,1420.0,1,1,Govt. Primary School Desai,Amritsar,Tarn Taran,125,Primary,English
SCH0105,2025-09,82.7,1264.0,2,2,Govt. Primary School Desai,Amritsar,Tarn Taran,125,Primary,English
SCH0105,2025-10,17.0,2040.0,1,1,Govt. Primary School Desai,Amritsar,Tarn Taran,125,Primary,English
SCH0105,2025-12,0.0,5772.0,1,1,Govt. Primary School Desai,Amritsar,Tarn Taran,125,Primary,English
SCH0105,2026-01,62.464,7690.0,3,2,Govt. Primary School Desai,Amritsar,Tarn Taran,125,Primary,English
SCH0105,2026-02,0.0,6603.0,2,2,Govt. Primary School Desai,Amritsar,Tarn Taran,125,Primary,English
SCH0105,2026-03,1.196,7176.0,1,1,Govt. Primary School Desai,Amritsar,Tarn Taran,125,Primary,English
SCH0106,2025-05,0.812,5160.0,2,2,Govt. Primary School Shanker,Ferozepur,Zira,165,Upper Primary,Punjabi
SCH0106,2025-06,0.0,12078.0,3,3,Govt. Primary School Shanker,Ferozepur,Zira,165,Upper Primary,Punjabi
SCH0106,2025-08,71400.0,5463.0,3,3,Govt. Primary School Shanker,Ferozepur,Zira,165,Upper Primary,Punjabi
SCH0106,2025-09,10600.0,1272.0,1,1,Govt. Primary School Shanker,Ferozepur,Zira,165,Upper Primary,Punjabi
SCH0106,2025-11,0.0,6840.0,1,1,Govt. Primary School Shanker,Ferozepur,Zira,165,Upper Primary,Punjabi
SCH0106,2025-12,23.8,2154.0,2,2,Govt. Primary School Shanker,Ferozepur,Zira,165,Upper Primary,Punjabi
SCH0106,2026-01,0.0,8097.0,2,2,Govt. Primary School Shanker,Ferozepur,Zira,165,Upper Primary,Punjabi
SCH0106,2026-02,0.6759999999999999,3042.0,1,1,Govt. Primary School Shanker,Ferozepur,Zira,165,Upper Primary,Punjabi
SCH0106,2026-03,17.3,3174.0,2,1,Govt. Primary School Shanker,Ferozepur,Zira,165,Upper Primary,Punjabi
SCH0107,2025-04,0.496,2871.0,3,3,Govt. Elementary School Krishna,Patiala,Rajpura,338,Higher Secondary,Punjabi
SCH0107,2025-05,30400.0,2736.0,1,1,Govt. Elementary School Krishna,Patiala,Rajpura,338,Higher Secondary,Punjabi
SCH0107,2025-06,18100.0,2172.0,1,1,Govt. Elementary School Krishna,Patiala,Rajpura,338,Higher Secondary,Punjabi
SCH0107,2025-07,48500.0,5820.0,1,1,Govt. Elementary School Krishna,Patiala,Rajpura,338,Higher Secondary,Punjabi
SCH0107,2025-08,21.8,5994.0,2,2,Govt. Elementary School Krishna,Patiala,Rajpura,338,Higher Secondary,Punjabi
SCH0107,2025-09,58627.7,7863.0,2,2,Govt. Elementary School Krishna,Patiala,Rajpura,338,Higher Secondary,Punjabi
SCH0107,2025-10,0.0,3321.0,1,1,Govt. Elementary School Krishna,Patiala,Rajpura,338,Higher Secondary,Punjabi
SCH0107,2025-11,0.0,0.0,1,1,Govt. Elementary School Krishna,Patiala,Rajpura,338,Higher Secondary,Punjabi
SCH0107,2025-12,59420.3,7173.0,2,2,Govt. Elementary School Krishna,Patiala,Rajpura,338,Higher Secondary,Punjabi
SCH0107,2026-01,11739.2,9948.0,3,2,Govt. Elementary School Krishna,Patiala,Rajpura,338,Higher Secondary,Punjabi
SCH0107,2026-02,1.078,1617.0,1,1,Govt. Elementary School Krishna,Patiala,Rajpura,338,Higher Secondary,Punjabi
SCH0107,2026-03,25.2,1008.0,1,1,Govt. Elementary School Krishna,Patiala,Rajpura,338,Higher Secondary,Punjabi
SCH0108,2025-04,100.5,8004.0,2,2,Govt. Middle School Warrior,Sangrur,Malerkotla,386,Primary,English
SCH0108,2025-06,22.8,2736.0,1,1,Govt. Middle School Warrior,Sangrur,Malerkotla,386,Primary,English
SCH0108,2025-09,0.0,1124.0,1,1,Govt. Middle School Warrior,Sangrur,Malerkotla,386,Primary,English
SCH0108,2025-10,50.1,0.0,1,1,Govt. Middle School Warrior,Sangrur,Malerkotla,386,Primary,English
SCH0108,2025-12,56.3,6014.0,2,2,Govt. Middle School Warrior,Sangrur,Malerkotla,386,Primary,English
SCH0108,2026-03,58900.0,1767.0,1,1,Govt. Middle School Warrior,Sangrur,Malerkotla,386,Primary,English
SCH0109,2025-04,57954.682,7776.0,3,2,Govt. Elementary School Pradhan,Ferozepur,Makhu,273,Upper Primary,Punjabi
SCH0109,2025-05,53.1,0.0,1,1,Govt. Elementary School Pradhan,Ferozepur,Makhu,273,Upper Primary,Punjabi
SCH0109,2025-06,21.0,2520.0,1,1,Govt. Elementary School Pradhan,Ferozepur,Makhu,273,Upper Primary,Punjabi
SCH0109,2025-07,33.6,5620.0,2,2,Govt. Elementary School Pradhan,Ferozepur,Makhu,273,Upper Primary,Punjabi
SCH0109,2025-08,11.218,330.0,2,2,Govt. Elementary School Pradhan,Ferozepur,Makhu,273,Upper Primary,Punjabi
SCH0109,2025-09,11.6,464.0,1,1,Govt. Elementary School Pradhan,Ferozepur,Makhu,273,Upper Primary,Punjabi
SCH0109,2025-10,29.060000000000002,2564.0,2,2,Govt. Elementary School Pradhan,Ferozepur,Makhu,273,Upper Primary,Punjabi
SCH0109,2025-11,34928.8,5052.0,2,2,Govt. Elementary School Pradhan,Ferozepur,Makhu,273,Upper Primary,Punjabi
SCH0109,2025-12,21100.0,9658.0,4,4,Govt. Elementary School Pradhan,Ferozepur,Makhu,273,Upper Primary,Punjabi
SCH0109,2026-02,40938.655999999995,19008.0,5,5,Govt. Elementary School Pradhan,Ferozepur,Makhu,273,Upper Primary,Punjabi
SCH0109,2026-03,16.1,2883.0,3,3,Govt. Elementary School Pradhan,Ferozepur,Makhu,273,Upper Primary,Punjabi
SCH0110,2025-04,42.7,1708.0,1,1,Govt. Primary School Goswami,Moga,Bagha Purana,398,Higher Secondary,Punjabi
SCH0110,2025-05,58.5,2340.0,1,1,Govt. Primary School Goswami,Moga,Bagha Purana,398,Higher Secondary,Punjabi
SCH0110,2025-06,83500.0,1371.0,2,2,Govt. Primary School Goswami,Moga,Bagha Purana,398,Higher Secondary,Punjabi
SCH0110,2025-07,21958.2,4374.0,2,2,Govt. Primary School Goswami,Moga,Bagha Purana,398,Higher Secondary,Punjabi
SCH0110,2025-08,22700.0,2724.0,1,1,Govt. Primary School Goswami,Moga,Bagha Purana,398,Higher Secondary,Punjabi
SCH0110,2025-09,0.35,3145.0,3,3,Govt. Primary School Goswami,Moga,Bagha Purana,398,Higher Secondary,Punjabi
SCH0110,2025-10,69300.0,6156.0,2,2,Govt. Primary School Goswami,Moga,Bagha Purana,398,Higher Secondary,Punjabi
SCH0110,2025-11,50537.752,6961.0,3,3,Govt. Primary School Goswami,Moga,Bagha Purana,398,Higher Secondary,Punjabi
SCH0110,2026-01,50301.242,6941.0,3,2,Govt. Primary School Goswami,Moga,Bagha Purana,398,Higher Secondary,Punjabi
SCH0110,2026-02,1.678,10203.0,4,4,Govt. Primary School Goswami,Moga,Bagha Purana,398,Higher Secondary,Punjabi
SCH0110,2026-03,57.3,5157.0,1,1,Govt. Primary School Goswami,Moga,Bagha Purana,398,Higher Secondary,Punjabi
SCH0111,2025-04,0.0,7161.0,4,3,Govt. Middle School Butala,Bathinda,Maur,350,Upper Primary,Hindi
SCH0111,2025-05,0.268,1608.0,1,1,Govt. Middle School Butala,Bathinda,Maur,350,Upper Primary,Hindi
SCH0111,2025-06,68912.14,5890.0,5,5,Govt. Middle School Butala,Bathinda,Maur,350,Upper Primary,Hindi
SCH0111,2025-07,10.7,1284.0,1,1,Govt. Middle School Butala,Bathinda,Maur,350,Upper Primary,Hindi
SCH0111,2025-08,43.34,6222.0,2,2,Govt. Middle School Butala,Bathinda,Maur,350,Upper Primary,Hindi
SCH0111,2025-10,49.0,5880.0,2,2,Govt. Middle School Butala,Bathinda,Maur,350,Upper Primary,Hindi
SCH0111,2025-11,0.254,3698.0,3,3,Govt. Middle School Butala,Bathinda,Maur,350,Upper Primary,Hindi
SCH0111,2025-12,29.7,1188.0,1,1,Govt. Middle School Butala,Bathinda,Maur,350,Upper Primary,Hindi
SCH0111,2026-01,23779.678,11394.0,4,3,Govt. Middle School Butala,Bathinda,Maur,350,Upper Primary,Hindi
SCH0111,2026-02,38230.3,5493.0,2,2,Govt. Middle School Butala,Bathinda,Maur,350,Upper Primary,Hindi
SCH0111,2026-03,0.0,6474.0,2,2,Govt. Middle School Butala,Bathinda,Maur,350,Upper Primary,Hindi
SCH0112,2025-04,15322.0,2716.0,2,2,Govt. Senior Secondary School Bhagat,Amritsar,Unknown,198,Primary,English
SCH0112,2025-05,111.45400000000001,19527.0,4,4,Govt. Senior Secondary School Bhagat,Amritsar,Unknown,198,Primary,English
SCH0112,2025-06,50400.0,6048.0,1,1,Govt. Senior Secondary School Bhagat,Amritsar,Unknown,198,Primary,English
SCH0112,2025-07,0.0,4338.0,1,1,Govt. Senior Secondary School Bhagat,Amritsar,Unknown,198,Primary,English
SCH0112,2025-09,39544.9,4902.0,2,2,Govt. Senior Secondary School Bhagat,Amritsar,Unknown,198,Primary,English
SCH0112,2025-10,1.708,6889.0,4,4,Govt. Senior Secondary School Bhagat,Amritsar,Unknown,198,Primary,English
SCH0112,2025-12,22900.0,2748.0,1,1,Govt. Senior Secondary School Bhagat,Amritsar,Unknown,198,Primary,English
SCH0112,2026-01,36200.509999999995,4983.0,3,2,Govt. Senior Secondary School Bhagat,Amritsar,Unknown,198,Primary,English
SCH0112,2026-03,48100.0,4329.0,1,1,Govt. Senior Secondary School Bhagat,Amritsar,Unknown,198,Primary,English
SCH0113,2025-04,29.9,897.0,1,1,Govt. Middle School Subramaniam,Moga,Nihal Singh Wala,129,Secondary,English
SCH0113,2025-05,56.4,2256.0,1,1,Govt. Middle School Subramaniam,Moga,Nihal Singh Wala,129,Secondary,English
SCH0113,2025-06,0.77,3465.0,1,1,Govt. Middle School Subramaniam,Moga,Nihal Singh Wala,129,Secondary,English
SCH0113,2025-07,52600.702,5770.0,3,3,Govt. Middle School Subramaniam,Moga,Nihal Singh Wala,129,Secondary,English
SCH0113,2025-09,74800.0,4598.0,3,3,Govt. Middle School Subramaniam,Moga,Nihal Singh Wala,129,Secondary,English
SCH0113,2025-10,0.0,1422.0,1,1,Govt. Middle School Subramaniam,Moga,Nihal Singh Wala,129,Secondary,English
SCH0113,2025-11,24800.0,1722.0,2,1,Govt. Middle School Subramaniam,Moga,Nihal Singh Wala,129,Secondary,English
SCH0113,2025-12,0.0,4456.0,3,3,Govt. Middle School Subramaniam,Moga,Nihal Singh Wala,129,Secondary,English
SCH0113,2026-01,106400.9,20722.0,7,5,Govt. Middle School Subramaniam,Moga,Nihal Singh Wala,129,Secondary,English
SCH0113,2026-02,0.0,1320.0,1,1,Govt. Middle School Subramaniam,Moga,Nihal Singh Wala,129,Secondary,English
SCH0114,2025-04,55283.994,13824.0,7,6,Govt. Primary School Randhawa,Sangrur,Malerkotla,422,Primary,Hindi
SCH0114,2025-05,1.282,3759.0,2,2,Govt. Primary School Randhawa,Sangrur,Malerkotla,422,Primary,Hindi
SCH0114,2025-07,0.0,1710.0,2,2,Govt. Primary School Randhawa,Sangrur,Malerkotla,422,Primary,Hindi
SCH0114,2025-08,46.2,5592.0,2,2,Govt. Primary School Randhawa,Sangrur,Malerkotla,422,Primary,Hindi
SCH0114,2025-09,73401.076,3816.0,3,2,Govt. Primary School Randhawa,Sangrur,Malerkotla,422,Primary,Hindi
SCH0114,2025-10,21.3,2175.0,2,2,Govt. Primary School Randhawa,Sangrur,Malerkotla,422,Primary,Hindi
SCH0114,2025-11,0.0,3180.0,1,1,Govt. Primary School Randhawa,Sangrur,Malerkotla,422,Primary,Hindi
SCH0114,2025-12,13.9,1453.0,2,2,Govt. Primary School Randhawa,Sangrur,Malerkotla,422,Primary,Hindi
SCH0114,2026-01,45400.0,1362.0,1,1,Govt. Primary School Randhawa,Sangrur,Malerkotla,422,Primary,Hindi
SCH0114,2026-02,15400.694,4509.0,2,2,Govt. Primary School Randhawa,Sangrur,Malerkotla,422,Primary,Hindi
SCH0114,2026-03,10.8,1833.0,2,2,Govt. Primary School Randhawa,Sangrur,Malerkotla,422,Primary,Hindi
SCH0115,2025-04,39183.9,5951.0,4,4,Govt. Primary School Sachdev,Ferozepur,Makhu,86,Primary,English
SCH0115,2025-05,12.9,3113.0,3,3,Govt. Primary School Sachdev,Ferozepur,Makhu,86,Primary,English
SCH0115,2025-06,42948.8,9540.0,2,2,Govt. Primary School Sachdev,Ferozepur,Makhu,86,Primary,English
SCH0115,2025-07,0.0,912.0,1,1,Govt. Primary School Sachdev,Ferozepur,Makhu,86,Primary,English
SCH0115,2025-08,89.428,9447.0,5,5,Govt. Primary School Sachdev,Ferozepur,Makhu,86,Primary,English
SCH0115,2025-09,31.5,2943.0,2,2,Govt. Primary School Sachdev,Ferozepur,Makhu,86,Primary,English
SCH0115,2025-11,51.508,5211.0,3,2,Govt. Primary School Sachdev,Ferozepur,Makhu,86,Primary,English
SCH0115,2025-12,28500.0,2565.0,1,1,Govt. Primary School Sachdev,Ferozepur,Makhu,86,Primary,English
SCH0115,2026-01,34.0,4080.0,1,1,Govt. Primary School Sachdev,Ferozepur,Makhu,86,Primary,English
SCH0115,2026-03,36.699999999999996,7528.0,4,3,Govt. Primary School Sachdev,Ferozepur,Makhu,86,Primary,English
SCH0116,2025-04,13400.0,1608.0,1,1,Govt. Middle School Gandhi,Ferozepur,Makhu,95,Higher Secondary,Hindi
SCH0116,2025-05,22600.0,678.0,1,1,Govt. Middle School Gandhi,Ferozepur,Makhu,95,Higher Secondary,Hindi
SCH0116,2025-07,18832.47,6651.0,3,3,Govt. Middle School Gandhi,Ferozepur,Makhu,95,Higher Secondary,Hindi
SCH0116,2025-08,20020.2,6152.0,3,3,Govt. Middle School Gandhi,Ferozepur,Makhu,95,Higher Secondary,Hindi
SCH0116,2025-10,21100.0,633.0,1,1,Govt. Middle School Gandhi,Ferozepur,Makhu,95,Higher Secondary,Hindi
SCH0116,2025-11,0.0,759.0,2,2,Govt. Middle School Gandhi,Ferozepur,Makhu,95,Higher Secondary,Hindi
SCH0116,2025-12,46.2,8028.0,3,3,Govt. Middle School Gandhi,Ferozepur,Makhu,95,Higher Secondary,Hindi
SCH0116,2026-01,37.7,4524.0,1,1,Govt. Middle School Gandhi,Ferozepur,Makhu,95,Higher Secondary,Hindi
SCH0116,2026-02,0.8,13008.0,4,3,Govt. Middle School Gandhi,Ferozepur,Makhu,95,Higher Secondary,Hindi
SCH0116,2026-03,0.83,4980.0,1,1,Govt. Middle School Gandhi,Ferozepur,Makhu,95,Higher Secondary,Hindi
SCH0117,2025-04,1.01,3414.0,2,2,Govt. Primary School Reddy,Amritsar,Tarn Taran,398,Higher Secondary,English
SCH0117,2025-06,0.908,4086.0,1,1,Govt. Primary School Reddy,Amritsar,Tarn Taran,398,Higher Secondary,English
SCH0117,2025-07,11701.05,4851.0,3,3,Govt. Primary School Reddy,Amritsar,Tarn Taran,398,Higher Secondary,English
SCH0117,2025-09,0.25,500.0,1,1,Govt. Primary School Reddy,Amritsar,Tarn Taran,398,Higher Secondary,English
SCH0117,2025-10,13000.8,11952.0,3,3,Govt. Primary School Reddy,Amritsar,Tarn Taran,398,Higher Secondary,English
SCH0117,2025-11,0.0,536.0,1,1,Govt. Primary School Reddy,Amritsar,Tarn Taran,398,Higher Secondary,English
SCH0117,2025-12,57.7,8685.0,2,2,Govt. Primary School Reddy,Amritsar,Tarn Taran,398,Higher Secondary,English
SCH0118,2025-04,56700.752,14508.0,3,3,Govt. Middle School Hari,Sangrur,Sangrur,89,Upper Primary,Hindi
SCH0118,2025-06,37300.0,3357.0,1,1,Govt. Middle School Hari,Sangrur,Sangrur,89,Upper Primary,Hindi
SCH0118,2025-07,17.17,2395.0,2,2,Govt. Middle School Hari,Sangrur,Sangrur,89,Upper Primary,Hindi
SCH0118,2025-08,47.6,6822.0,3,2,Govt. Middle School Hari,Sangrur,Sangrur,89,Upper Primary,Hindi
SCH0118,2025-09,1.94,10884.0,3,2,Govt. Middle School Hari,Sangrur,Sangrur,89,Upper Primary,Hindi
SCH0118,2025-10,13400.782,6300.0,2,2,Govt. Middle School Hari,Sangrur,Sangrur,89,Upper Primary,Hindi
SCH0118,2025-11,0.4320000000000001,1244.0,2,2,Govt. Middle School Hari,Sangrur,Sangrur,89,Upper Primary,Hindi
SCH0118,2025-12,63414.2,5422.0,3,3,Govt. Middle School Hari,Sangrur,Sangrur,89,Upper Primary,Hindi
SCH0118,2026-01,39.5,11112.0,3,3,Govt. Middle School Hari,Sangrur,Sangrur,89,Upper Primary,Hindi
SCH0118,2026-02,0.0,8090.0,2,2,Govt. Middle School Hari,Sangrur,Sangrur,89,Upper Primary,Hindi
SCH0118,2026-03,55300.0,5989.0,3,3,Govt. Middle School Hari,Sangrur,Sangrur,89,Upper Primary,Hindi
SCH0119,2025-04,53801.734,12780.0,3,2,Govt. Middle School Sur,Ferozepur,Unknown,252,Higher Secondary,English
SCH0119,2025-05,0.92,4140.0,1,1,Govt. Middle School Sur,Ferozepur,Unknown,252,Higher Secondary,English
SCH0119,2025-06,0.84,8712.0,2,2,Govt. Middle School Sur,Ferozepur,Unknown,252,Higher Secondary,English
SCH0119,2025-07,0.0,1710.0,1,1,Govt. Middle School Sur,Ferozepur,Unknown,252,Higher Secondary,English
SCH0119,2025-08,0.722,4332.0,1,1,Govt. Middle School Sur,Ferozepur,Unknown,252,Higher Secondary,English
SCH0119,2025-09,42100.0,1684.0,1,1,Govt. Middle School Sur,Ferozepur,Unknown,252,Higher Secondary,English
SCH0119,2025-10,40.5,5949.0,2,2,Govt. Middle School Sur,Ferozepur,Unknown,252,Higher Secondary,English
SCH0119,2025-11,0.0,4077.0,1,1,Govt. Middle School Sur,Ferozepur,Unknown,252,Higher Secondary,English
SCH0119,2025-12,57.2,10182.0,3,3,Govt. Middle School Sur,Ferozepur,Unknown,252,Higher Secondary,English
SCH0119,2026-01,58000.484,6960.0,2,2,Govt. Middle School Sur,Ferozepur,Unknown,252,Higher Secondary,English
SCH0119,2026-02,62.9,7548.0,2,2,Govt. Middle School Sur,Ferozepur,Unknown,252,Higher Secondary,English
SCH0119,2026-03,0.0,1160.0,1,1,Govt. Middle School Sur,Ferozepur,Unknown,252,Higher Secondary,English
SCH0120,2025-04,26.406,3372.0,2,2,Govt. Middle School Sharaf,Patiala,Rajpura,267,Secondary,English
SCH0120,2025-05,32300.0,0.0,1,1,Govt. Middle School Sharaf,Patiala,Rajpura,267,Secondary,English
SCH0120,2025-06,28991.7,6269.0,3,2,Govt. Middle School Sharaf,Patiala,Rajpura,267,Secondary,English
SCH0120,2025-07,0.0,6924.0,2,1,Govt. Middle School Sharaf,Patiala,Rajpura,267,Secondary,English
SCH0120,2025-08,0.0,999.0,1,1,Govt. Middle School Sharaf,Patiala,Rajpura,267,Secondary,English
SCH0120,2025-09,35851.399999999994,10768.0,4,4,Govt. Middle School Sharaf,Patiala,Rajpura,267,Secondary,English
SCH0120,2025-10,0.0,2148.0,1,1,Govt. Middle School Sharaf,Patiala,Rajpura,267,Secondary,English
SCH0120,2026-01,65.9,8052.0,4,4,Govt. Middle School Sharaf,Patiala,Rajpura,267,Secondary,English
SCH0121,2025-04,70600.682,4838.0,3,3,Govt. Elementary School Deshmukh,Ludhiana,Unknown,181,Primary,Hindi
SCH0121,2025-05,0.0,7272.0,3,3,Govt. Elementary School Deshmukh,Ludhiana,Unknown,181,Primary,Hindi
SCH0121,2025-07,2.704,19704.0,6,5,Govt. Elementary School Deshmukh,Ludhiana,Unknown,181,Primary,Hindi
SCH0121,2025-08,72.134,3531.0,3,3,Govt. Elementary School Deshmukh,Ludhiana,Unknown,181,Primary,Hindi
SCH0121,2025-09,49.4,1976.0,1,1,Govt. Elementary School Deshmukh,Ludhiana,Unknown,181,Primary,Hindi
SCH0121,2025-10,80.9,5151.0,2,2,Govt. Elementary School Deshmukh,Ludhiana,Unknown,181,Primary,Hindi
SCH0121,2025-11,0.0,1252.0,1,1,Govt. Elementary School Deshmukh,Ludhiana,Unknown,181,Primary,Hindi
SCH0121,2025-12,23111.0,2409.0,2,2,Govt. Elementary School Deshmukh,Ludhiana,Unknown,181,Primary,Hindi
SCH0121,2026-01,44.7,4023.0,1,1,Govt. Elementary School Deshmukh,Ludhiana,Unknown,181,Primary,Hindi
SCH0121,2026-02,0.294,441.0,1,1,Govt. Elementary School Deshmukh,Ludhiana,Unknown,181,Primary,Hindi
SCH0121,2026-03,50.6,2024.0,1,1,Govt. Elementary School Deshmukh,Ludhiana,Unknown,181,Primary,Hindi
SCH0122,2025-04,0.0,6303.0,2,2,Govt. Senior Secondary School Ahluwalia,Ludhiana,Unknown,442,Upper Primary,Hindi
SCH0122,2025-05,55.424,3612.0,3,1,Govt. Senior Secondary School Ahluwalia,Ludhiana,Unknown,442,Upper Primary,Hindi
SCH0122,2025-07,0.652,2934.0,1,1,Govt. Senior Secondary School Ahluwalia,Ludhiana,Unknown,442,Upper Primary,Hindi
SCH0122,2025-08,0.728,2635.0,2,2,Govt. Senior Secondary School Ahluwalia,Ludhiana,Unknown,442,Upper Primary,Hindi
SCH0122,2025-09,27701.106,8301.0,2,2,Govt. Senior Secondary School Ahluwalia,Ludhiana,Unknown,442,Upper Primary,Hindi
SCH0122,2025-10,0.0,1668.0,1,1,Govt. Senior Secondary School Ahluwalia,Ludhiana,Unknown,442,Upper Primary,Hindi
SCH0122,2025-11,54800.886,7884.0,4,4,Govt. Senior Secondary School Ahluwalia,Ludhiana,Unknown,442,Upper Primary,Hindi
SCH0122,2026-01,0.486,8109.0,3,3,Govt. Senior Secondary School Ahluwalia,Ludhiana,Unknown,442,Upper Primary,Hindi
SCH0122,2026-02,27600.0,6066.0,2,1,Govt. Senior Secondary School Ahluwalia,Ludhiana,Unknown,442,Upper Primary,Hindi
SCH0122,2026-03,19.232,4959.0,2,2,Govt. Senior Secondary School Ahluwalia,Ludhiana,Unknown,442,Upper Primary,Hindi
SCH0123,2025-04,38.754000000000005,5115.0,2,2,Govt. Primary School Cheema,Patiala,Nabha,159,Upper Primary,Hindi
SCH0123,2025-05,23.556,6044.0,2,2,Govt. Primary School Cheema,Patiala,Nabha,159,Upper Primary,Hindi
SCH0123,2025-07,0.632,1428.0,2,2,Govt. Primary School Cheema,Patiala,Nabha,159,Upper Primary,Hindi
SCH0123,2025-09,0.0,1254.0,1,1,Govt. Primary School Cheema,Patiala,Nabha,159,Upper Primary,Hindi
SCH0123,2025-10,1.716,2574.0,2,2,Govt. Primary School Cheema,Patiala,Nabha,159,Upper Primary,Hindi
SCH0123,2025-11,29728.95,19100.0,5,3,Govt. Primary School Cheema,Patiala,Nabha,159,Upper Primary,Hindi
SCH0123,2025-12,54.8,4002.0,3,3,Govt. Primary School Cheema,Patiala,Nabha,159,Upper Primary,Hindi
SCH0123,2026-01,0.0,3924.0,1,1,Govt. Primary School Cheema,Patiala,Nabha,159,Upper Primary,Hindi
SCH0123,2026-02,17048.07,15312.0,5,5,Govt. Primary School Cheema,Patiala,Nabha,159,Upper Primary,Hindi
SCH0123,2026-03,48800.212,1272.0,2,2,Govt. Primary School Cheema,Patiala,Nabha,159,Upper Primary,Hindi
SCH0124,2025-04,47.1,10344.0,4,3,Govt. Middle School Goda,Jalandhar,Nakodar,448,Primary,Hindi
SCH0124,2025-07,19.4,1746.0,1,1,Govt. Middle School Goda,Jalandhar,Nakodar,448,Primary,Hindi
SCH0124,2025-08,0.0,5760.0,1,1,Govt. Middle School Goda,Jalandhar,Nakodar,448,Primary,Hindi
SCH0124,2025-12,0.0,2200.0,1,1,Govt. Middle School Goda,Jalandhar,Nakodar,448,Primary,Hindi
SCH0124,2026-01,65958.4,4388.0,3,2,Govt. Middle School Goda,Jalandhar,Nakodar,448,Primary,Hindi
SCH0124,2026-02,47.1,1884.0,1,1,Govt. Middle School Goda,Jalandhar,Nakodar,448,Primary,Hindi
SCH0124,2026-03,0.884,3798.0,3,2,Govt. Middle School Goda,Jalandhar,Nakodar,448,Primary,Hindi
SCH0125,2025-04,42732.8,4660.0,2,2,Govt. Primary School Srivastava,Moga,Moga-I,129,Upper Primary,Punjabi
SCH0125,2025-06,0.57,8808.0,3,3,Govt. Primary School Srivastava,Moga,Moga-I,129,Upper Primary,Punjabi
SCH0125,2025-07,25932.9,4095.0,2,2,Govt. Primary School Srivastava,Moga,Moga-I,129,Upper Primary,Punjabi
SCH0125,2025-08,14.6,1314.0,1,1,Govt. Primary School Srivastava,Moga,Moga-I,129,Upper Primary,Punjabi
SCH0125,2025-11,1.636,10333.0,3,3,Govt. Primary School Srivastava,Moga,Moga-I,129,Upper Primary,Punjabi
SCH0125,2025-12,15.1,453.0,1,1,Govt. Primary School Srivastava,Moga,Moga-I,129,Upper Primary,Punjabi
SCH0125,2026-01,28.3,3139.0,2,2,Govt. Primary School Srivastava,Moga,Moga-I,129,Upper Primary,Punjabi
SCH0125,2026-02,32243.9,12868.0,3,3,Govt. Primary School Srivastava,Moga,Moga-I,129,Upper Primary,Punjabi
SCH0126,2025-05,65.4,2880.0,2,2,Govt. Primary School Pillay,Sangrur,Malerkotla,302,Higher Secondary,Hindi
SCH0126,2025-06,45500.0,7776.0,2,2,Govt. Primary School Pillay,Sangrur,Malerkotla,302,Higher Secondary,Hindi
SCH0126,2025-07,27.722,3960.0,3,2,Govt. Primary School Pillay,Sangrur,Malerkotla,302,Higher Secondary,Hindi
SCH0126,2025-08,43800.0,5256.0,1,1,Govt. Primary School Pillay,Sangrur,Malerkotla,302,Higher Secondary,Hindi
SCH0126,2025-10,32.9,4077.0,2,2,Govt. Primary School Pillay,Sangrur,Malerkotla,302,Higher Secondary,Hindi
SCH0126,2025-11,59100.236,3609.0,3,2,Govt. Primary School Pillay,Sangrur,Malerkotla,302,Higher Secondary,Hindi
SCH0126,2025-12,51.4,6210.0,3,3,Govt. Primary School Pillay,Sangrur,Malerkotla,302,Higher Secondary,Hindi
SCH0126,2026-02,16.0,1440.0,1,1,Govt. Primary School Pillay,Sangrur,Malerkotla,302,Higher Secondary,Hindi
SCH0126,2026-03,32.2,3528.0,3,3,Govt. Primary School Pillay,Sangrur,Malerkotla,302,Higher Secondary,Hindi
SCH0127,2025-04,0.0,2295.0,1,1,Govt. Elementary School Palla,Bathinda,Talwandi Sabo,369,Primary,Punjabi
SCH0127,2025-05,0.614,2763.0,1,1,Govt. Elementary School Palla,Bathinda,Talwandi Sabo,369,Primary,Punjabi
SCH0127,2025-06,0.0,684.0,1,1,Govt. Elementary School Palla,Bathinda,Talwandi Sabo,369,Primary,Punjabi
SCH0127,2025-07,0.0,4740.0,1,1,Govt. Elementary School Palla,Bathinda,Talwandi Sabo,369,Primary,Punjabi
SCH0127,2025-08,56.6,1698.0,1,1,Govt. Elementary School Palla,Bathinda,Talwandi Sabo,369,Primary,Punjabi
SCH0127,2025-09,1.4939999999999998,6340.0,2,2,Govt. Elementary School Palla,Bathinda,Talwandi Sabo,369,Primary,Punjabi
SCH0127,2025-10,0.0,2652.0,2,2,Govt. Elementary School Palla,Bathinda,Talwandi Sabo,369,Primary,Punjabi
SCH0127,2025-11,14453.8,4071.0,3,3,Govt. Elementary School Palla,Bathinda,Talwandi Sabo,369,Primary,Punjabi
SCH0127,2025-12,0.0,3084.0,1,1,Govt. Elementary School Palla,Bathinda,Talwandi Sabo,369,Primary,Punjabi
SCH0127,2026-01,0.0,4332.0,1,1,Govt. Elementary School Palla,Bathinda,Talwandi Sabo,369,Primary,Punjabi
SCH0127,2026-02,38.0,2944.0,2,2,Govt. Elementary School Palla,Bathinda,Talwandi Sabo,369,Primary,Punjabi
SCH0128,2025-05,0.424,3492.0,2,2,Govt. Primary School Walla,Sangrur,Dhuri,77,Secondary,Hindi
SCH0128,2025-06,0.0,975.0,1,1,Govt. Primary School Walla,Sangrur,Dhuri,77,Secondary,Hindi
SCH0128,2025-07,49553.6,4455.0,2,2,Govt. Primary School Walla,Sangrur,Dhuri,77,Secondary,Hindi
SCH0128,2025-08,86.3,11704.0,3,3,Govt. Primary School Walla,Sangrur,Dhuri,77,Secondary,Hindi
SCH0128,2025-09,23700.0,2844.0,1,1,Govt. Primary School Walla,Sangrur,Dhuri,77,Secondary,Hindi
SCH0128,2025-10,55154.2,6585.0,2,2,Govt. Primary School Walla,Sangrur,Dhuri,77,Secondary,Hindi
SCH0128,2025-11,17.9,716.0,1,1,Govt. Primary School Walla,Sangrur,Dhuri,77,Secondary,Hindi
SCH0128,2025-12,0.0,6570.0,2,2,Govt. Primary School Walla,Sangrur,Dhuri,77,Secondary,Hindi
SCH0128,2026-02,0.0,0.0,1,1,Govt. Primary School Walla,Sangrur,Dhuri,77,Secondary,Hindi
SCH0128,2026-03,0.314,1413.0,1,1,Govt. Primary School Walla,Sangrur,Dhuri,77,Secondary,Hindi
SCH0129,2025-04,31500.0,2835.0,1,1,Govt. Elementary School Malhotra,Moga,Unknown,345,Higher Secondary,Punjabi
SCH0129,2025-05,23.2,696.0,1,1,Govt. Elementary School Malhotra,Moga,Unknown,345,Higher Secondary,Punjabi
SCH0129,2025-06,0.0,1068.0,1,1,Govt. Elementary School Malhotra,Moga,Unknown,345,Higher Secondary,Punjabi
SCH0129,2025-07,52.5,1575.0,2,2,Govt. Elementary School Malhotra,Moga,Unknown,345,Higher Secondary,Punjabi
SCH0129,2025-08,23400.0,2808.0,1,1,Govt. Elementary School Malhotra,Moga,Unknown,345,Higher Secondary,Punjabi
SCH0129,2025-09,30329.8,2682.0,2,2,Govt. Elementary School Malhotra,Moga,Unknown,345,Higher Secondary,Punjabi
SCH0129,2025-10,0.934,1401.0,1,1,Govt. Elementary School Malhotra,Moga,Unknown,345,Higher Secondary,Punjabi
SCH0129,2026-01,0.0,688.0,1,1,Govt. Elementary School Malhotra,Moga,Unknown,345,Higher Secondary,Punjabi
SCH0129,2026-02,0.0,1593.0,1,1,Govt. Elementary School Malhotra,Moga,Unknown,345,Higher Secondary,Punjabi
SCH0129,2026-03,1.3780000000000001,7554.0,2,2,Govt. Elementary School Malhotra,Moga,Unknown,345,Higher Secondary,Punjabi
SCH0130,2025-04,18028.5,1395.0,2,1,Govt. Elementary School Mall,Patiala,Rajpura,271,Higher Secondary,Punjabi
SCH0130,2025-06,59900.964,14005.0,5,4,Govt. Elementary School Mall,Patiala,Rajpura,271,Higher Secondary,Punjabi
SCH0130,2025-07,71.7,5268.0,2,2,Govt. Elementary School Mall,Patiala,Rajpura,271,Higher Secondary,Punjabi
SCH0130,2025-08,46446.6,16416.0,5,4,Govt. Elementary School Mall,Patiala,Rajpura,271,Higher Secondary,Punjabi
SCH0130,2025-09,47800.0,1434.0,1,1,Govt. Elementary School Mall,Patiala,Rajpura,271,Higher Secondary,Punjabi
SCH0130,2025-10,55.2,3339.0,2,1,Govt. Elementary School Mall,Patiala,Rajpura,271,Higher Secondary,Punjabi
SCH0130,2025-11,0.0,3840.0,1,1,Govt. Elementary School Mall,Patiala,Rajpura,271,Higher Secondary,Punjabi
SCH0130,2026-01,74900.0,2247.0,3,2,Govt. Elementary School Mall,Patiala,Rajpura,271,Higher Secondary,Punjabi
SCH0130,2026-02,95.684,10294.0,3,3,Govt. Elementary School Mall,Patiala,Rajpura,271,Higher Secondary,Punjabi
SCH0131,2025-05,48.5,1940.0,1,1,Govt. Elementary School Dani,Moga,Unknown,200,Secondary,Punjabi
SCH0131,2025-07,0.0,6420.0,2,1,Govt. Elementary School Dani,Moga,Unknown,200,Secondary,Punjabi
SCH0131,2025-08,55500.0,3447.0,2,2,Govt. Elementary School Dani,Moga,Unknown,200,Secondary,Punjabi
SCH0131,2025-09,25518.1,5232.0,2,2,Govt. Elementary School Dani,Moga,Unknown,200,Secondary,Punjabi
SCH0131,2025-10,0.0,1692.0,1,1,Govt. Elementary School Dani,Moga,Unknown,200,Secondary,Punjabi
SCH0131,2025-11,0.0,1752.0,1,1,Govt. Elementary School Dani,Moga,Unknown,200,Secondary,Punjabi
SCH0131,2025-12,0.746,1119.0,1,1,Govt. Elementary School Dani,Moga,Unknown,200,Secondary,Punjabi
SCH0131,2026-02,0.8420000000000001,5052.0,1,1,Govt. Elementary School Dani,Moga,Unknown,200,Secondary,Punjabi
SCH0132,2025-04,90.4,9156.0,3,2,Govt. Primary School Rajagopal,Amritsar,Tarn Taran,89,Secondary,Hindi
SCH0132,2025-05,52900.0,2116.0,1,1,Govt. Primary School Rajagopal,Amritsar,Tarn Taran,89,Secondary,Hindi
SCH0132,2025-08,27.4,2776.0,3,3,Govt. Primary School Rajagopal,Amritsar,Tarn Taran,89,Secondary,Hindi
SCH0132,2025-10,55.7,8856.0,4,3,Govt. Primary School Rajagopal,Amritsar,Tarn Taran,89,Secondary,Hindi
SCH0132,2025-12,21400.0,0.0,1,1,Govt. Primary School Rajagopal,Amritsar,Tarn Taran,89,Secondary,Hindi
SCH0132,2026-01,11.1,999.0,1,1,Govt. Primary School Rajagopal,Amritsar,Tarn Taran,89,Secondary,Hindi
SCH0132,2026-02,33753.4,10888.0,4,3,Govt. Primary School Rajagopal,Amritsar,Tarn Taran,89,Secondary,Hindi
SCH0133,2025-04,39.2,6518.0,2,2,Govt. Primary School Thakur,Moga,Moga-I,250,Higher Secondary,Hindi
SCH0133,2025-05,12.7,381.0,1,1,Govt. Primary School Thakur,Moga,Moga-I,250,Higher Secondary,Hindi
SCH0133,2025-06,37.1,4452.0,1,1,Govt. Primary School Thakur,Moga,Moga-I,250,Higher Secondary,Hindi
SCH0133,2025-07,11.9,6008.0,3,2,Govt. Primary School Thakur,Moga,Moga-I,250,Higher Secondary,Hindi
SCH0133,2025-08,44.128,8058.0,2,2,Govt. Primary School Thakur,Moga,Moga-I,250,Higher Secondary,Hindi
SCH0133,2025-10,19400.0,2328.0,1,1,Govt. Primary School Thakur,Moga,Moga-I,250,Higher Secondary,Hindi
SCH0133,2025-11,53.864000000000004,5876.0,4,4,Govt. Primary School Thakur,Moga,Moga-I,250,Higher Secondary,Hindi
SCH0133,2026-01,22.912,2704.0,2,2,Govt. Primary School Thakur,Moga,Moga-I,250,Higher Secondary,Hindi
SCH0133,2026-02,0.0,4032.0,1,1,Govt. Primary School Thakur,Moga,Moga-I,250,Higher Secondary,Hindi
SCH0133,2026-03,105.4,18888.0,4,3,Govt. Primary School Thakur,Moga,Moga-I,250,Higher Secondary,Hindi
SCH0134,2025-04,59700.68,6210.0,4,3,Govt. Elementary School Suri,Bathinda,Rampura Phul,93,Upper Primary,Punjabi
SCH0134,2025-05,0.0,9768.0,3,3,Govt. Elementary School Suri,Bathinda,Rampura Phul,93,Upper Primary,Punjabi
SCH0134,2025-06,49800.36,6411.0,4,4,Govt. Elementary School Suri,Bathinda,Rampura Phul,93,Upper Primary,Punjabi
SCH0134,2025-07,0.0,2115.0,1,1,Govt. Elementary School Suri,Bathinda,Rampura Phul,93,Upper Primary,Punjabi
SCH0134,2025-08,33.102000000000004,8520.0,3,2,Govt. Elementary School Suri,Bathinda,Rampura Phul,93,Upper Primary,Punjabi
SCH0134,2025-09,52.4,2096.0,1,1,Govt. Elementary School Suri,Bathinda,Rampura Phul,93,Upper Primary,Punjabi
SCH0134,2025-10,33155.9,10680.0,2,2,Govt. Elementary School Suri,Bathinda,Rampura Phul,93,Upper Primary,Punjabi
SCH0134,2025-12,56200.0,6744.0,1,1,Govt. Elementary School Suri,Bathinda,Rampura Phul,93,Upper Primary,Punjabi
SCH0134,2026-01,16500.0,1485.0,1,1,Govt. Elementary School Suri,Bathinda,Rampura Phul,93,Upper Primary,Punjabi
SCH0134,2026-02,0.0,633.0,1,1,Govt. Elementary School Suri,Bathinda,Rampura Phul,93,Upper Primary,Punjabi
SCH0134,2026-03,24400.0,4611.0,2,2,Govt. Elementary School Suri,Bathinda,Rampura Phul,93,Upper Primary,Punjabi
SCH0135,2025-04,0.0,3396.0,1,1,Govt. Primary School Raghavan,Moga,Bagha Purana,98,Upper Primary,English
SCH0135,2025-05,22.183999999999997,3384.0,2,2,Govt. Primary School Raghavan,Moga,Bagha Purana,98,Upper Primary,English
SCH0135,2025-07,75.0,7579.0,3,2,Govt. Primary School Raghavan,Moga,Bagha Purana,98,Upper Primary,English
SCH0135,2025-08,54.05,9297.0,2,2,Govt. Primary School Raghavan,Moga,Bagha Purana,98,Upper Primary,English
SCH0135,2025-09,0.0,4284.0,1,1,Govt. Primary School Raghavan,Moga,Bagha Purana,98,Upper Primary,English
SCH0135,2025-10,0.0,792.0,1,1,Govt. Primary School Raghavan,Moga,Bagha Purana,98,Upper Primary,English
SCH0135,2025-11,0.0,676.0,1,1,Govt. Primary School Raghavan,Moga,Bagha Purana,98,Upper Primary,English
SCH0135,2025-12,1.19,0.0,1,1,Govt. Primary School Raghavan,Moga,Bagha Purana,98,Upper Primary,English
SCH0135,2026-01,0.0,2652.0,1,1,Govt. Primary School Raghavan,Moga,Bagha Purana,98,Upper Primary,English
SCH0135,2026-02,20.02,5084.0,3,3,Govt. Primary School Raghavan,Moga,Bagha Purana,98,Upper Primary,English
SCH0135,2026-03,0.0,408.0,1,1,Govt. Primary School Raghavan,Moga,Bagha Purana,98,Upper Primary,English
SCH0136,2025-04,1.438,8771.0,4,3,Govt. Middle School Banerjee,Ludhiana,Unknown,179,Secondary,Hindi
SCH0136,2025-05,110400.962,8593.0,4,4,Govt. Middle School Banerjee,Ludhiana,Unknown,179,Secondary,Hindi
SCH0136,2025-06,37700.0,1508.0,1,1,Govt. Middle School Banerjee,Ludhiana,Unknown,179,Secondary,Hindi
SCH0136,2025-07,27200.796000000002,5490.0,4,3,Govt. Middle School Banerjee,Ludhiana,Unknown,179,Secondary,Hindi
SCH0136,2025-09,0.0,7164.0,2,2,Govt. Middle School Banerjee,Ludhiana,Unknown,179,Secondary,Hindi
SCH0136,2025-10,1.636,14283.0,3,3,Govt. Middle School Banerjee,Ludhiana,Unknown,179,Secondary,Hindi
SCH0136,2025-11,0.0,1284.0,1,1,Govt. Middle School Banerjee,Ludhiana,Unknown,179,Secondary,Hindi
SCH0136,2025-12,28.1,5412.0,2,2,Govt. Middle School Banerjee,Ludhiana,Unknown,179,Secondary,Hindi
SCH0136,2026-01,0.8079999999999999,4668.0,2,2,Govt. Middle School Banerjee,Ludhiana,Unknown,179,Secondary,Hindi
SCH0136,2026-02,1.8820000000000001,6972.0,3,2,Govt. Middle School Banerjee,Ludhiana,Unknown,179,Secondary,Hindi
SCH0136,2026-03,0.0,848.0,1,1,Govt. Middle School Banerjee,Ludhiana,Unknown,179,Secondary,Hindi
SCH0137,2025-04,40764.1,3717.0,3,3,Govt. Senior Secondary School Dani,Ferozepur,Ferozepur,112,Primary,Punjabi
SCH0137,2025-05,0.8320000000000001,4980.0,2,2,Govt. Senior Secondary School Dani,Ferozepur,Ferozepur,112,Primary,Punjabi
SCH0137,2025-06,65.006,5865.0,3,2,Govt. Senior Secondary School Dani,Ferozepur,Ferozepur,112,Primary,Punjabi
SCH0137,2025-07,56700.292,11718.0,3,3,Govt. Senior Secondary School Dani,Ferozepur,Ferozepur,112,Primary,Punjabi
SCH0137,2025-09,40.5,1620.0,1,1,Govt. Senior Secondary School Dani,Ferozepur,Ferozepur,112,Primary,Punjabi
SCH0137,2025-10,82221.7,9184.0,4,3,Govt. Senior Secondary School Dani,Ferozepur,Ferozepur,112,Primary,Punjabi
SCH0137,2025-11,20.2,1304.0,2,2,Govt. Senior Secondary School Dani,Ferozepur,Ferozepur,112,Primary,Punjabi
SCH0137,2025-12,48.4,6328.0,2,2,Govt. Senior Secondary School Dani,Ferozepur,Ferozepur,112,Primary,Punjabi
SCH0137,2026-01,96947.2,19668.0,5,4,Govt. Senior Secondary School Dani,Ferozepur,Ferozepur,112,Primary,Punjabi
SCH0137,2026-02,1.166,5247.0,1,1,Govt. Senior Secondary School Dani,Ferozepur,Ferozepur,112,Primary,Punjabi
SCH0137,2026-03,0.0,1404.0,1,1,Govt. Senior Secondary School Dani,Ferozepur,Ferozepur,112,Primary,Punjabi
SCH0138,2025-04,18300.0,0.0,1,1,Govt. Primary School Gandhi,Moga,Moga-II,229,Secondary,Hindi
SCH0138,2025-05,2.29,13884.0,4,3,Govt. Primary School Gandhi,Moga,Moga-II,229,Secondary,Hindi
SCH0138,2025-09,38.8,1552.0,1,1,Govt. Primary School Gandhi,Moga,Moga-II,229,Secondary,Hindi
SCH0138,2025-10,50.5,2020.0,1,1,Govt. Primary School Gandhi,Moga,Moga-II,229,Secondary,Hindi
SCH0138,2025-11,46500.0,5580.0,1,1,Govt. Primary School Gandhi,Moga,Moga-II,229,Secondary,Hindi
SCH0138,2025-12,0.0,1515.0,1,1,Govt. Primary School Gandhi,Moga,Moga-II,229,Secondary,Hindi
SCH0138,2026-01,30655.8,2592.0,2,2,Govt. Primary School Gandhi,Moga,Moga-II,229,Secondary,Hindi
SCH0138,2026-02,0.0,1408.0,1,1,Govt. Primary School Gandhi,Moga,Moga-II,229,Secondary,Hindi
SCH0139,2025-04,0.866,3897.0,1,1,Govt. Elementary School Lata,Jalandhar,Jalandhar-I,385,Higher Secondary,Punjabi
SCH0139,2025-05,19.9,1579.0,2,2,Govt. Elementary School Lata,Jalandhar,Jalandhar-I,385,Higher Secondary,Punjabi
SCH0139,2025-06,40637.8,9408.0,2,2,Govt. Elementary School Lata,Jalandhar,Jalandhar-I,385,Higher Secondary,Punjabi
SCH0139,2025-08,26655.2,11652.0,3,3,Govt. Elementary School Lata,Jalandhar,Jalandhar-I,385,Higher Secondary,Punjabi
SCH0139,2025-09,111.2,4774.0,3,2,Govt. Elementary School Lata,Jalandhar,Jalandhar-I,385,Higher Secondary,Punjabi
SCH0139,2025-10,1.094,6564.0,1,1,Govt. Elementary School Lata,Jalandhar,Jalandhar-I,385,Higher Secondary,Punjabi
SCH0139,2025-11,14958.9,2363.0,2,2,Govt. Elementary School Lata,Jalandhar,Jalandhar-I,385,Higher Secondary,Punjabi
SCH0139,2025-12,0.0,6252.0,1,1,Govt. Elementary School Lata,Jalandhar,Jalandhar-I,385,Higher Secondary,Punjabi
SCH0139,2026-01,32124.354,9099.0,4,4,Govt. Elementary School Lata,Jalandhar,Jalandhar-I,385,Higher Secondary,Punjabi
SCH0139,2026-02,27701.6,4647.0,4,4,Govt. Elementary School Lata,Jalandhar,Jalandhar-I,385,Higher Secondary,Punjabi
SCH0139,2026-03,65.0,2790.0,2,2,Govt. Elementary School Lata,Jalandhar,Jalandhar-I,385,Higher Secondary,Punjabi
SCH0140,2025-04,34.5,3105.0,1,1,Govt. Middle School Garg,Bathinda,Maur,426,Secondary,Hindi
SCH0140,2025-05,55.0,6600.0,1,1,Govt. Middle School Garg,Bathinda,Maur,426,Secondary,Hindi
SCH0140,2025-06,36018.2,4878.0,2,2,Govt. Middle School Garg,Bathinda,Maur,426,Secondary,Hindi
SCH0140,2025-08,40.7,4128.0,2,2,Govt. Middle School Garg,Bathinda,Maur,426,Secondary,Hindi
SCH0140,2025-09,25400.0,2286.0,1,1,Govt. Middle School Garg,Bathinda,Maur,426,Secondary,Hindi
SCH0140,2025-10,36524.572,6576.0,3,3,Govt. Middle School Garg,Bathinda,Maur,426,Secondary,Hindi
SCH0140,2025-11,0.282,1269.0,1,1,Govt. Middle School Garg,Bathinda,Maur,426,Secondary,Hindi
SCH0140,2025-12,51216.6,7635.0,3,3,Govt. Middle School Garg,Bathinda,Maur,426,Secondary,Hindi
SCH0140,2026-01,42201.084,3856.0,2,2,Govt. Middle School Garg,Bathinda,Maur,426,Secondary,Hindi
SCH0140,2026-02,0.0,428.0,1,1,Govt. Middle School Garg,Bathinda,Maur,426,Secondary,Hindi
SCH0140,2026-03,18316.976,11376.0,5,4,Govt. Middle School Garg,Bathinda,Maur,426,Secondary,Hindi
SCH0141,2025-05,73.234,5480.0,4,4,Govt. Middle School Sane,Sangrur,Malerkotla,63,Primary,Hindi
SCH0141,2025-06,67959.808,11003.0,4,2,Govt. Middle School Sane,Sangrur,Malerkotla,63,Primary,Hindi
SCH0141,2025-07,1.126,2252.0,1,1,Govt. Middle School Sane,Sangrur,Malerkotla,63,Primary,Hindi
SCH0141,2025-08,110.1,4491.0,3,3,Govt. Middle School Sane,Sangrur,Malerkotla,63,Primary,Hindi
SCH0141,2025-09,42.1,5356.0,2,2,Govt. Middle School Sane,Sangrur,Malerkotla,63,Primary,Hindi
SCH0141,2025-10,61.660000000000004,8098.0,4,3,Govt. Middle School Sane,Sangrur,Malerkotla,63,Primary,Hindi
SCH0141,2025-11,22837.3,12904.0,4,4,Govt. Middle School Sane,Sangrur,Malerkotla,63,Primary,Hindi
SCH0141,2025-12,27800.504,7326.0,3,3,Govt. Middle School Sane,Sangrur,Malerkotla,63,Primary,Hindi
SCH0141,2026-01,0.412,1854.0,1,1,Govt. Middle School Sane,Sangrur,Malerkotla,63,Primary,Hindi
SCH0141,2026-02,58.8,5079.0,2,1,Govt. Middle School Sane,Sangrur,Malerkotla,63,Primary,Hindi
SCH0141,2026-03,1.4700000000000002,4209.0,3,3,Govt. Middle School Sane,Sangrur,Malerkotla,63,Primary,Hindi
SCH0142,2025-04,45.038000000000004,8172.0,3,2,Govt. Senior Secondary School Badami,Bathinda,Rampura Phul,207,Higher Secondary,Hindi
SCH0142,2025-05,57.1,5139.0,1,1,Govt. Senior Secondary School Badami,Bathinda,Rampura Phul,207,Higher Secondary,Hindi
SCH0142,2025-07,45.6,1368.0,1,1,Govt. Senior Secondary School Badami,Bathinda,Rampura Phul,207,Higher Secondary,Hindi
SCH0142,2025-08,0.7959999999999999,1592.0,1,1,Govt. Senior Secondary School Badami,Bathinda,Rampura Phul,207,Higher Secondary,Hindi
SCH0142,2025-09,0.804,7164.0,2,2,Govt. Senior Secondary School Badami,Bathinda,Rampura Phul,207,Higher Secondary,Hindi
SCH0142,2025-10,0.446,5428.0,2,2,Govt. Senior Secondary School Badami,Bathinda,Rampura Phul,207,Higher Secondary,Hindi
SCH0142,2025-11,24100.0,6417.0,2,2,Govt. Senior Secondary School Badami,Bathinda,Rampura Phul,207,Higher Secondary,Hindi
SCH0142,2025-12,1.002,7640.0,2,2,Govt. Senior Secondary School Badami,Bathinda,Rampura Phul,207,Higher Secondary,Hindi
SCH0142,2026-01,1.092,2184.0,1,1,Govt. Senior Secondary School Badami,Bathinda,Rampura Phul,207,Higher Secondary,Hindi
SCH0142,2026-02,63.8,10647.0,3,3,Govt. Senior Secondary School Badami,Bathinda,Rampura Phul,207,Higher Secondary,Hindi
SCH0142,2026-03,0.0,4689.0,2,2,Govt. Senior Secondary School Badami,Bathinda,Rampura Phul,207,Higher Secondary,Hindi
SCH0143,2025-04,76.2,15787.0,4,3,Govt. Elementary School Venkataraman,Patiala,Samana,76,Primary,English
SCH0143,2025-05,13.4,536.0,1,1,Govt. Elementary School Venkataraman,Patiala,Samana,76,Primary,English
SCH0143,2025-06,44700.0,1341.0,1,1,Govt. Elementary School Venkataraman,Patiala,Samana,76,Primary,English
SCH0143,2025-07,41942.992,7768.0,4,4,Govt. Elementary School Venkataraman,Patiala,Samana,76,Primary,English
SCH0143,2025-09,0.0,3015.0,1,1,Govt. Elementary School Venkataraman,Patiala,Samana,76,Primary,English
SCH0143,2025-10,0.404,1818.0,1,1,Govt. Elementary School Venkataraman,Patiala,Samana,76,Primary,English
SCH0143,2025-11,69.9,3911.0,2,1,Govt. Elementary School Venkataraman,Patiala,Samana,76,Primary,English
SCH0143,2025-12,31.3,3756.0,1,1,Govt. Elementary School Venkataraman,Patiala,Samana,76,Primary,English
SCH0143,2026-01,0.0,2340.0,1,1,Govt. Elementary School Venkataraman,Patiala,Samana,76,Primary,English
SCH0143,2026-02,22.9,2061.0,1,1,Govt. Elementary School Venkataraman,Patiala,Samana,76,Primary,English
SCH0143,2026-03,0.0,2796.0,1,1,Govt. Elementary School Venkataraman,Patiala,Samana,76,Primary,English
SCH0144,2025-04,114251.5,13912.0,6,5,Govt. Primary School Bakshi,Ferozepur,Mamdot,403,Secondary,Hindi
SCH0144,2025-05,40601.628,8706.0,3,2,Govt. Primary School Bakshi,Ferozepur,Mamdot,403,Secondary,Hindi
SCH0144,2025-06,90101.106,9512.0,3,3,Govt. Primary School Bakshi,Ferozepur,Mamdot,403,Secondary,Hindi
SCH0144,2025-07,58.978,14543.0,4,3,Govt. Primary School Bakshi,Ferozepur,Mamdot,403,Secondary,Hindi
SCH0144,2025-08,0.0,483.0,1,1,Govt. Primary School Bakshi,Ferozepur,Mamdot,403,Secondary,Hindi
SCH0144,2025-09,24.028,6072.0,3,2,Govt. Primary School Bakshi,Ferozepur,Mamdot,403,Secondary,Hindi
SCH0144,2025-10,46.0,3824.0,2,2,Govt. Primary School Bakshi,Ferozepur,Mamdot,403,Secondary,Hindi
SCH0144,2025-11,1.048,3038.0,3,2,Govt. Primary School Bakshi,Ferozepur,Mamdot,403,Secondary,Hindi
SCH0144,2025-12,25434.3,3658.0,2,2,Govt. Primary School Bakshi,Ferozepur,Mamdot,403,Secondary,Hindi
SCH0144,2026-01,0.3,1800.0,1,1,Govt. Primary School Bakshi,Ferozepur,Mamdot,403,Secondary,Hindi
SCH0144,2026-03,0.0,2236.0,2,2,Govt. Primary School Bakshi,Ferozepur,Mamdot,403,Secondary,Hindi
SCH0145,2025-04,0.0,2172.0,1,1,Govt. Elementary School Kashyap,Sangrur,Malerkotla,85,Primary,Punjabi
SCH0145,2025-05,87.26599999999999,5954.0,3,3,Govt. Elementary School Kashyap,Sangrur,Malerkotla,85,Primary,Punjabi
SCH0145,2025-06,0.0,4311.0,1,1,Govt. Elementary School Kashyap,Sangrur,Malerkotla,85,Primary,Punjabi
SCH0145,2025-07,54.1,1623.0,1,1,Govt. Elementary School Kashyap,Sangrur,Malerkotla,85,Primary,Punjabi
SCH0145,2025-08,20.0,800.0,1,1,Govt. Elementary School Kashyap,Sangrur,Malerkotla,85,Primary,Punjabi
SCH0145,2025-09,52446.5,6281.0,2,2,Govt. Elementary School Kashyap,Sangrur,Malerkotla,85,Primary,Punjabi
SCH0145,2025-10,0.738,1107.0,1,1,Govt. Elementary School Kashyap,Sangrur,Malerkotla,85,Primary,Punjabi
SCH0145,2025-11,42.7,4843.0,2,2,Govt. Elementary School Kashyap,Sangrur,Malerkotla,85,Primary,Punjabi
SCH0145,2026-03,41700.0,1668.0,1,1,Govt. Elementary School Kashyap,Sangrur,Malerkotla,85,Primary,Punjabi
SCH0146,2025-04,0.0,2136.0,1,1,Govt. Primary School Sundaram,Bathinda,Rampura Phul,153,Upper Primary,Hindi
SCH0146,2025-05,17897.2,8940.0,3,3,Govt. Primary School Sundaram,Bathinda,Rampura Phul,153,Upper Primary,Hindi
SCH0146,2025-06,1.048,4716.0,1,1,Govt. Primary School Sundaram,Bathinda,Rampura Phul,153,Upper Primary,Hindi
SCH0146,2025-07,52534.0,3060.0,2,2,Govt. Primary School Sundaram,Bathinda,Rampura Phul,153,Upper Primary,Hindi
SCH0146,2025-09,0.0,1323.0,1,1,Govt. Primary School Sundaram,Bathinda,Rampura Phul,153,Upper Primary,Hindi
SCH0146,2025-10,59.8,7176.0,1,1,Govt. Primary School Sundaram,Bathinda,Rampura Phul,153,Upper Primary,Hindi
SCH0146,2025-11,22.8,912.0,1,1,Govt. Primary School Sundaram,Bathinda,Rampura Phul,153,Upper Primary,Hindi
SCH0146,2025-12,39800.0,3219.0,2,2,Govt. Primary School Sundaram,Bathinda,Rampura Phul,153,Upper Primary,Hindi
SCH0146,2026-01,76300.94,16858.0,5,5,Govt. Primary School Sundaram,Bathinda,Rampura Phul,153,Upper Primary,Hindi
SCH0146,2026-02,46.099999999999994,2700.0,2,2,Govt. Primary School Sundaram,Bathinda,Rampura Phul,153,Upper Primary,Hindi
SCH0146,2026-03,0.0,7413.0,2,2,Govt. Primary School Sundaram,Bathinda,Rampura Phul,153,Upper Primary,Hindi
SCH0147,2025-04,70.3,2109.0,2,2,Govt. Senior Secondary School Das,Moga,Bagha Purana,412,Upper Primary,Hindi
SCH0147,2025-05,0.0,2952.0,1,1,Govt. Senior Secondary School Das,Moga,Bagha Purana,412,Upper Primary,Hindi
SCH0147,2025-06,0.348,5459.0,4,4,Govt. Senior Secondary School Das,Moga,Bagha Purana,412,Upper Primary,Hindi
SCH0147,2025-07,48000.0,0.0,1,1,Govt. Senior Secondary School Das,Moga,Bagha Purana,412,Upper Primary,Hindi
SCH0147,2025-08,106600.0,6336.0,2,2,Govt. Senior Secondary School Das,Moga,Bagha Purana,412,Upper Primary,Hindi
SCH0147,2025-09,0.564,2538.0,1,1,Govt. Senior Secondary School Das,Moga,Bagha Purana,412,Upper Primary,Hindi
SCH0147,2025-10,36557.2,9352.0,3,3,Govt. Senior Secondary School Das,Moga,Bagha Purana,412,Upper Primary,Hindi
SCH0147,2026-01,35800.0,3243.0,2,2,Govt. Senior Secondary School Das,Moga,Bagha Purana,412,Upper Primary,Hindi
SCH0147,2026-02,18.7,2244.0,1,1,Govt. Senior Secondary School Das,Moga,Bagha Purana,412,Upper Primary,Hindi
SCH0147,2026-03,10849.2,8291.0,5,4,Govt. Senior Secondary School Das,Moga,Bagha Purana,412,Upper Primary,Hindi
SCH0148,2025-04,18.7,561.0,1,1,Govt. Elementary School Sastry,Jalandhar,Jalandhar-I,130,Higher Secondary,Hindi
SCH0148,2025-05,31936.046,6628.0,3,3,Govt. Elementary School Sastry,Jalandhar,Jalandhar-I,130,Higher Secondary,Hindi
SCH0148,2025-07,35.4,2550.0,2,2,Govt. Elementary School Sastry,Jalandhar,Jalandhar-I,130,Higher Secondary,Hindi
SCH0148,2025-08,1.144,5148.0,1,1,Govt. Elementary School Sastry,Jalandhar,Jalandhar-I,130,Higher Secondary,Hindi
SCH0148,2025-10,18.022000000000002,3159.0,2,2,Govt. Elementary School Sastry,Jalandhar,Jalandhar-I,130,Higher Secondary,Hindi
SCH0148,2025-11,54.8,1644.0,1,1,Govt. Elementary School Sastry,Jalandhar,Jalandhar-I,130,Higher Secondary,Hindi
SCH0148,2025-12,0.0,705.0,1,1,Govt. Elementary School Sastry,Jalandhar,Jalandhar-I,130,Higher Secondary,Hindi
SCH0148,2026-01,50.2,8074.0,3,3,Govt. Elementary School Sastry,Jalandhar,Jalandhar-I,130,Higher Secondary,Hindi
SCH0148,2026-02,0.0,528.0,1,1,Govt. Elementary School Sastry,Jalandhar,Jalandhar-I,130,Higher Secondary,Hindi
SCH0148,2026-03,0.0,2268.0,1,1,Govt. Elementary School Sastry,Jalandhar,Jalandhar-I,130,Higher Secondary,Hindi
SCH0149,2025-04,25363.3,6477.0,4,4,Govt. Middle School Uppal,Moga,Bagha Purana,117,Higher Secondary,Hindi
SCH0149,2025-05,14200.784,3528.0,2,2,Govt. Middle School Uppal,Moga,Bagha Purana,117,Higher Secondary,Hindi
SCH0149,2025-06,34200.76,6245.0,3,3,Govt. Middle School Uppal,Moga,Bagha Purana,117,Higher Secondary,Hindi
SCH0149,2025-07,102644.2,17616.0,3,3,Govt. Middle School Uppal,Moga,Bagha Purana,117,Higher Secondary,Hindi
SCH0149,2025-08,49.8,4482.0,1,1,Govt. Middle School Uppal,Moga,Bagha Purana,117,Higher Secondary,Hindi
SCH0149,2025-09,0.698,4188.0,1,1,Govt. Middle School Uppal,Moga,Bagha Purana,117,Higher Secondary,Hindi
SCH0149,2025-10,0.244,4853.0,2,2,Govt. Middle School Uppal,Moga,Bagha Purana,117,Higher Secondary,Hindi
SCH0149,2025-11,0.0,5085.0,1,1,Govt. Middle School Uppal,Moga,Bagha Purana,117,Higher Secondary,Hindi
SCH0149,2025-12,16100.0,1932.0,1,1,Govt. Middle School Uppal,Moga,Bagha Purana,117,Higher Secondary,Hindi
SCH0149,2026-02,43.7,3396.0,3,2,Govt. Middle School Uppal,Moga,Bagha Purana,117,Higher Secondary,Hindi
SCH0149,2026-03,47735.4,6714.0,3,3,Govt. Middle School Uppal,Moga,Bagha Purana,117,Higher Secondary,Hindi
SCH0150,2025-05,15100.0,2400.0,2,2,Govt. Primary School Parikh,Ludhiana,Doraha,299,Higher Secondary,English
SCH0150,2025-06,16923.6,2972.0,2,2,Govt. Primary School Parikh,Ludhiana,Doraha,299,Higher Secondary,English
SCH0150,2025-07,24500.496,8735.0,4,4,Govt. Primary School Parikh,Ludhiana,Doraha,299,Higher Secondary,English
SCH0150,2025-09,0.0,2900.0,3,3,Govt. Primary School Parikh,Ludhiana,Doraha,299,Higher Secondary,English
SCH0150,2025-12,56600.0,4210.0,3,3,Govt. Primary School Parikh,Ludhiana,Doraha,299,Higher Secondary,English
SCH0150,2026-01,39200.0,1568.0,1,1,Govt. Primary School Parikh,Ludhiana,Doraha,299,Higher Secondary,English
SCH0150,2026-02,1.98,3952.0,4,4,Govt. Primary School Parikh,Ludhiana,Doraha,299,Higher Secondary,English
SCH0150,2026-03,47936.1,17014.0,6,5,Govt. Primary School Parikh,Ludhiana,Doraha,299,Higher Secondary,English
SCH0151,2025-04,12.26,4053.0,3,3,Govt. Primary School Dugar,Amritsar,Amritsar-I,354,Higher Secondary,Hindi
SCH0151,2025-05,10800.0,5856.0,3,3,Govt. Primary School Dugar,Amritsar,Amritsar-I,354,Higher Secondary,Hindi
SCH0151,2025-06,12.7,2880.0,2,1,Govt. Primary School Dugar,Amritsar,Amritsar-I,354,Higher Secondary,Hindi
SCH0151,2025-07,44.5,4768.0,2,2,Govt. Primary School Dugar,Amritsar,Amritsar-I,354,Higher Secondary,Hindi
SCH0151,2025-08,0.0,1443.0,1,1,Govt. Primary School Dugar,Amritsar,Amritsar-I,354,Higher Secondary,Hindi
SCH0151,2025-09,23.2,3444.0,3,3,Govt. Primary School Dugar,Amritsar,Amritsar-I,354,Higher Secondary,Hindi
SCH0151,2025-10,36.8,4416.0,1,1,Govt. Primary School Dugar,Amritsar,Amritsar-I,354,Higher Secondary,Hindi
SCH0151,2025-11,30400.0,2412.0,2,2,Govt. Primary School Dugar,Amritsar,Amritsar-I,354,Higher Secondary,Hindi
SCH0151,2025-12,107.1,11115.0,2,2,Govt. Primary School Dugar,Amritsar,Amritsar-I,354,Higher Secondary,Hindi
SCH0151,2026-01,54232.1,7767.0,2,2,Govt. Primary School Dugar,Amritsar,Amritsar-I,354,Higher Secondary,Hindi
SCH0151,2026-02,0.37,2367.0,2,2,Govt. Primary School Dugar,Amritsar,Amritsar-I,354,Higher Secondary,Hindi
SCH0151,2026-03,64.6,5814.0,2,2,Govt. Primary School Dugar,Amritsar,Amritsar-I,354,Higher Secondary,Hindi
SCH0152,2025-04,0.99,1485.0,1,1,Govt. Elementary School Dass,Patiala,Samana,349,Upper Primary,English
SCH0152,2025-06,1.118,2236.0,2,1,Govt. Elementary School Dass,Patiala,Samana,349,Upper Primary,English
SCH0152,2025-07,0.5539999999999999,7212.0,2,2,Govt. Elementary School Dass,Patiala,Samana,349,Upper Primary,English
SCH0152,2025-09,25.062,9892.0,3,3,Govt. Elementary School Dass,Patiala,Samana,349,Upper Primary,English
SCH0152,2025-10,18300.0,549.0,1,1,Govt. Elementary School Dass,Patiala,Samana,349,Upper Primary,English
SCH0152,2025-11,19.8,1782.0,1,1,Govt. Elementary School Dass,Patiala,Samana,349,Upper Primary,English
SCH0152,2025-12,16400.0,2028.0,2,2,Govt. Elementary School Dass,Patiala,Samana,349,Upper Primary,English
SCH0152,2026-01,0.7659999999999999,1149.0,1,1,Govt. Elementary School Dass,Patiala,Samana,349,Upper Primary,English
SCH0152,2026-02,45800.0,6160.0,2,2,Govt. Elementary School Dass,Patiala,Samana,349,Upper Primary,English
SCH0153,2025-04,28300.838,10080.0,3,3,Govt. Senior Secondary School Vohra,Amritsar,Amritsar-II,60,Higher Secondary,English
SCH0153,2025-05,42800.388,3612.0,2,2,Govt. Senior Secondary School Vohra,Amritsar,Amritsar-II,60,Higher Secondary,English
SCH0153,2025-06,0.0,1599.0,1,1,Govt. Senior Secondary School Vohra,Amritsar,Amritsar-II,60,Higher Secondary,English
SCH0153,2025-07,50.4,4536.0,2,2,Govt. Senior Secondary School Vohra,Amritsar,Amritsar-II,60,Higher Secondary,English
SCH0153,2025-10,56.522,9507.0,2,2,Govt. Senior Secondary School Vohra,Amritsar,Amritsar-II,60,Higher Secondary,English
SCH0153,2025-11,40800.0,6276.0,2,2,Govt. Senior Secondary School Vohra,Amritsar,Amritsar-II,60,Higher Secondary,English
SCH0153,2025-12,78.0,7120.0,2,2,Govt. Senior Secondary School Vohra,Amritsar,Amritsar-II,60,Higher Secondary,English
SCH0153,2026-01,92000.0,9766.0,3,3,Govt. Senior Secondary School Vohra,Amritsar,Amritsar-II,60,Higher Secondary,English
SCH0153,2026-02,51.922,7641.0,2,1,Govt. Senior Secondary School Vohra,Amritsar,Amritsar-II,60,Higher Secondary,English
SCH0154,2025-04,37038.1,1524.0,2,2,Govt. Middle School Chakraborty,Ferozepur,Unknown,436,Primary,Punjabi
SCH0154,2025-05,24300.0,3691.0,2,2,Govt. Middle School Chakraborty,Ferozepur,Unknown,436,Primary,Punjabi
SCH0154,2025-06,17300.0,3581.0,3,3,Govt. Middle School Chakraborty,Ferozepur,Unknown,436,Primary,Punjabi
SCH0154,2025-08,1.166,2332.0,1,1,Govt. Middle School Chakraborty,Ferozepur,Unknown,436,Primary,Punjabi
SCH0154,2025-09,0.536,0.0,1,1,Govt. Middle School Chakraborty,Ferozepur,Unknown,436,Primary,Punjabi
SCH0154,2025-11,35300.832,4803.0,2,2,Govt. Middle School Chakraborty,Ferozepur,Unknown,436,Primary,Punjabi
SCH0154,2025-12,0.0,604.0,1,1,Govt. Middle School Chakraborty,Ferozepur,Unknown,436,Primary,Punjabi
SCH0154,2026-01,19533.0,4926.0,3,3,Govt. Middle School Chakraborty,Ferozepur,Unknown,436,Primary,Punjabi
SCH0154,2026-02,59858.4,1794.0,2,2,Govt. Middle School Chakraborty,Ferozepur,Unknown,436,Primary,Punjabi
SCH0154,2026-03,54.628,8802.0,3,2,Govt. Middle School Chakraborty,Ferozepur,Unknown,436,Primary,Punjabi
SCH0155,2025-04,44900.0,4041.0,1,1,Govt. Senior Secondary School Chander,Ferozepur,Makhu,169,Upper Primary,English
SCH0155,2025-05,0.752,3384.0,1,1,Govt. Senior Secondary School Chander,Ferozepur,Makhu,169,Upper Primary,English
SCH0155,2025-06,30.12,7896.0,3,3,Govt. Senior Secondary School Chander,Ferozepur,Makhu,169,Upper Primary,English
SCH0155,2025-07,46893.560000000005,17649.0,5,5,Govt. Senior Secondary School Chander,Ferozepur,Makhu,169,Upper Primary,English
SCH0155,2025-08,0.0,2392.0,1,1,Govt. Senior Secondary School Chander,Ferozepur,Makhu,169,Upper Primary,English
SCH0155,2025-09,43.1,9946.0,3,3,Govt. Senior Secondary School Chander,Ferozepur,Makhu,169,Upper Primary,English
SCH0155,2025-11,0.362,3037.0,3,3,Govt. Senior Secondary School Chander,Ferozepur,Makhu,169,Upper Primary,English
SCH0155,2025-12,40000.864,16819.0,5,5,Govt. Senior Secondary School Chander,Ferozepur,Makhu,169,Upper Primary,English
SCH0155,2026-01,0.0,4104.0,1,1,Govt. Senior Secondary School Chander,Ferozepur,Makhu,169,Upper Primary,English
SCH0155,2026-03,29.3,2637.0,1,1,Govt. Senior Secondary School Chander,Ferozepur,Makhu,169,Upper Primary,English
SCH0156,2025-04,47.5,1425.0,1,1,Govt. Elementary School Barad,Ferozepur,Zira,344,Primary,English
SCH0156,2025-05,16.8,4356.0,2,2,Govt. Elementary School Barad,Ferozepur,Zira,344,Primary,English
SCH0156,2025-06,0.388,3323.0,2,2,Govt. Elementary School Barad,Ferozepur,Zira,344,Primary,English
SCH0156,2025-07,0.7040000000000001,5607.0,2,2,Govt. Elementary School Barad,Ferozepur,Zira,344,Primary,English
SCH0156,2025-09,64200.0,3893.0,2,2,Govt. Elementary School Barad,Ferozepur,Zira,344,Primary,English
SCH0156,2025-10,33648.9,9384.0,3,3,Govt. Elementary School Barad,Ferozepur,Zira,344,Primary,English
SCH0156,2025-11,0.0,1256.0,1,1,Govt. Elementary School Barad,Ferozepur,Zira,344,Primary,English
SCH0156,2026-01,54.996,3740.0,3,3,Govt. Elementary School Barad,Ferozepur,Zira,344,Primary,English
SCH0156,2026-02,53.4,9432.0,2,2,Govt. Elementary School Barad,Ferozepur,Zira,344,Primary,English
SCH0156,2026-03,49740.8,2715.0,2,2,Govt. Elementary School Barad,Ferozepur,Zira,344,Primary,English
SCH0157,2025-04,27.7,3324.0,1,1,Govt. Middle School Keer,Jalandhar,Jalandhar-I,370,Secondary,Hindi
SCH0157,2025-05,34.4,4128.0,1,1,Govt. Middle School Keer,Jalandhar,Jalandhar-I,370,Secondary,Hindi
SCH0157,2025-06,1.416,2724.0,2,2,Govt. Middle School Keer,Jalandhar,Jalandhar-I,370,Secondary,Hindi
SCH0157,2025-07,0.0,5211.0,1,1,Govt. Middle School Keer,Jalandhar,Jalandhar-I,370,Secondary,Hindi
SCH0157,2025-09,54800.0,1644.0,1,1,Govt. Middle School Keer,Jalandhar,Jalandhar-I,370,Secondary,Hindi
SCH0157,2025-10,20.2,0.0,1,1,Govt. Middle School Keer,Jalandhar,Jalandhar-I,370,Secondary,Hindi
SCH0157,2025-11,0.0,2736.0,1,1,Govt. Middle School Keer,Jalandhar,Jalandhar-I,370,Secondary,Hindi
SCH0157,2026-01,0.0,1528.0,1,1,Govt. Middle School Keer,Jalandhar,Jalandhar-I,370,Secondary,Hindi
SCH0158,2025-04,58647.636,11785.0,5,4,Govt. Middle School Tella,Moga,Nihal Singh Wala,138,Upper Primary,Punjabi
SCH0158,2025-05,0.0,716.0,1,1,Govt. Middle School Tella,Moga,Nihal Singh Wala,138,Upper Primary,Punjabi
SCH0158,2025-06,21.994,9036.0,2,2,Govt. Middle School Tella,Moga,Nihal Singh Wala,138,Upper Primary,Punjabi
SCH0158,2025-07,82.3,2469.0,2,2,Govt. Middle School Tella,Moga,Nihal Singh Wala,138,Upper Primary,Punjabi
SCH0158,2025-08,0.63,1971.0,2,2,Govt. Middle School Tella,Moga,Nihal Singh Wala,138,Upper Primary,Punjabi
SCH0158,2025-10,19500.0,1821.0,2,1,Govt. Middle School Tella,Moga,Nihal Singh Wala,138,Upper Primary,Punjabi
SCH0158,2026-01,46.732,6262.0,3,3,Govt. Middle School Tella,Moga,Nihal Singh Wala,138,Upper Primary,Punjabi
SCH0158,2026-02,31100.0,8154.0,2,2,Govt. Middle School Tella,Moga,Nihal Singh Wala,138,Upper Primary,Punjabi
SCH0158,2026-03,52250.336,4760.0,3,3,Govt. Middle School Tella,Moga,Nihal Singh Wala,138,Upper Primary,Punjabi
SCH0159,2025-04,28100.0,1251.0,2,2,Govt. Senior Secondary School Gade,Ludhiana,Doraha,432,Higher Secondary,Hindi
SCH0159,2025-05,58535.404,15447.0,6,5,Govt. Senior Secondary School Gade,Ludhiana,Doraha,432,Higher Secondary,Hindi
SCH0159,2025-06,13.7,1233.0,1,1,Govt. Senior Secondary School Gade,Ludhiana,Doraha,432,Higher Secondary,Hindi
SCH0159,2025-07,0.674,1011.0,1,1,Govt. Senior Secondary School Gade,Ludhiana,Doraha,432,Higher Secondary,Hindi
SCH0159,2025-08,39382.42,17802.0,5,3,Govt. Senior Secondary School Gade,Ludhiana,Doraha,432,Higher Secondary,Hindi
SCH0159,2025-09,11900.0,3596.0,2,2,Govt. Senior Secondary School Gade,Ludhiana,Doraha,432,Higher Secondary,Hindi
SCH0159,2025-10,33600.0,1344.0,1,1,Govt. Senior Secondary School Gade,Ludhiana,Doraha,432,Higher Secondary,Hindi
SCH0159,2025-11,24.5,980.0,1,1,Govt. Senior Secondary School Gade,Ludhiana,Doraha,432,Higher Secondary,Hindi
SCH0159,2025-12,13700.89,10997.0,4,3,Govt. Senior Secondary School Gade,Ludhiana,Doraha,432,Higher Secondary,Hindi
SCH0159,2026-01,72.02199999999999,9102.0,4,4,Govt. Senior Secondary School Gade,Ludhiana,Doraha,432,Higher Secondary,Hindi
SCH0159,2026-02,0.514,7569.0,2,2,Govt. Senior Secondary School Gade,Ludhiana,Doraha,432,Higher Secondary,Hindi
SCH0160,2025-04,49.3,1479.0,1,1,Govt. Middle School Munshi,Jalandhar,Phillaur,62,Upper Primary,Punjabi
SCH0160,2025-05,0.0,4356.0,1,1,Govt. Middle School Munshi,Jalandhar,Phillaur,62,Upper Primary,Punjabi
SCH0160,2025-06,0.0,616.0,1,1,Govt. Middle School Munshi,Jalandhar,Phillaur,62,Upper Primary,Punjabi
SCH0160,2025-07,51200.0,4608.0,1,1,Govt. Middle School Munshi,Jalandhar,Phillaur,62,Upper Primary,Punjabi
SCH0160,2025-10,66807.258,19163.0,7,6,Govt. Middle School Munshi,Jalandhar,Phillaur,62,Upper Primary,Punjabi
SCH0160,2025-11,105449.39199999999,20917.0,6,5,Govt. Middle School Munshi,Jalandhar,Phillaur,62,Upper Primary,Punjabi
SCH0160,2025-12,114.916,10815.0,4,4,Govt. Middle School Munshi,Jalandhar,Phillaur,62,Upper Primary,Punjabi
SCH0160,2026-01,41800.0,3762.0,1,1,Govt. Middle School Munshi,Jalandhar,Phillaur,62,Upper Primary,Punjabi
SCH0160,2026-02,0.948,4266.0,1,1,Govt. Middle School Munshi,Jalandhar,Phillaur,62,Upper Primary,Punjabi
SCH0161,2025-05,75100.0,4436.0,2,2,Govt. Senior Secondary School Mand,Patiala,Nabha,198,Higher Secondary,Hindi
SCH0161,2025-07,0.856,5526.0,4,3,Govt. Senior Secondary School Mand,Patiala,Nabha,198,Higher Secondary,Hindi
SCH0161,2025-08,45500.0,1820.0,2,2,Govt. Senior Secondary School Mand,Patiala,Nabha,198,Higher Secondary,Hindi
SCH0161,2025-09,39200.848,2840.0,2,2,Govt. Senior Secondary School Mand,Patiala,Nabha,198,Higher Secondary,Hindi
SCH0161,2025-10,28.304,6093.0,2,2,Govt. Senior Secondary School Mand,Patiala,Nabha,198,Higher Secondary,Hindi
SCH0161,2025-11,0.0,2292.0,1,1,Govt. Senior Secondary School Mand,Patiala,Nabha,198,Higher Secondary,Hindi
SCH0161,2025-12,25000.0,750.0,1,1,Govt. Senior Secondary School Mand,Patiala,Nabha,198,Higher Secondary,Hindi
SCH0161,2026-01,57.1,10620.0,3,3,Govt. Senior Secondary School Mand,Patiala,Nabha,198,Higher Secondary,Hindi
SCH0161,2026-02,38.906,5779.0,3,3,Govt. Senior Secondary School Mand,Patiala,Nabha,198,Higher Secondary,Hindi
SCH0161,2026-03,19100.0,2292.0,1,1,Govt. Senior Secondary School Mand,Patiala,Nabha,198,Higher Secondary,Hindi
SCH0162,2025-04,0.0,6480.0,1,1,Govt. Elementary School Deshpande,Sangrur,Dhuri,433,Higher Secondary,Hindi
SCH0162,2025-06,1.7879999999999998,5373.0,2,2,Govt. Elementary School Deshpande,Sangrur,Dhuri,433,Higher Secondary,Hindi
SCH0162,2025-07,0.662,2979.0,1,1,Govt. Elementary School Deshpande,Sangrur,Dhuri,433,Higher Secondary,Hindi
SCH0162,2025-08,54.7,4923.0,1,1,Govt. Elementary School Deshpande,Sangrur,Dhuri,433,Higher Secondary,Hindi
SCH0162,2025-09,11800.938,5982.0,2,2,Govt. Elementary School Deshpande,Sangrur,Dhuri,433,Higher Secondary,Hindi
SCH0162,2025-10,81.88,7620.0,3,3,Govt. Elementary School Deshpande,Sangrur,Dhuri,433,Higher Secondary,Hindi
SCH0162,2025-11,0.0,0.0,1,1,Govt. Elementary School Deshpande,Sangrur,Dhuri,433,Higher Secondary,Hindi
SCH0162,2025-12,80200.0,7218.0,2,2,Govt. Elementary School Deshpande,Sangrur,Dhuri,433,Higher Secondary,Hindi
SCH0162,2026-01,19.6,2352.0,1,1,Govt. Elementary School Deshpande,Sangrur,Dhuri,433,Higher Secondary,Hindi
SCH0162,2026-02,0.0,807.0,1,1,Govt. Elementary School Deshpande,Sangrur,Dhuri,433,Higher Secondary,Hindi
SCH0163,2025-04,0.0,1976.0,1,1,Govt. Primary School Ratta,Jalandhar,Nakodar,66,Secondary,Hindi
SCH0163,2025-05,49.6,10248.0,2,1,Govt. Primary School Ratta,Jalandhar,Nakodar,66,Secondary,Hindi
SCH0163,2025-06,46000.342,3432.0,2,2,Govt. Primary School Ratta,Jalandhar,Nakodar,66,Secondary,Hindi
SCH0163,2025-07,90700.0,6828.0,2,2,Govt. Primary School Ratta,Jalandhar,Nakodar,66,Secondary,Hindi
SCH0163,2025-08,53.2,9639.0,2,2,Govt. Primary School Ratta,Jalandhar,Nakodar,66,Secondary,Hindi
SCH0163,2025-09,0.778,6883.0,5,4,Govt. Primary School Ratta,Jalandhar,Nakodar,66,Secondary,Hindi
SCH0163,2025-10,50.2,4518.0,1,1,Govt. Primary School Ratta,Jalandhar,Nakodar,66,Secondary,Hindi
SCH0163,2025-11,41.8,1672.0,1,1,Govt. Primary School Ratta,Jalandhar,Nakodar,66,Secondary,Hindi
SCH0163,2025-12,42800.0,1712.0,1,1,Govt. Primary School Ratta,Jalandhar,Nakodar,66,Secondary,Hindi
SCH0163,2026-01,25437.4,5504.0,2,2,Govt. Primary School Ratta,Jalandhar,Nakodar,66,Secondary,Hindi
SCH0163,2026-02,29.6,2664.0,1,1,Govt. Primary School Ratta,Jalandhar,Nakodar,66,Secondary,Hindi
SCH0163,2026-03,31200.74,3918.0,2,2,Govt. Primary School Ratta,Jalandhar,Nakodar,66,Secondary,Hindi
SCH0164,2025-04,164.2,2989.0,5,3,Govt. Senior Secondary School Barad,Amritsar,Ajnala,82,Secondary,Punjabi
SCH0164,2025-06,85.2,5632.0,3,2,Govt. Senior Secondary School Barad,Amritsar,Ajnala,82,Secondary,Punjabi
SCH0164,2025-07,0.0,4752.0,1,1,Govt. Senior Secondary School Barad,Amritsar,Ajnala,82,Secondary,Punjabi
SCH0164,2025-08,0.0,6876.0,2,2,Govt. Senior Secondary School Barad,Amritsar,Ajnala,82,Secondary,Punjabi
SCH0164,2025-09,44812.3,5829.0,3,2,Govt. Senior Secondary School Barad,Amritsar,Ajnala,82,Secondary,Punjabi
SCH0164,2025-10,0.0,9866.0,2,1,Govt. Senior Secondary School Barad,Amritsar,Ajnala,82,Secondary,Punjabi
SCH0164,2025-11,45000.0,7520.0,2,2,Govt. Senior Secondary School Barad,Amritsar,Ajnala,82,Secondary,Punjabi
SCH0164,2025-12,39450.642,4146.0,3,3,Govt. Senior Secondary School Barad,Amritsar,Ajnala,82,Secondary,Punjabi
SCH0164,2026-01,53300.0,4797.0,1,1,Govt. Senior Secondary School Barad,Amritsar,Ajnala,82,Secondary,Punjabi
SCH0164,2026-02,0.0,1317.0,1,1,Govt. Senior Secondary School Barad,Amritsar,Ajnala,82,Secondary,Punjabi
SCH0164,2026-03,0.0,2904.0,1,1,Govt. Senior Secondary School Barad,Amritsar,Ajnala,82,Secondary,Punjabi
SCH0165,2025-04,0.0,396.0,1,1,Govt. Middle School Mallick,Patiala,Rajpura,218,Higher Secondary,Punjabi
SCH0165,2025-05,45.4,3157.0,2,2,Govt. Middle School Mallick,Patiala,Rajpura,218,Higher Secondary,Punjabi
SCH0165,2025-06,54800.0,6576.0,1,1,Govt. Middle School Mallick,Patiala,Rajpura,218,Higher Secondary,Punjabi
SCH0165,2025-07,21.2,6801.0,2,2,Govt. Middle School Mallick,Patiala,Rajpura,218,Higher Secondary,Punjabi
SCH0165,2025-08,0.838,5028.0,1,1,Govt. Middle School Mallick,Patiala,Rajpura,218,Higher Secondary,Punjabi
SCH0165,2025-09,0.218,436.0,1,1,Govt. Middle School Mallick,Patiala,Rajpura,218,Higher Secondary,Punjabi
SCH0165,2025-10,80.3,7340.0,2,2,Govt. Middle School Mallick,Patiala,Rajpura,218,Higher Secondary,Punjabi
SCH0165,2025-11,33.1,0.0,1,1,Govt. Middle School Mallick,Patiala,Rajpura,218,Higher Secondary,Punjabi
SCH0165,2025-12,53930.3,1653.0,3,2,Govt. Middle School Mallick,Patiala,Rajpura,218,Higher Secondary,Punjabi
SCH0165,2026-01,41.0,0.0,1,1,Govt. Middle School Mallick,Patiala,Rajpura,218,Higher Secondary,Punjabi
SCH0165,2026-02,37.004,6532.0,3,3,Govt. Middle School Mallick,Patiala,Rajpura,218,Higher Secondary,Punjabi
SCH0165,2026-03,27.8,1112.0,1,1,Govt. Middle School Mallick,Patiala,Rajpura,218,Higher Secondary,Punjabi
SCH0166,2025-04,0.0,2148.0,1,1,Govt. Middle School Devi,Moga,Moga-II,54,Primary,Hindi
SCH0166,2025-05,1.1,10088.0,3,2,Govt. Middle School Devi,Moga,Moga-II,54,Primary,Hindi
SCH0166,2025-07,38900.0,3501.0,1,1,Govt. Middle School Devi,Moga,Moga-II,54,Primary,Hindi
SCH0166,2025-08,52000.0,7158.0,3,3,Govt. Middle School Devi,Moga,Moga-II,54,Primary,Hindi
SCH0166,2025-10,65852.2,10221.0,4,3,Govt. Middle School Devi,Moga,Moga-II,54,Primary,Hindi
SCH0166,2025-11,33912.6,3429.0,2,2,Govt. Middle School Devi,Moga,Moga-II,54,Primary,Hindi
SCH0166,2025-12,95900.60800000001,10572.0,4,3,Govt. Middle School Devi,Moga,Moga-II,54,Primary,Hindi
SCH0166,2026-01,35.5,5646.0,2,1,Govt. Middle School Devi,Moga,Moga-II,54,Primary,Hindi
SCH0166,2026-02,0.0,2971.0,2,2,Govt. Middle School Devi,Moga,Moga-II,54,Primary,Hindi
SCH0167,2025-04,138.3,4234.0,4,3,Govt. Elementary School Pall,Ludhiana,Doraha,281,Upper Primary,Punjabi
SCH0167,2025-05,40449.7,4473.0,2,2,Govt. Elementary School Pall,Ludhiana,Doraha,281,Upper Primary,Punjabi
SCH0167,2025-06,0.0,888.0,1,1,Govt. Elementary School Pall,Ludhiana,Doraha,281,Upper Primary,Punjabi
SCH0167,2025-07,0.49,2940.0,1,1,Govt. Elementary School Pall,Ludhiana,Doraha,281,Upper Primary,Punjabi
SCH0167,2025-08,17.5,700.0,1,1,Govt. Elementary School Pall,Ludhiana,Doraha,281,Upper Primary,Punjabi
SCH0167,2025-09,0.0,5904.0,1,1,Govt. Elementary School Pall,Ludhiana,Doraha,281,Upper Primary,Punjabi
SCH0167,2025-10,24.0,7020.0,2,2,Govt. Elementary School Pall,Ludhiana,Doraha,281,Upper Primary,Punjabi
SCH0167,2025-11,0.0,2873.0,3,3,Govt. Elementary School Pall,Ludhiana,Doraha,281,Upper Primary,Punjabi
SCH0167,2025-12,10900.0,981.0,1,1,Govt. Elementary School Pall,Ludhiana,Doraha,281,Upper Primary,Punjabi
SCH0167,2026-01,0.0,9600.0,2,2,Govt. Elementary School Pall,Ludhiana,Doraha,281,Upper Primary,Punjabi
SCH0167,2026-02,56500.0,7009.0,2,2,Govt. Elementary School Pall,Ludhiana,Doraha,281,Upper Primary,Punjabi
SCH0167,2026-03,57.2,8640.0,2,2,Govt. Elementary School Pall,Ludhiana,Doraha,281,Upper Primary,Punjabi
SCH0168,2025-04,16400.0,1476.0,1,1,Govt. Elementary School Narayan,Amritsar,Amritsar-I,171,Upper Primary,English
SCH0168,2025-05,31.326,1052.0,2,2,Govt. Elementary School Narayan,Amritsar,Amritsar-I,171,Upper Primary,English
SCH0168,2025-06,31600.0,2844.0,1,1,Govt. Elementary School Narayan,Amritsar,Amritsar-I,171,Upper Primary,English
SCH0168,2025-08,49800.0,1494.0,1,1,Govt. Elementary School Narayan,Amritsar,Amritsar-I,171,Upper Primary,English
SCH0168,2025-09,68.7,2242.0,2,2,Govt. Elementary School Narayan,Amritsar,Amritsar-I,171,Upper Primary,English
SCH0168,2025-11,12601.072,3176.0,3,3,Govt. Elementary School Narayan,Amritsar,Amritsar-I,171,Upper Primary,English
SCH0168,2025-12,53300.0,10413.0,2,2,Govt. Elementary School Narayan,Amritsar,Amritsar-I,171,Upper Primary,English
SCH0168,2026-01,17.4,4566.0,2,2,Govt. Elementary School Narayan,Amritsar,Amritsar-I,171,Upper Primary,English
SCH0168,2026-02,35515.9,6168.0,2,2,Govt. Elementary School Narayan,Amritsar,Amritsar-I,171,Upper Primary,English
SCH0168,2026-03,54400.0,11377.0,3,3,Govt. Elementary School Narayan,Amritsar,Amritsar-I,171,Upper Primary,English
SCH0169,2025-04,10915.0,2658.0,2,1,Govt. Elementary School Walia,Unknown,Unknown,102,Higher Secondary,Punjabi
SCH0169,2025-05,10951.9,5652.0,2,2,Govt. Elementary School Walia,Unknown,Unknown,102,Higher Secondary,Punjabi
SCH0169,2025-08,56043.7,14538.0,4,3,Govt. Elementary School Walia,Unknown,Unknown,102,Higher Secondary,Punjabi
SCH0169,2025-09,47500.0,1425.0,1,1,Govt. Elementary School Walia,Unknown,Unknown,102,Higher Secondary,Punjabi
SCH0169,2025-10,26.102,5860.0,3,3,Govt. Elementary School Walia,Unknown,Unknown,102,Higher Secondary,Punjabi
SCH0169,2025-12,90.5,7360.0,3,3,Govt. Elementary School Walia,Unknown,Unknown,102,Higher Secondary,Punjabi
SCH0169,2026-02,57.9,4140.0,2,2,Govt. Elementary School Walia,Unknown,Unknown,102,Higher Secondary,Punjabi
SCH0169,2026-03,52.2,2088.0,2,2,Govt. Elementary School Walia,Unknown,Unknown,102,Higher Secondary,Punjabi
SCH0170,2025-06,14.3,572.0,1,1,Govt. Middle School Mallick,Ludhiana,Ludhiana-II,407,Higher Secondary,Punjabi
SCH0170,2025-07,89100.0,9582.0,4,3,Govt. Middle School Mallick,Ludhiana,Ludhiana-II,407,Higher Secondary,Punjabi
SCH0170,2025-08,50.9,4581.0,1,1,Govt. Middle School Mallick,Ludhiana,Ludhiana-II,407,Higher Secondary,Punjabi
SCH0170,2025-09,1.056,2112.0,1,1,Govt. Middle School Mallick,Ludhiana,Ludhiana-II,407,Higher Secondary,Punjabi
SCH0170,2025-10,52000.0,5664.0,2,2,Govt. Middle School Mallick,Ludhiana,Ludhiana-II,407,Higher Secondary,Punjabi
SCH0170,2025-11,27.0,3240.0,1,1,Govt. Middle School Mallick,Ludhiana,Ludhiana-II,407,Higher Secondary,Punjabi
SCH0170,2025-12,21100.0,4989.0,2,2,Govt. Middle School Mallick,Ludhiana,Ludhiana-II,407,Higher Secondary,Punjabi
SCH0170,2026-01,28247.63,9603.0,3,3,Govt. Middle School Mallick,Ludhiana,Ludhiana-II,407,Higher Secondary,Punjabi
SCH0171,2025-04,23824.3,4938.0,3,3,Govt. Primary School Dasgupta,Jalandhar,Jalandhar-I,308,Primary,Punjabi
SCH0171,2025-05,0.336,504.0,1,1,Govt. Primary School Dasgupta,Jalandhar,Jalandhar-I,308,Primary,Punjabi
SCH0171,2025-06,0.0,1992.0,1,1,Govt. Primary School Dasgupta,Jalandhar,Jalandhar-I,308,Primary,Punjabi
SCH0171,2025-07,91.38,13533.0,4,3,Govt. Primary School Dasgupta,Jalandhar,Jalandhar-I,308,Primary,Punjabi
SCH0171,2025-08,10.9,436.0,1,1,Govt. Primary School Dasgupta,Jalandhar,Jalandhar-I,308,Primary,Punjabi
SCH0171,2025-09,31000.0,1240.0,1,1,Govt. Primary School Dasgupta,Jalandhar,Jalandhar-I,308,Primary,Punjabi
SCH0171,2025-10,17700.0,6036.0,3,2,Govt. Primary School Dasgupta,Jalandhar,Jalandhar-I,308,Primary,Punjabi
SCH0171,2025-11,0.7859999999999999,7893.0,2,2,Govt. Primary School Dasgupta,Jalandhar,Jalandhar-I,308,Primary,Punjabi
SCH0171,2025-12,0.7959999999999999,2894.0,2,2,Govt. Primary School Dasgupta,Jalandhar,Jalandhar-I,308,Primary,Punjabi
SCH0171,2026-01,93800.0,4985.0,3,3,Govt. Primary School Dasgupta,Jalandhar,Jalandhar-I,308,Primary,Punjabi
SCH0171,2026-03,0.0,0.0,1,1,Govt. Primary School Dasgupta,Jalandhar,Jalandhar-I,308,Primary,Punjabi
SCH0172,2025-06,2.0700000000000003,2124.0,3,3,Govt. Primary School Konda,Ludhiana,Machhiwara,231,Primary,Punjabi
SCH0172,2025-08,0.0,2104.0,1,1,Govt. Primary School Konda,Ludhiana,Machhiwara,231,Primary,Punjabi
SCH0172,2025-10,17223.6,5397.0,4,4,Govt. Primary School Konda,Ludhiana,Machhiwara,231,Primary,Punjabi
SCH0172,2025-11,0.0,0.0,1,1,Govt. Primary School Konda,Ludhiana,Machhiwara,231,Primary,Punjabi
SCH0172,2026-01,57.334,5631.0,2,2,Govt. Primary School Konda,Ludhiana,Machhiwara,231,Primary,Punjabi
SCH0172,2026-02,0.0,2220.0,1,1,Govt. Primary School Konda,Ludhiana,Machhiwara,231,Primary,Punjabi
SCH0172,2026-03,82436.7,9054.0,3,3,Govt. Primary School Konda,Ludhiana,Machhiwara,231,Primary,Punjabi
SCH0173,2025-05,27940.338,5742.0,3,3,Govt. Senior Secondary School Johal,Moga,Moga-II,62,Secondary,Punjabi
SCH0173,2025-08,74236.3,6812.0,3,3,Govt. Senior Secondary School Johal,Moga,Moga-II,62,Secondary,Punjabi
SCH0173,2025-09,12.1,1452.0,1,1,Govt. Senior Secondary School Johal,Moga,Moga-II,62,Secondary,Punjabi
SCH0173,2025-10,0.0,6054.0,2,2,Govt. Senior Secondary School Johal,Moga,Moga-II,62,Secondary,Punjabi
SCH0173,2026-02,0.7340000000000001,1101.0,1,1,Govt. Senior Secondary School Johal,Moga,Moga-II,62,Secondary,Punjabi
SCH0174,2025-04,24.1,964.0,1,1,Govt. Senior Secondary School Lanka,Sangrur,Unknown,109,Higher Secondary,Hindi
SCH0174,2025-05,83.0,8754.0,2,2,Govt. Senior Secondary School Lanka,Sangrur,Unknown,109,Higher Secondary,Hindi
SCH0174,2025-06,0.838,9902.0,3,3,Govt. Senior Secondary School Lanka,Sangrur,Unknown,109,Higher Secondary,Hindi
SCH0174,2025-08,0.0,1512.0,1,1,Govt. Senior Secondary School Lanka,Sangrur,Unknown,109,Higher Secondary,Hindi
SCH0174,2025-09,0.0,954.0,1,1,Govt. Senior Secondary School Lanka,Sangrur,Unknown,109,Higher Secondary,Hindi
SCH0174,2025-10,50800.0,5214.0,2,2,Govt. Senior Secondary School Lanka,Sangrur,Unknown,109,Higher Secondary,Hindi
SCH0174,2025-11,24901.602,12600.0,3,3,Govt. Senior Secondary School Lanka,Sangrur,Unknown,109,Higher Secondary,Hindi
SCH0174,2025-12,0.97,4595.0,2,2,Govt. Senior Secondary School Lanka,Sangrur,Unknown,109,Higher Secondary,Hindi
SCH0174,2026-01,0.0,2228.0,1,1,Govt. Senior Secondary School Lanka,Sangrur,Unknown,109,Higher Secondary,Hindi
SCH0174,2026-02,12.280000000000001,1314.0,2,2,Govt. Senior Secondary School Lanka,Sangrur,Unknown,109,Higher Secondary,Hindi
SCH0175,2025-04,35700.0,1071.0,1,1,Govt. Senior Secondary School Naik,Ludhiana,Doraha,198,Higher Secondary,Punjabi
SCH0175,2025-06,32.916,7443.0,3,3,Govt. Senior Secondary School Naik,Ludhiana,Doraha,198,Higher Secondary,Punjabi
SCH0175,2025-07,0.0,1376.0,2,2,Govt. Senior Secondary School Naik,Ludhiana,Doraha,198,Higher Secondary,Punjabi
SCH0175,2025-08,0.978,1956.0,1,1,Govt. Senior Secondary School Naik,Ludhiana,Doraha,198,Higher Secondary,Punjabi
SCH0175,2025-09,11310.0,5991.0,3,3,Govt. Senior Secondary School Naik,Ludhiana,Doraha,198,Higher Secondary,Punjabi
SCH0175,2025-11,42510.3,2009.0,3,2,Govt. Senior Secondary School Naik,Ludhiana,Doraha,198,Higher Secondary,Punjabi
SCH0175,2025-12,22.5,0.0,1,1,Govt. Senior Secondary School Naik,Ludhiana,Doraha,198,Higher Secondary,Punjabi
SCH0175,2026-01,88600.0,6128.0,2,1,Govt. Senior Secondary School Naik,Ludhiana,Doraha,198,Higher Secondary,Punjabi
SCH0175,2026-02,26049.2,4428.0,2,2,Govt. Senior Secondary School Naik,Ludhiana,Doraha,198,Higher Secondary,Punjabi
SCH0175,2026-03,1.092,6552.0,1,1,Govt. Senior Secondary School Naik,Ludhiana,Doraha,198,Higher Secondary,Punjabi
SCH0176,2025-04,19.332,2220.0,3,3,Govt. Elementary School Barad,Moga,Bagha Purana,103,Higher Secondary,Punjabi
SCH0176,2025-05,49.519999999999996,3132.0,2,2,Govt. Elementary School Barad,Moga,Bagha Purana,103,Higher Secondary,Punjabi
SCH0176,2025-07,43148.9,4401.0,2,2,Govt. Elementary School Barad,Moga,Bagha Purana,103,Higher Secondary,Punjabi
SCH0176,2025-09,34.8,1044.0,1,1,Govt. Elementary School Barad,Moga,Bagha Purana,103,Higher Secondary,Punjabi
SCH0176,2025-10,18600.324,5500.0,3,3,Govt. Elementary School Barad,Moga,Bagha Purana,103,Higher Secondary,Punjabi
SCH0176,2025-11,47.182,3224.0,2,2,Govt. Elementary School Barad,Moga,Bagha Purana,103,Higher Secondary,Punjabi
SCH0176,2026-01,34700.0,4164.0,1,1,Govt. Elementary School Barad,Moga,Bagha Purana,103,Higher Secondary,Punjabi
SCH0176,2026-02,0.0,4833.0,1,1,Govt. Elementary School Barad,Moga,Bagha Purana,103,Higher Secondary,Punjabi
SCH0176,2026-03,59.8,5382.0,1,1,Govt. Elementary School Barad,Moga,Bagha Purana,103,Higher Secondary,Punjabi
SCH0177,2025-04,47.3,4257.0,1,1,Govt. Middle School Manne,Moga,Moga-II,294,Secondary,Punjabi
SCH0177,2025-05,0.858,5148.0,1,1,Govt. Middle School Manne,Moga,Moga-II,294,Secondary,Punjabi
SCH0177,2025-07,0.64,10419.0,3,3,Govt. Middle School Manne,Moga,Moga-II,294,Secondary,Punjabi
SCH0177,2025-08,0.0,2085.0,2,2,Govt. Middle School Manne,Moga,Moga-II,294,Secondary,Punjabi
SCH0177,2025-10,0.0,544.0,1,1,Govt. Middle School Manne,Moga,Moga-II,294,Secondary,Punjabi
SCH0177,2025-11,53600.0,5055.0,2,2,Govt. Middle School Manne,Moga,Moga-II,294,Secondary,Punjabi
SCH0177,2025-12,38730.6,4833.0,2,2,Govt. Middle School Manne,Moga,Moga-II,294,Secondary,Punjabi
SCH0177,2026-01,0.0,969.0,1,1,Govt. Middle School Manne,Moga,Moga-II,294,Secondary,Punjabi
SCH0177,2026-02,0.0,412.0,1,1,Govt. Middle School Manne,Moga,Moga-II,294,Secondary,Punjabi
SCH0177,2026-03,67.578,9728.0,5,4,Govt. Middle School Manne,Moga,Moga-II,294,Secondary,Punjabi
SCH0178,2025-05,48.2,1446.0,1,1,Govt. Middle School Dyal,Amritsar,Tarn Taran,348,Upper Primary,English
SCH0178,2025-06,51783.9,16272.0,3,2,Govt. Middle School Dyal,Amritsar,Tarn Taran,348,Upper Primary,English
SCH0178,2025-07,48900.51,7461.0,2,2,Govt. Middle School Dyal,Amritsar,Tarn Taran,348,Upper Primary,English
SCH0178,2025-08,33172.898,13940.0,5,4,Govt. Middle School Dyal,Amritsar,Tarn Taran,348,Upper Primary,English
SCH0178,2025-09,21400.0,6408.0,2,2,Govt. Middle School Dyal,Amritsar,Tarn Taran,348,Upper Primary,English
SCH0178,2025-10,88.5,9528.0,2,2,Govt. Middle School Dyal,Amritsar,Tarn Taran,348,Upper Primary,English
SCH0178,2025-11,59731.4,1791.0,2,2,Govt. Middle School Dyal,Amritsar,Tarn Taran,348,Upper Primary,English
SCH0178,2025-12,0.0,510.0,1,1,Govt. Middle School Dyal,Amritsar,Tarn Taran,348,Upper Primary,English
SCH0178,2026-03,37.8,1134.0,1,1,Govt. Middle School Dyal,Amritsar,Tarn Taran,348,Upper Primary,English
SCH0179,2025-04,40.472,3278.0,2,2,Govt. Elementary School Raman,Bathinda,Rampura Phul,268,Higher Secondary,Punjabi
SCH0179,2025-05,0.0,2887.0,3,1,Govt. Elementary School Raman,Bathinda,Rampura Phul,268,Higher Secondary,Punjabi
SCH0179,2025-06,69.7,6771.0,3,3,Govt. Elementary School Raman,Bathinda,Rampura Phul,268,Higher Secondary,Punjabi
SCH0179,2025-07,0.0,996.0,1,1,Govt. Elementary School Raman,Bathinda,Rampura Phul,268,Higher Secondary,Punjabi
SCH0179,2025-08,45700.0,5484.0,1,1,Govt. Elementary School Raman,Bathinda,Rampura Phul,268,Higher Secondary,Punjabi
SCH0179,2025-09,31300.0,2817.0,1,1,Govt. Elementary School Raman,Bathinda,Rampura Phul,268,Higher Secondary,Punjabi
SCH0179,2025-10,0.336,2016.0,1,1,Govt. Elementary School Raman,Bathinda,Rampura Phul,268,Higher Secondary,Punjabi
SCH0179,2025-11,0.386,3954.0,2,2,Govt. Elementary School Raman,Bathinda,Rampura Phul,268,Higher Secondary,Punjabi
SCH0179,2025-12,1.154,7385.0,2,2,Govt. Elementary School Raman,Bathinda,Rampura Phul,268,Higher Secondary,Punjabi
SCH0179,2026-01,50.2,1506.0,1,1,Govt. Elementary School Raman,Bathinda,Rampura Phul,268,Higher Secondary,Punjabi
SCH0179,2026-02,32.4,5433.0,2,2,Govt. Elementary School Raman,Bathinda,Rampura Phul,268,Higher Secondary,Punjabi
SCH0179,2026-03,0.222,999.0,1,1,Govt. Elementary School Raman,Bathinda,Rampura Phul,268,Higher Secondary,Punjabi
SCH0180,2025-04,59800.496,6374.0,2,2,Govt. Elementary School Sha,Moga,Nihal Singh Wala,180,Primary,Hindi
SCH0180,2025-05,12300.0,1107.0,1,1,Govt. Elementary School Sha,Moga,Nihal Singh Wala,180,Primary,Hindi
SCH0180,2025-06,19501.49,2820.0,3,3,Govt. Elementary School Sha,Moga,Nihal Singh Wala,180,Primary,Hindi
SCH0180,2025-07,40626.5,14277.0,4,4,Govt. Elementary School Sha,Moga,Nihal Singh Wala,180,Primary,Hindi
SCH0180,2025-08,43417.03999999999,14679.0,5,4,Govt. Elementary School Sha,Moga,Nihal Singh Wala,180,Primary,Hindi
SCH0180,2025-09,51.5,2508.0,2,2,Govt. Elementary School Sha,Moga,Nihal Singh Wala,180,Primary,Hindi
SCH0180,2025-10,17.6,7572.0,2,2,Govt. Elementary School Sha,Moga,Nihal Singh Wala,180,Primary,Hindi
SCH0180,2025-11,10.9,981.0,1,1,Govt. Elementary School Sha,Moga,Nihal Singh Wala,180,Primary,Hindi
SCH0180,2026-01,0.51,6903.0,2,2,Govt. Elementary School Sha,Moga,Nihal Singh Wala,180,Primary,Hindi
SCH0180,2026-03,41104.402,12372.0,4,4,Govt. Elementary School Sha,Moga,Nihal Singh Wala,180,Primary,Hindi
SCH0181,2025-04,10600.0,2610.0,3,3,Govt. Primary School Lala,Ludhiana,Ludhiana-II,351,Higher Secondary,English
SCH0181,2025-05,41.1,1233.0,1,1,Govt. Primary School Lala,Ludhiana,Ludhiana-II,351,Higher Secondary,English
SCH0181,2025-06,0.0,1044.0,1,1,Govt. Primary School Lala,Ludhiana,Ludhiana-II,351,Higher Secondary,English
SCH0181,2025-07,51.7,8528.0,2,2,Govt. Primary School Lala,Ludhiana,Ludhiana-II,351,Higher Secondary,English
SCH0181,2025-08,62.2,5616.0,2,2,Govt. Primary School Lala,Ludhiana,Ludhiana-II,351,Higher Secondary,English
SCH0181,2025-09,21925.2,3680.0,3,3,Govt. Primary School Lala,Ludhiana,Ludhiana-II,351,Higher Secondary,English
SCH0181,2025-11,25600.0,2599.0,2,2,Govt. Primary School Lala,Ludhiana,Ludhiana-II,351,Higher Secondary,English
SCH0181,2025-12,27100.0,5103.0,2,2,Govt. Primary School Lala,Ludhiana,Ludhiana-II,351,Higher Secondary,English
SCH0181,2026-01,33.9,1356.0,1,1,Govt. Primary School Lala,Ludhiana,Ludhiana-II,351,Higher Secondary,English
SCH0181,2026-02,35948.836,9086.0,3,3,Govt. Primary School Lala,Ludhiana,Ludhiana-II,351,Higher Secondary,English
SCH0181,2026-03,103000.0,10353.0,4,3,Govt. Primary School Lala,Ludhiana,Ludhiana-II,351,Higher Secondary,English
SCH0182,2025-04,0.0,2421.0,1,1,Govt. Middle School Hari,Unknown,Nihal Singh Wala,330,Upper Primary,Punjabi
SCH0182,2025-05,2.2640000000000002,7313.0,2,1,Govt. Middle School Hari,Unknown,Nihal Singh Wala,330,Upper Primary,Punjabi
SCH0182,2025-07,36314.316,4739.0,3,3,Govt. Middle School Hari,Unknown,Nihal Singh Wala,330,Upper Primary,Punjabi
SCH0182,2025-08,1.002,4509.0,1,1,Govt. Middle School Hari,Unknown,Nihal Singh Wala,330,Upper Primary,Punjabi
SCH0182,2025-10,0.0,4716.0,1,1,Govt. Middle School Hari,Unknown,Nihal Singh Wala,330,Upper Primary,Punjabi
SCH0182,2025-11,56253.797999999995,11003.0,4,4,Govt. Middle School Hari,Unknown,Nihal Singh Wala,330,Upper Primary,Punjabi
SCH0182,2025-12,58901.25,7656.0,3,3,Govt. Middle School Hari,Unknown,Nihal Singh Wala,330,Upper Primary,Punjabi
SCH0182,2026-01,1.662,5604.0,2,2,Govt. Middle School Hari,Unknown,Nihal Singh Wala,330,Upper Primary,Punjabi
SCH0182,2026-02,113200.0,3974.0,2,2,Govt. Middle School Hari,Unknown,Nihal Singh Wala,330,Upper Primary,Punjabi
SCH0183,2025-04,0.632,2844.0,1,1,Govt. Primary School Narain,Jalandhar,Unknown,243,Secondary,Hindi
SCH0183,2025-05,41259.4,13050.0,3,3,Govt. Primary School Narain,Jalandhar,Unknown,243,Secondary,Hindi
SCH0183,2025-08,0.216,1296.0,1,1,Govt. Primary School Narain,Jalandhar,Unknown,243,Secondary,Hindi
SCH0183,2025-10,22.9,916.0,2,1,Govt. Primary School Narain,Jalandhar,Unknown,243,Secondary,Hindi
SCH0183,2025-11,17.5,2862.0,2,2,Govt. Primary School Narain,Jalandhar,Unknown,243,Secondary,Hindi
SCH0183,2025-12,48000.0,8919.0,2,2,Govt. Primary School Narain,Jalandhar,Unknown,243,Secondary,Hindi
SCH0183,2026-03,34200.0,3760.0,2,2,Govt. Primary School Narain,Jalandhar,Unknown,243,Secondary,Hindi
SCH0184,2025-04,1.198,7188.0,1,1,Govt. Senior Secondary School Hora,Sangrur,Dhuri,327,Secondary,English
SCH0184,2025-05,0.298,1199.0,2,2,Govt. Senior Secondary School Hora,Sangrur,Dhuri,327,Secondary,English
SCH0184,2025-06,45500.0,5460.0,1,1,Govt. Senior Secondary School Hora,Sangrur,Dhuri,327,Secondary,English
SCH0184,2025-08,51.2,3826.0,4,3,Govt. Senior Secondary School Hora,Sangrur,Dhuri,327,Secondary,English
SCH0184,2025-09,54000.71,6280.0,2,2,Govt. Senior Secondary School Hora,Sangrur,Dhuri,327,Secondary,English
SCH0184,2025-10,26346.8,7368.0,2,1,Govt. Senior Secondary School Hora,Sangrur,Dhuri,327,Secondary,English
SCH0184,2025-12,1.102,2204.0,1,1,Govt. Senior Secondary School Hora,Sangrur,Dhuri,327,Secondary,English
SCH0184,2026-01,13300.0,532.0,1,1,Govt. Senior Secondary School Hora,Sangrur,Dhuri,327,Secondary,English
SCH0184,2026-02,60.800000000000004,1965.0,2,2,Govt. Senior Secondary School Hora,Sangrur,Dhuri,327,Secondary,English
SCH0184,2026-03,11.3,666.0,2,2,Govt. Senior Secondary School Hora,Sangrur,Dhuri,327,Secondary,English
SCH0185,2025-04,92.1,8778.0,3,3,Govt. Elementary School Tata,Sangrur,Sunam,102,Primary,English
SCH0185,2025-05,53.9,6468.0,1,1,Govt. Elementary School Tata,Sangrur,Sunam,102,Primary,English
SCH0185,2025-06,0.882,3969.0,1,1,Govt. Elementary School Tata,Sangrur,Sunam,102,Primary,English
SCH0185,2025-07,57200.0,6864.0,1,1,Govt. Elementary School Tata,Sangrur,Sunam,102,Primary,English
SCH0185,2025-08,0.374,748.0,1,1,Govt. Elementary School Tata,Sangrur,Sunam,102,Primary,English
SCH0185,2025-09,0.0,1794.0,1,1,Govt. Elementary School Tata,Sangrur,Sunam,102,Primary,English
SCH0185,2025-10,40.1,6296.0,2,2,Govt. Elementary School Tata,Sangrur,Sunam,102,Primary,English
SCH0185,2025-11,35.744,7965.0,4,4,Govt. Elementary School Tata,Sangrur,Sunam,102,Primary,English
SCH0185,2025-12,0.256,6396.0,2,2,Govt. Elementary School Tata,Sangrur,Sunam,102,Primary,English
SCH0185,2026-01,0.628,3236.0,2,2,Govt. Elementary School Tata,Sangrur,Sunam,102,Primary,English
SCH0185,2026-02,36436.9,5844.0,2,2,Govt. Elementary School Tata,Sangrur,Sunam,102,Primary,English
SCH0185,2026-03,0.0,4572.0,1,1,Govt. Elementary School Tata,Sangrur,Sunam,102,Primary,English
SCH0186,2025-04,19.0,7065.0,3,3,Govt. Senior Secondary School Pillay,Moga,Moga-I,321,Secondary,Hindi
SCH0186,2025-05,21357.3,4720.0,3,3,Govt. Senior Secondary School Pillay,Moga,Moga-I,321,Secondary,Hindi
SCH0186,2025-06,48100.0,5742.0,2,2,Govt. Senior Secondary School Pillay,Moga,Moga-I,321,Secondary,Hindi
SCH0186,2025-07,0.0,1161.0,1,1,Govt. Senior Secondary School Pillay,Moga,Moga-I,321,Secondary,Hindi
SCH0186,2025-08,51300.0,1539.0,1,1,Govt. Senior Secondary School Pillay,Moga,Moga-I,321,Secondary,Hindi
SCH0186,2025-09,27700.0,1108.0,1,1,Govt. Senior Secondary School Pillay,Moga,Moga-I,321,Secondary,Hindi
SCH0186,2025-10,57540.8,20015.0,5,3,Govt. Senior Secondary School Pillay,Moga,Moga-I,321,Secondary,Hindi
SCH0186,2025-11,60.404,14760.0,3,3,Govt. Senior Secondary School Pillay,Moga,Moga-I,321,Secondary,Hindi
SCH0186,2025-12,52.6,1578.0,1,1,Govt. Senior Secondary School Pillay,Moga,Moga-I,321,Secondary,Hindi
SCH0186,2026-01,32.5,1092.0,2,1,Govt. Senior Secondary School Pillay,Moga,Moga-I,321,Secondary,Hindi
SCH0186,2026-02,118500.0,12504.0,4,4,Govt. Senior Secondary School Pillay,Moga,Moga-I,321,Secondary,Hindi
SCH0186,2026-03,12.8,4706.0,2,2,Govt. Senior Secondary School Pillay,Moga,Moga-I,321,Secondary,Hindi
SCH0187,2025-04,0.542,1084.0,1,1,Govt. Primary School Chaudhari,Patiala,Patiala,142,Upper Primary,Hindi
SCH0187,2025-06,91.9,3332.0,2,2,Govt. Primary School Chaudhari,Patiala,Patiala,142,Upper Primary,Hindi
SCH0187,2025-07,52201.136,7194.0,3,3,Govt. Primary School Chaudhari,Patiala,Patiala,142,Upper Primary,Hindi
SCH0187,2025-08,40.5,1620.0,1,1,Govt. Primary School Chaudhari,Patiala,Patiala,142,Upper Primary,Hindi
SCH0187,2025-09,1.744,12108.0,3,3,Govt. Primary School Chaudhari,Patiala,Patiala,142,Upper Primary,Hindi
SCH0187,2025-11,53.8,1614.0,1,1,Govt. Primary School Chaudhari,Patiala,Patiala,142,Upper Primary,Hindi
SCH0187,2025-12,18250.6,3702.0,2,2,Govt. Primary School Chaudhari,Patiala,Patiala,142,Upper Primary,Hindi
SCH0187,2026-01,40.164,6807.0,3,2,Govt. Primary School Chaudhari,Patiala,Patiala,142,Upper Primary,Hindi
SCH0187,2026-02,15700.0,2635.0,3,3,Govt. Primary School Chaudhari,Patiala,Patiala,142,Upper Primary,Hindi
SCH0187,2026-03,1.184,11361.0,2,2,Govt. Primary School Chaudhari,Patiala,Patiala,142,Upper Primary,Hindi
SCH0188,2025-04,28545.9,1140.0,2,2,Govt. Elementary School Vig,Moga,Nihal Singh Wala,322,Primary,Punjabi
SCH0188,2025-05,1.186,7116.0,1,1,Govt. Elementary School Vig,Moga,Nihal Singh Wala,322,Primary,Punjabi
SCH0188,2025-06,98.9,4461.0,3,3,Govt. Elementary School Vig,Moga,Nihal Singh Wala,322,Primary,Punjabi
SCH0188,2025-07,0.728,4467.0,2,2,Govt. Elementary School Vig,Moga,Nihal Singh Wala,322,Primary,Punjabi
SCH0188,2025-08,23.4,4389.0,3,3,Govt. Elementary School Vig,Moga,Nihal Singh Wala,322,Primary,Punjabi
SCH0188,2025-09,45.3,8064.0,2,1,Govt. Elementary School Vig,Moga,Nihal Singh Wala,322,Primary,Punjabi
SCH0188,2025-10,1.034,6204.0,1,1,Govt. Elementary School Vig,Moga,Nihal Singh Wala,322,Primary,Punjabi
SCH0188,2025-11,22100.0,2652.0,1,1,Govt. Elementary School Vig,Moga,Nihal Singh Wala,322,Primary,Punjabi
SCH0188,2025-12,41454.838,8082.0,3,3,Govt. Elementary School Vig,Moga,Nihal Singh Wala,322,Primary,Punjabi
SCH0188,2026-01,0.514,771.0,1,1,Govt. Elementary School Vig,Moga,Nihal Singh Wala,322,Primary,Punjabi
SCH0188,2026-02,10500.0,1260.0,1,1,Govt. Elementary School Vig,Moga,Nihal Singh Wala,322,Primary,Punjabi
SCH0189,2025-04,24.1,2169.0,1,1,Govt. Elementary School Mitter,Ferozepur,Mamdot,334,Secondary,Hindi
SCH0189,2025-05,58.8,1764.0,1,1,Govt. Elementary School Mitter,Ferozepur,Mamdot,334,Secondary,Hindi
SCH0189,2025-06,44800.0,1344.0,1,1,Govt. Elementary School Mitter,Ferozepur,Mamdot,334,Secondary,Hindi
SCH0189,2025-08,11155.7,3821.0,3,2,Govt. Elementary School Mitter,Ferozepur,Mamdot,334,Secondary,Hindi
SCH0189,2025-10,0.674,2047.0,2,2,Govt. Elementary School Mitter,Ferozepur,Mamdot,334,Secondary,Hindi
SCH0189,2025-11,0.8140000000000001,1848.0,2,2,Govt. Elementary School Mitter,Ferozepur,Mamdot,334,Secondary,Hindi
SCH0189,2025-12,0.0,6135.0,2,2,Govt. Elementary School Mitter,Ferozepur,Mamdot,334,Secondary,Hindi
SCH0189,2026-01,0.0,6636.0,1,1,Govt. Elementary School Mitter,Ferozepur,Mamdot,334,Secondary,Hindi
SCH0189,2026-02,0.988,5928.0,1,1,Govt. Elementary School Mitter,Ferozepur,Mamdot,334,Secondary,Hindi
SCH0189,2026-03,23901.922,5485.0,3,3,Govt. Elementary School Mitter,Ferozepur,Mamdot,334,Secondary,Hindi
SCH0190,2025-04,23200.906,9264.0,5,5,Govt. Senior Secondary School Chadha,Moga,Moga-II,439,Upper Primary,Punjabi
SCH0190,2025-06,55600.784,8910.0,3,3,Govt. Senior Secondary School Chadha,Moga,Moga-II,439,Upper Primary,Punjabi
SCH0190,2025-07,0.0,3772.0,2,2,Govt. Senior Secondary School Chadha,Moga,Moga-II,439,Upper Primary,Punjabi
SCH0190,2025-08,48.2,1629.0,2,2,Govt. Senior Secondary School Chadha,Moga,Moga-II,439,Upper Primary,Punjabi
SCH0190,2025-09,68.45400000000001,12932.0,4,4,Govt. Senior Secondary School Chadha,Moga,Moga-II,439,Upper Primary,Punjabi
SCH0190,2025-10,31714.399999999998,9142.0,4,3,Govt. Senior Secondary School Chadha,Moga,Moga-II,439,Upper Primary,Punjabi
SCH0190,2025-11,14.8,2508.0,2,2,Govt. Senior Secondary School Chadha,Moga,Moga-II,439,Upper Primary,Punjabi
SCH0190,2025-12,43.3,1732.0,1,1,Govt. Senior Secondary School Chadha,Moga,Moga-II,439,Upper Primary,Punjabi
SCH0190,2026-01,19316.6,2073.0,2,2,Govt. Senior Secondary School Chadha,Moga,Moga-II,439,Upper Primary,Punjabi
SCH0190,2026-02,0.0,954.0,1,1,Govt. Senior Secondary School Chadha,Moga,Moga-II,439,Upper Primary,Punjabi
SCH0191,2025-04,0.848,1696.0,1,1,Govt. Senior Secondary School Bera,Amritsar,Amritsar-II,195,Secondary,Hindi
SCH0191,2025-05,0.304,5324.0,3,3,Govt. Senior Secondary School Bera,Amritsar,Amritsar-II,195,Secondary,Hindi
SCH0191,2025-07,51.7,4653.0,1,1,Govt. Senior Secondary School Bera,Amritsar,Amritsar-II,195,Secondary,Hindi
SCH0191,2025-08,57.7,3708.0,2,2,Govt. Senior Secondary School Bera,Amritsar,Amritsar-II,195,Secondary,Hindi
SCH0191,2025-09,17000.0,2040.0,1,1,Govt. Senior Secondary School Bera,Amritsar,Amritsar-II,195,Secondary,Hindi
SCH0191,2025-10,0.0,2996.0,2,2,Govt. Senior Secondary School Bera,Amritsar,Amritsar-II,195,Secondary,Hindi
SCH0191,2025-11,46500.0,1803.0,2,2,Govt. Senior Secondary School Bera,Amritsar,Amritsar-II,195,Secondary,Hindi
SCH0191,2025-12,0.0,1425.0,1,1,Govt. Senior Secondary School Bera,Amritsar,Amritsar-II,195,Secondary,Hindi
SCH0191,2026-01,39.1,1564.0,1,1,Govt. Senior Secondary School Bera,Amritsar,Amritsar-II,195,Secondary,Hindi
SCH0191,2026-02,15.512,8592.0,4,4,Govt. Senior Secondary School Bera,Amritsar,Amritsar-II,195,Secondary,Hindi
SCH0192,2025-04,43.8,2030.0,2,1,Govt. Middle School Varty,Bathinda,Bathinda,168,Secondary,Punjabi
SCH0192,2025-07,1.03,6573.0,2,2,Govt. Middle School Varty,Bathinda,Bathinda,168,Secondary,Punjabi
SCH0192,2025-08,59100.0,2364.0,1,1,Govt. Middle School Varty,Bathinda,Bathinda,168,Secondary,Punjabi
SCH0192,2025-10,48.22,4951.0,2,2,Govt. Middle School Varty,Bathinda,Bathinda,168,Secondary,Punjabi
SCH0192,2025-11,19553.3,585.0,2,2,Govt. Middle School Varty,Bathinda,Bathinda,168,Secondary,Punjabi
SCH0192,2025-12,66.8,2004.0,2,1,Govt. Middle School Varty,Bathinda,Bathinda,168,Secondary,Punjabi
SCH0192,2026-02,22800.0,2736.0,1,1,Govt. Middle School Varty,Bathinda,Bathinda,168,Secondary,Punjabi
SCH0192,2026-03,47100.0,5019.0,2,2,Govt. Middle School Varty,Bathinda,Bathinda,168,Secondary,Punjabi
SCH0193,2025-05,38758.714,12717.0,4,3,Govt. Primary School Parmer,Jalandhar,Jalandhar-II,127,Secondary,Punjabi
SCH0193,2025-06,51701.5,12711.0,4,4,Govt. Primary School Parmer,Jalandhar,Jalandhar-II,127,Secondary,Punjabi
SCH0193,2025-07,35900.0,3860.0,2,2,Govt. Primary School Parmer,Jalandhar,Jalandhar-II,127,Secondary,Punjabi
SCH0193,2025-09,108.83800000000001,12410.0,6,4,Govt. Primary School Parmer,Jalandhar,Jalandhar-II,127,Secondary,Punjabi
SCH0193,2025-10,0.514,3084.0,1,1,Govt. Primary School Parmer,Jalandhar,Jalandhar-II,127,Secondary,Punjabi
SCH0193,2025-11,0.0,2286.0,1,1,Govt. Primary School Parmer,Jalandhar,Jalandhar-II,127,Secondary,Punjabi
SCH0193,2025-12,18.3,1647.0,1,1,Govt. Primary School Parmer,Jalandhar,Jalandhar-II,127,Secondary,Punjabi
SCH0193,2026-01,43133.8,2528.0,3,3,Govt. Primary School Parmer,Jalandhar,Jalandhar-II,127,Secondary,Punjabi
SCH0193,2026-03,24.874,5114.0,3,3,Govt. Primary School Parmer,Jalandhar,Jalandhar-II,127,Secondary,Punjabi
SCH0194,2025-04,58.0,6381.0,2,2,Govt. Elementary School Suresh,Amritsar,Amritsar-I,368,Secondary,Punjabi
SCH0194,2025-05,0.0,0.0,1,1,Govt. Elementary School Suresh,Amritsar,Amritsar-I,368,Secondary,Punjabi
SCH0194,2025-06,41.148,8024.0,4,3,Govt. Elementary School Suresh,Amritsar,Amritsar-I,368,Secondary,Punjabi
SCH0194,2025-07,58900.0,3153.0,2,2,Govt. Elementary School Suresh,Amritsar,Amritsar-I,368,Secondary,Punjabi
SCH0194,2025-08,0.0,760.0,1,1,Govt. Elementary School Suresh,Amritsar,Amritsar-I,368,Secondary,Punjabi
SCH0194,2025-09,26.1,7109.0,3,3,Govt. Elementary School Suresh,Amritsar,Amritsar-I,368,Secondary,Punjabi
SCH0194,2025-10,40400.0,2516.0,2,2,Govt. Elementary School Suresh,Amritsar,Amritsar-I,368,Secondary,Punjabi
SCH0194,2025-11,36.81,10944.0,2,2,Govt. Elementary School Suresh,Amritsar,Amritsar-I,368,Secondary,Punjabi
SCH0194,2025-12,0.238,476.0,1,1,Govt. Elementary School Suresh,Amritsar,Amritsar-I,368,Secondary,Punjabi
SCH0194,2026-02,0.802,1203.0,1,1,Govt. Elementary School Suresh,Amritsar,Amritsar-I,368,Secondary,Punjabi
SCH0194,2026-03,12943.3,5057.0,2,2,Govt. Elementary School Suresh,Amritsar,Amritsar-I,368,Secondary,Punjabi
SCH0195,2025-04,46.5,1860.0,1,1,Govt. Elementary School Dhillon,Sangrur,Malerkotla,368,Higher Secondary,Punjabi
SCH0195,2025-05,0.0,4008.0,1,1,Govt. Elementary School Dhillon,Sangrur,Malerkotla,368,Higher Secondary,Punjabi
SCH0195,2025-06,20500.0,3553.0,2,2,Govt. Elementary School Dhillon,Sangrur,Malerkotla,368,Higher Secondary,Punjabi
SCH0195,2025-07,0.0,3888.0,1,1,Govt. Elementary School Dhillon,Sangrur,Malerkotla,368,Higher Secondary,Punjabi
SCH0195,2025-08,39200.0,3528.0,1,1,Govt. Elementary School Dhillon,Sangrur,Malerkotla,368,Higher Secondary,Punjabi
SCH0195,2025-10,54.5,11913.0,2,2,Govt. Elementary School Dhillon,Sangrur,Malerkotla,368,Higher Secondary,Punjabi
SCH0195,2025-11,12800.0,512.0,1,1,Govt. Elementary School Dhillon,Sangrur,Malerkotla,368,Higher Secondary,Punjabi
SCH0195,2025-12,21.6,13115.0,4,3,Govt. Elementary School Dhillon,Sangrur,Malerkotla,368,Higher Secondary,Punjabi
SCH0195,2026-01,18700.364,4200.0,3,2,Govt. Elementary School Dhillon,Sangrur,Malerkotla,368,Higher Secondary,Punjabi
SCH0195,2026-02,66.5,10617.0,3,3,Govt. Elementary School Dhillon,Sangrur,Malerkotla,368,Higher Secondary,Punjabi
SCH0195,2026-03,93.598,15288.0,4,4,Govt. Elementary School Dhillon,Sangrur,Malerkotla,368,Higher Secondary,Punjabi
SCH0196,2025-04,0.0,309.0,1,1,Govt. Senior Secondary School Kara,Ludhiana,Ludhiana-II,265,Higher Secondary,English
SCH0196,2025-05,21.1,7281.0,4,4,Govt. Senior Secondary School Kara,Ludhiana,Ludhiana-II,265,Higher Secondary,English
SCH0196,2025-06,0.918,1836.0,1,1,Govt. Senior Secondary School Kara,Ludhiana,Ludhiana-II,265,Higher Secondary,English
SCH0196,2025-07,1.024,3408.0,2,2,Govt. Senior Secondary School Kara,Ludhiana,Ludhiana-II,265,Higher Secondary,English
SCH0196,2025-08,0.0,5868.0,1,1,Govt. Senior Secondary School Kara,Ludhiana,Ludhiana-II,265,Higher Secondary,English
SCH0196,2025-11,33.12,4869.0,5,3,Govt. Senior Secondary School Kara,Ludhiana,Ludhiana-II,265,Higher Secondary,English
SCH0196,2025-12,0.0,8676.0,2,1,Govt. Senior Secondary School Kara,Ludhiana,Ludhiana-II,265,Higher Secondary,English
SCH0196,2026-02,44.5,3112.0,2,2,Govt. Senior Secondary School Kara,Ludhiana,Ludhiana-II,265,Higher Secondary,English
SCH0196,2026-03,48.3,5796.0,1,1,Govt. Senior Secondary School Kara,Ludhiana,Ludhiana-II,265,Higher Secondary,English
SCH0197,2025-04,28800.0,3456.0,1,1,Govt. Elementary School Dada,Moga,Nihal Singh Wala,106,Primary,Punjabi
SCH0197,2025-05,25.868000000000002,5697.0,4,3,Govt. Elementary School Dada,Moga,Nihal Singh Wala,106,Primary,Punjabi
SCH0197,2025-06,33556.948,15578.0,6,5,Govt. Elementary School Dada,Moga,Nihal Singh Wala,106,Primary,Punjabi
SCH0197,2025-07,0.594,1188.0,1,1,Govt. Elementary School Dada,Moga,Nihal Singh Wala,106,Primary,Punjabi
SCH0197,2025-08,0.692,2208.0,2,2,Govt. Elementary School Dada,Moga,Nihal Singh Wala,106,Primary,Punjabi
SCH0197,2025-09,16800.0,672.0,1,1,Govt. Elementary School Dada,Moga,Nihal Singh Wala,106,Primary,Punjabi
SCH0197,2025-10,1.16,6888.0,2,2,Govt. Elementary School Dada,Moga,Nihal Singh Wala,106,Primary,Punjabi
SCH0197,2025-11,43025.0,7042.0,3,2,Govt. Elementary School Dada,Moga,Nihal Singh Wala,106,Primary,Punjabi
SCH0197,2025-12,0.0,1876.0,1,1,Govt. Elementary School Dada,Moga,Nihal Singh Wala,106,Primary,Punjabi
SCH0197,2026-01,0.0,1092.0,1,1,Govt. Elementary School Dada,Moga,Nihal Singh Wala,106,Primary,Punjabi
SCH0197,2026-02,84600.568,10917.0,3,2,Govt. Elementary School Dada,Moga,Nihal Singh Wala,106,Primary,Punjabi
SCH0197,2026-03,15.818,1298.0,2,2,Govt. Elementary School Dada,Moga,Nihal Singh Wala,106,Primary,Punjabi
SCH0198,2025-04,47.3,1602.0,3,3,Govt. Elementary School Sachar,Patiala,Nabha,89,Higher Secondary,Hindi
SCH0198,2025-05,49001.038,7956.0,2,2,Govt. Elementary School Sachar,Patiala,Nabha,89,Higher Secondary,Hindi
SCH0198,2025-06,59030.6,5564.0,3,2,Govt. Elementary School Sachar,Patiala,Nabha,89,Higher Secondary,Hindi
SCH0198,2025-07,0.948,4266.0,1,1,Govt. Elementary School Sachar,Patiala,Nabha,89,Higher Secondary,Hindi
SCH0198,2025-08,0.304,608.0,1,1,Govt. Elementary School Sachar,Patiala,Nabha,89,Higher Secondary,Hindi
SCH0198,2025-09,34553.2,6844.0,3,3,Govt. Elementary School Sachar,Patiala,Nabha,89,Higher Secondary,Hindi
SCH0198,2025-11,19800.0,1782.0,1,1,Govt. Elementary School Sachar,Patiala,Nabha,89,Higher Secondary,Hindi
SCH0198,2025-12,29700.0,1188.0,1,1,Govt. Elementary School Sachar,Patiala,Nabha,89,Higher Secondary,Hindi
SCH0198,2026-01,49.616,12516.0,2,2,Govt. Elementary School Sachar,Patiala,Nabha,89,Higher Secondary,Hindi
SCH0198,2026-02,69400.0,5271.0,4,4,Govt. Elementary School Sachar,Patiala,Nabha,89,Higher Secondary,Hindi
SCH0198,2026-03,0.36,4097.0,3,3,Govt. Elementary School Sachar,Patiala,Nabha,89,Higher Secondary,Hindi
SCH0199,2025-06,50.2,6024.0,1,1,Govt. Elementary School Nath,Moga,Bagha Purana,137,Higher Secondary,English
SCH0199,2025-08,15.5,4252.0,2,2,Govt. Elementary School Nath,Moga,Bagha Purana,137,Higher Secondary,English
SCH0199,2025-09,0.7020000000000001,4212.0,1,1,Govt. Elementary School Nath,Moga,Bagha Purana,137,Higher Secondary,English
SCH0199,2025-10,0.232,1044.0,1,1,Govt. Elementary School Nath,Moga,Bagha Purana,137,Higher Secondary,English
SCH0199,2025-11,34131.8,3816.0,2,1,Govt. Elementary School Nath,Moga,Bagha Purana,137,Higher Secondary,English
SCH0199,2026-01,41800.0,1672.0,1,1,Govt. Elementary School Nath,Moga,Bagha Purana,137,Higher Secondary,English
SCH0199,2026-02,49.7,4473.0,1,1,Govt. Elementary School Nath,Moga,Bagha Purana,137,Higher Secondary,English
SCH0199,2026-03,1.666,2797.0,2,2,Govt. Elementary School Nath,Moga,Bagha Purana,137,Higher Secondary,English
SCH0200,2025-06,0.0,1098.0,1,1,Govt. Senior Secondary School Anne,Sangrur,Sangrur,86,Higher Secondary,Punjabi
SCH0200,2025-07,25.8,1032.0,1,1,Govt. Senior Secondary School Anne,Sangrur,Sangrur,86,Higher Secondary,Punjabi
SCH0200,2025-08,68600.0,4914.0,2,2,Govt. Senior Secondary School Anne,Sangrur,Sangrur,86,Higher Secondary,Punjabi
SCH0200,2025-09,46.0,8364.0,2,2,Govt. Senior Secondary School Anne,Sangrur,Sangrur,86,Higher Secondary,Punjabi
SCH0200,2025-10,11.372,7444.0,4,3,Govt. Senior Secondary School Anne,Sangrur,Sangrur,86,Higher Secondary,Punjabi
SCH0200,2025-11,10700.0,962.0,1,1,Govt. Senior Secondary School Anne,Sangrur,Sangrur,86,Higher Secondary,Punjabi
SCH0200,2025-12,13.0,0.0,1,1,Govt. Senior Secondary School Anne,Sangrur,Sangrur,86,Higher Secondary,Punjabi
SCH0200,2026-01,0.0,2268.0,1,1,Govt. Senior Secondary School Anne,Sangrur,Sangrur,86,Higher Secondary,Punjabi
SCH0200,2026-02,29.034,6425.0,4,3,Govt. Senior Secondary School Anne,Sangrur,Sangrur,86,Higher Secondary,Punjabi
SCH0200,2026-03,0.5379999999999999,1076.0,2,2,Govt. Senior Secondary School Anne,Sangrur,Sangrur,86,Higher Secondary,Punjabi
SCH0201,2025-04,46.824,8523.0,3,3,Govt. Primary School Sagar,Ludhiana,Doraha,293,Higher Secondary,Punjabi
SCH0201,2025-06,0.0,2934.0,1,1,Govt. Primary School Sagar,Ludhiana,Doraha,293,Higher Secondary,Punjabi
SCH0201,2025-07,14700.0,588.0,1,1,Govt. Primary School Sagar,Ludhiana,Doraha,293,Higher Secondary,Punjabi
SCH0201,2025-08,55.071999999999996,6966.0,3,3,Govt. Primary School Sagar,Ludhiana,Doraha,293,Higher Secondary,Punjabi
SCH0201,2025-09,22.9,1307.0,2,2,Govt. Primary School Sagar,Ludhiana,Doraha,293,Higher Secondary,Punjabi
SCH0201,2025-10,0.0,3476.0,2,2,Govt. Primary School Sagar,Ludhiana,Doraha,293,Higher Secondary,Punjabi
SCH0201,2025-11,16100.0,1449.0,1,1,Govt. Primary School Sagar,Ludhiana,Doraha,293,Higher Secondary,Punjabi
SCH0201,2025-12,0.976,8292.0,2,2,Govt. Primary School Sagar,Ludhiana,Doraha,293,Higher Secondary,Punjabi
SCH0201,2026-01,23700.0,6756.0,2,2,Govt. Primary School Sagar,Ludhiana,Doraha,293,Higher Secondary,Punjabi
SCH0201,2026-03,15446.8,6232.0,2,2,Govt. Primary School Sagar,Ludhiana,Doraha,293,Higher Secondary,Punjabi
SCH0202,2025-04,48.3,2100.0,2,2,Govt. Elementary School Karpe,Jalandhar,Unknown,412,Higher Secondary,Hindi
SCH0202,2025-07,0.362,543.0,1,1,Govt. Elementary School Karpe,Jalandhar,Unknown,412,Higher Secondary,Hindi
SCH0202,2025-08,53.616,11421.0,3,2,Govt. Elementary School Karpe,Jalandhar,Unknown,412,Higher Secondary,Hindi
SCH0202,2025-09,68.9,2584.0,2,2,Govt. Elementary School Karpe,Jalandhar,Unknown,412,Higher Secondary,Hindi
SCH0202,2025-10,30.4,3744.0,2,2,Govt. Elementary School Karpe,Jalandhar,Unknown,412,Higher Secondary,Hindi
SCH0202,2025-11,10.776,2601.0,2,2,Govt. Elementary School Karpe,Jalandhar,Unknown,412,Higher Secondary,Hindi
SCH0202,2025-12,62.4,2381.0,2,2,Govt. Elementary School Karpe,Jalandhar,Unknown,412,Higher Secondary,Hindi
SCH0202,2026-01,18600.0,5091.0,2,2,Govt. Elementary School Karpe,Jalandhar,Unknown,412,Higher Secondary,Hindi
SCH0202,2026-03,85.2,4995.0,2,2,Govt. Elementary School Karpe,Jalandhar,Unknown,412,Higher Secondary,Hindi
SCH0203,2025-04,0.584,2628.0,1,1,Govt. Middle School Grewal,Patiala,Samana,323,Higher Secondary,Hindi
SCH0203,2025-05,28900.232,10131.0,4,4,Govt. Middle School Grewal,Patiala,Samana,323,Higher Secondary,Hindi
SCH0203,2025-06,0.0,714.0,1,1,Govt. Middle School Grewal,Patiala,Samana,323,Higher Secondary,Hindi
SCH0203,2025-07,45200.0,1631.0,3,3,Govt. Middle School Grewal,Patiala,Samana,323,Higher Secondary,Hindi
SCH0203,2025-08,22.6,678.0,1,1,Govt. Middle School Grewal,Patiala,Samana,323,Higher Secondary,Hindi
SCH0203,2025-09,14.412,2640.0,3,2,Govt. Middle School Grewal,Patiala,Samana,323,Higher Secondary,Hindi
SCH0203,2025-10,0.0,939.0,1,1,Govt. Middle School Grewal,Patiala,Samana,323,Higher Secondary,Hindi
SCH0203,2025-11,19.7,0.0,1,1,Govt. Middle School Grewal,Patiala,Samana,323,Higher Secondary,Hindi
SCH0203,2025-12,81.6,10935.0,4,4,Govt. Middle School Grewal,Patiala,Samana,323,Higher Secondary,Hindi
SCH0203,2026-01,71.9,4614.0,2,2,Govt. Middle School Grewal,Patiala,Samana,323,Higher Secondary,Hindi
SCH0203,2026-02,28.5,3420.0,1,1,Govt. Middle School Grewal,Patiala,Samana,323,Higher Secondary,Hindi
SCH0203,2026-03,0.95,1900.0,1,1,Govt. Middle School Grewal,Patiala,Samana,323,Higher Secondary,Hindi
SCH0204,2025-04,0.55,3300.0,1,1,Govt. Middle School Singhal,Amritsar,Amritsar-II,89,Secondary,Hindi
SCH0204,2025-05,14349.3,6153.0,2,2,Govt. Middle School Singhal,Amritsar,Amritsar-II,89,Secondary,Hindi
SCH0204,2025-06,19435.3,2490.0,3,2,Govt. Middle School Singhal,Amritsar,Amritsar-II,89,Secondary,Hindi
SCH0204,2025-07,30.6,918.0,1,1,Govt. Middle School Singhal,Amritsar,Amritsar-II,89,Secondary,Hindi
SCH0204,2025-08,16.6,4629.0,2,2,Govt. Middle School Singhal,Amritsar,Amritsar-II,89,Secondary,Hindi
SCH0204,2025-09,0.0,5868.0,2,2,Govt. Middle School Singhal,Amritsar,Amritsar-II,89,Secondary,Hindi
SCH0204,2025-10,0.0,5928.0,1,1,Govt. Middle School Singhal,Amritsar,Amritsar-II,89,Secondary,Hindi
SCH0204,2025-11,27.944,7017.0,4,3,Govt. Middle School Singhal,Amritsar,Amritsar-II,89,Secondary,Hindi
SCH0204,2025-12,1.4320000000000002,4808.0,3,3,Govt. Middle School Singhal,Amritsar,Amritsar-II,89,Secondary,Hindi
SCH0204,2026-01,0.856,5136.0,1,1,Govt. Middle School Singhal,Amritsar,Amritsar-II,89,Secondary,Hindi
SCH0204,2026-02,16.4,492.0,1,1,Govt. Middle School Singhal,Amritsar,Amritsar-II,89,Secondary,Hindi
SCH0205,2025-04,43351.6,6744.0,2,2,Govt. Elementary School Chander,Unknown,Ferozepur,63,Secondary,Hindi
SCH0205,2025-06,45.7,1828.0,1,1,Govt. Elementary School Chander,Unknown,Ferozepur,63,Secondary,Hindi
SCH0205,2025-08,0.0,1482.0,2,2,Govt. Elementary School Chander,Unknown,Ferozepur,63,Secondary,Hindi
SCH0205,2025-09,48.968,2982.0,2,2,Govt. Elementary School Chander,Unknown,Ferozepur,63,Secondary,Hindi
SCH0205,2025-10,0.0,1344.0,1,1,Govt. Elementary School Chander,Unknown,Ferozepur,63,Secondary,Hindi
SCH0205,2025-11,22640.4,4965.0,3,3,Govt. Elementary School Chander,Unknown,Ferozepur,63,Secondary,Hindi
SCH0205,2025-12,58.599999999999994,1921.0,2,2,Govt. Elementary School Chander,Unknown,Ferozepur,63,Secondary,Hindi
SCH0205,2026-01,13.1,393.0,1,1,Govt. Elementary School Chander,Unknown,Ferozepur,63,Secondary,Hindi
SCH0205,2026-02,18.052,1059.0,2,2,Govt. Elementary School Chander,Unknown,Ferozepur,63,Secondary,Hindi
SCH0205,2026-03,17.432,6312.0,3,3,Govt. Elementary School Chander,Unknown,Ferozepur,63,Secondary,Hindi
SCH0206,2025-04,0.0,8676.0,2,2,Govt. Middle School Menon,Jalandhar,Nakodar,353,Higher Secondary,Hindi
SCH0206,2025-05,49.7,5964.0,1,1,Govt. Middle School Menon,Jalandhar,Nakodar,353,Higher Secondary,Hindi
SCH0206,2025-06,14300.0,572.0,1,1,Govt. Middle School Menon,Jalandhar,Nakodar,353,Higher Secondary,Hindi
SCH0206,2025-07,24.3,2916.0,1,1,Govt. Middle School Menon,Jalandhar,Nakodar,353,Higher Secondary,Hindi
SCH0206,2025-08,0.0,3438.0,1,1,Govt. Middle School Menon,Jalandhar,Nakodar,353,Higher Secondary,Hindi
SCH0206,2025-09,33.642,5993.0,2,2,Govt. Middle School Menon,Jalandhar,Nakodar,353,Higher Secondary,Hindi
SCH0206,2025-10,35300.0,3177.0,1,1,Govt. Middle School Menon,Jalandhar,Nakodar,353,Higher Secondary,Hindi
SCH0206,2025-11,69.5,10179.0,3,3,Govt. Middle School Menon,Jalandhar,Nakodar,353,Higher Secondary,Hindi
SCH0206,2025-12,39.9,4788.0,1,1,Govt. Middle School Menon,Jalandhar,Nakodar,353,Higher Secondary,Hindi
SCH0206,2026-01,55.9,6708.0,1,1,Govt. Middle School Menon,Jalandhar,Nakodar,353,Higher Secondary,Hindi
SCH0206,2026-02,38.2,1957.0,2,2,Govt. Middle School Menon,Jalandhar,Nakodar,353,Higher Secondary,Hindi
SCH0206,2026-03,53530.1,5752.0,2,1,Govt. Middle School Menon,Jalandhar,Nakodar,353,Higher Secondary,Hindi
SCH0207,2025-04,0.246,1476.0,1,1,Govt. Primary School Kaul,Sangrur,Malerkotla,283,Secondary,Hindi
SCH0207,2025-05,1.786,3027.0,2,2,Govt. Primary School Kaul,Sangrur,Malerkotla,283,Secondary,Hindi
SCH0207,2025-07,18.2,546.0,1,1,Govt. Primary School Kaul,Sangrur,Malerkotla,283,Secondary,Hindi
SCH0207,2025-09,57.5,441.0,2,2,Govt. Primary School Kaul,Sangrur,Malerkotla,283,Secondary,Hindi
SCH0207,2025-10,27.3,11025.0,3,2,Govt. Primary School Kaul,Sangrur,Malerkotla,283,Secondary,Hindi
SCH0207,2025-11,19.238,1074.0,2,2,Govt. Primary School Kaul,Sangrur,Malerkotla,283,Secondary,Hindi
SCH0207,2025-12,1.8800000000000001,6408.0,2,2,Govt. Primary School Kaul,Sangrur,Malerkotla,283,Secondary,Hindi
SCH0207,2026-02,33.36,2940.0,2,2,Govt. Primary School Kaul,Sangrur,Malerkotla,283,Secondary,Hindi
SCH0207,2026-03,0.444,1998.0,1,1,Govt. Primary School Kaul,Sangrur,Malerkotla,283,Secondary,Hindi
SCH0208,2025-04,43474.1,9521.0,5,4,Govt. Elementary School Rattan,Bathinda,Bathinda,345,Upper Primary,Hindi
SCH0208,2025-05,31.0,3336.0,2,2,Govt. Elementary School Rattan,Bathinda,Bathinda,345,Upper Primary,Hindi
SCH0208,2025-06,43.7,3933.0,1,1,Govt. Elementary School Rattan,Bathinda,Bathinda,345,Upper Primary,Hindi
SCH0208,2025-09,49241.5,6616.0,3,2,Govt. Elementary School Rattan,Bathinda,Bathinda,345,Upper Primary,Hindi
SCH0208,2025-10,52760.556000000004,15291.0,3,3,Govt. Elementary School Rattan,Bathinda,Bathinda,345,Upper Primary,Hindi
SCH0208,2025-12,53.4,2136.0,1,1,Govt. Elementary School Rattan,Bathinda,Bathinda,345,Upper Primary,Hindi
SCH0208,2026-01,0.416,624.0,1,1,Govt. Elementary School Rattan,Bathinda,Bathinda,345,Upper Primary,Hindi
SCH0208,2026-02,0.462,2079.0,1,1,Govt. Elementary School Rattan,Bathinda,Bathinda,345,Upper Primary,Hindi
SCH0209,2025-04,0.214,1284.0,1,1,Govt. Elementary School Mane,Ferozepur,Zira,388,Primary,Hindi
SCH0209,2025-06,45748.5,5484.0,2,2,Govt. Elementary School Mane,Ferozepur,Zira,388,Primary,Hindi
SCH0209,2025-08,46300.256,2236.0,2,2,Govt. Elementary School Mane,Ferozepur,Zira,388,Primary,Hindi
SCH0209,2025-09,78801.378,7568.0,4,3,Govt. Elementary School Mane,Ferozepur,Zira,388,Primary,Hindi
SCH0209,2025-10,57000.268,6840.0,2,2,Govt. Elementary School Mane,Ferozepur,Zira,388,Primary,Hindi
SCH0209,2025-11,0.448,672.0,1,1,Govt. Elementary School Mane,Ferozepur,Zira,388,Primary,Hindi
SCH0209,2026-01,15.164,2748.0,2,2,Govt. Elementary School Mane,Ferozepur,Zira,388,Primary,Hindi
SCH0209,2026-03,0.986,1972.0,1,1,Govt. Elementary School Mane,Ferozepur,Zira,388,Primary,Hindi
SCH0210,2025-04,31420.716,4272.0,3,1,Govt. Primary School Barman,Ferozepur,Zira,250,Higher Secondary,Hindi
SCH0210,2025-05,1.34,4380.0,2,2,Govt. Primary School Barman,Ferozepur,Zira,250,Higher Secondary,Hindi
SCH0210,2025-06,50800.0,6096.0,1,1,Govt. Primary School Barman,Ferozepur,Zira,250,Higher Secondary,Hindi
SCH0210,2025-07,79200.318,9474.0,4,3,Govt. Primary School Barman,Ferozepur,Zira,250,Higher Secondary,Hindi
SCH0210,2025-08,16318.0,2007.0,2,1,Govt. Primary School Barman,Ferozepur,Zira,250,Higher Secondary,Hindi
SCH0210,2025-10,44801.096000000005,7229.0,3,3,Govt. Primary School Barman,Ferozepur,Zira,250,Higher Secondary,Hindi
SCH0210,2025-11,12.6,5895.0,2,2,Govt. Primary School Barman,Ferozepur,Zira,250,Higher Secondary,Hindi
SCH0210,2025-12,32016.064,4532.0,4,4,Govt. Primary School Barman,Ferozepur,Zira,250,Higher Secondary,Hindi
SCH0210,2026-01,0.0,6434.0,2,2,Govt. Primary School Barman,Ferozepur,Zira,250,Higher Secondary,Hindi
SCH0210,2026-02,45851.4,12601.0,3,3,Govt. Primary School Barman,Ferozepur,Zira,250,Higher Secondary,Hindi
SCH0210,2026-03,47.524,13901.0,7,5,Govt. Primary School Barman,Ferozepur,Zira,250,Higher Secondary,Hindi
SCH0211,2025-05,119.9,7516.0,3,3,Govt. Senior Secondary School Edwin,Patiala,Samana,379,Higher Secondary,Hindi
SCH0211,2025-07,24.6,5430.0,3,2,Govt. Senior Secondary School Edwin,Patiala,Samana,379,Higher Secondary,Hindi
SCH0211,2025-08,0.0,867.0,1,1,Govt. Senior Secondary School Edwin,Patiala,Samana,379,Higher Secondary,Hindi
SCH0211,2025-09,0.7440000000000001,1488.0,1,1,Govt. Senior Secondary School Edwin,Patiala,Samana,379,Higher Secondary,Hindi
SCH0211,2025-10,0.0,462.0,1,1,Govt. Senior Secondary School Edwin,Patiala,Samana,379,Higher Secondary,Hindi
SCH0211,2025-11,19803.2,14889.0,4,4,Govt. Senior Secondary School Edwin,Patiala,Samana,379,Higher Secondary,Hindi
SCH0211,2025-12,0.0,2550.0,2,1,Govt. Senior Secondary School Edwin,Patiala,Samana,379,Higher Secondary,Hindi
SCH0211,2026-01,48533.6,11832.0,3,3,Govt. Senior Secondary School Edwin,Patiala,Samana,379,Higher Secondary,Hindi
SCH0211,2026-02,16.946,4791.0,3,3,Govt. Senior Secondary School Edwin,Patiala,Samana,379,Higher Secondary,Hindi
SCH0212,2025-04,43.2,1728.0,1,1,Govt. Senior Secondary School Sachar,Moga,Bagha Purana,386,Secondary,English
SCH0212,2025-06,25200.0,756.0,1,1,Govt. Senior Secondary School Sachar,Moga,Bagha Purana,386,Secondary,English
SCH0212,2025-07,0.58,2420.0,2,1,Govt. Senior Secondary School Sachar,Moga,Bagha Purana,386,Secondary,English
SCH0212,2025-08,0.0,652.0,1,1,Govt. Senior Secondary School Sachar,Moga,Bagha Purana,386,Secondary,English
SCH0212,2025-09,49000.0,2674.0,4,3,Govt. Senior Secondary School Sachar,Moga,Bagha Purana,386,Secondary,English
SCH0212,2025-11,13.4,536.0,1,1,Govt. Senior Secondary School Sachar,Moga,Bagha Purana,386,Secondary,English
SCH0212,2026-02,85400.0,7461.0,3,2,Govt. Senior Secondary School Sachar,Moga,Bagha Purana,386,Secondary,English
SCH0212,2026-03,46.532,4899.0,3,3,Govt. Senior Secondary School Sachar,Moga,Bagha Purana,386,Secondary,English
SCH0213,2025-04,100.592,10338.0,5,4,Govt. Elementary School Bhatt,Bathinda,Maur,192,Upper Primary,English
SCH0213,2025-05,1.174,0.0,1,1,Govt. Elementary School Bhatt,Bathinda,Maur,192,Upper Primary,English
SCH0213,2025-06,29.872,5652.0,2,2,Govt. Elementary School Bhatt,Bathinda,Maur,192,Upper Primary,English
SCH0213,2025-07,24.5,735.0,1,1,Govt. Elementary School Bhatt,Bathinda,Maur,192,Upper Primary,English
SCH0213,2025-08,35900.266,5970.0,4,4,Govt. Elementary School Bhatt,Bathinda,Maur,192,Upper Primary,English
SCH0213,2025-10,1.054,8697.0,3,2,Govt. Elementary School Bhatt,Bathinda,Maur,192,Upper Primary,English
SCH0213,2025-11,79.6,0.0,2,2,Govt. Elementary School Bhatt,Bathinda,Maur,192,Upper Primary,English
SCH0213,2025-12,0.0,1004.0,1,1,Govt. Elementary School Bhatt,Bathinda,Maur,192,Upper Primary,English
SCH0213,2026-01,16.8,6801.0,3,3,Govt. Elementary School Bhatt,Bathinda,Maur,192,Upper Primary,English
SCH0214,2025-04,26136.8,3453.0,2,2,Govt. Elementary School Chahal,Bathinda,Rampura Phul,102,Higher Secondary,Hindi
SCH0214,2025-05,45.1,11337.0,3,2,Govt. Elementary School Chahal,Bathinda,Rampura Phul,102,Higher Secondary,Hindi
SCH0214,2025-07,59000.0,1770.0,1,1,Govt. Elementary School Chahal,Bathinda,Rampura Phul,102,Higher Secondary,Hindi
SCH0214,2025-08,35057.200000000004,7914.0,3,2,Govt. Elementary School Chahal,Bathinda,Rampura Phul,102,Higher Secondary,Hindi
SCH0214,2025-10,65.852,7552.0,3,3,Govt. Elementary School Chahal,Bathinda,Rampura Phul,102,Higher Secondary,Hindi
SCH0214,2025-11,55.9,4008.0,2,2,Govt. Elementary School Chahal,Bathinda,Rampura Phul,102,Higher Secondary,Hindi
SCH0214,2025-12,0.598,2691.0,1,1,Govt. Elementary School Chahal,Bathinda,Rampura Phul,102,Higher Secondary,Hindi
SCH0214,2026-01,44.2,10050.0,3,3,Govt. Elementary School Chahal,Bathinda,Rampura Phul,102,Higher Secondary,Hindi
SCH0214,2026-02,32900.476,3274.0,3,2,Govt. Elementary School Chahal,Bathinda,Rampura Phul,102,Higher Secondary,Hindi
SCH0214,2026-03,0.6779999999999999,1356.0,1,1,Govt. Elementary School Chahal,Bathinda,Rampura Phul,102,Higher Secondary,Hindi
SCH0215,2025-04,37.2,5601.0,2,2,Govt. Elementary School Saha,Bathinda,Bathinda,187,Primary,Punjabi
SCH0215,2025-05,33700.0,1348.0,1,1,Govt. Elementary School Saha,Bathinda,Bathinda,187,Primary,Punjabi
SCH0215,2025-06,50.9,7121.0,4,3,Govt. Elementary School Saha,Bathinda,Bathinda,187,Primary,Punjabi
SCH0215,2025-07,36301.016,2613.0,2,2,Govt. Elementary School Saha,Bathinda,Bathinda,187,Primary,Punjabi
SCH0215,2025-08,0.0,3789.0,1,1,Govt. Elementary School Saha,Bathinda,Bathinda,187,Primary,Punjabi
SCH0215,2025-09,87.1,7119.0,3,3,Govt. Elementary School Saha,Bathinda,Bathinda,187,Primary,Punjabi
SCH0215,2025-10,12.6,378.0,1,1,Govt. Elementary School Saha,Bathinda,Bathinda,187,Primary,Punjabi
SCH0215,2025-11,52817.7,2292.0,2,2,Govt. Elementary School Saha,Bathinda,Bathinda,187,Primary,Punjabi
SCH0215,2025-12,0.0,728.0,1,1,Govt. Elementary School Saha,Bathinda,Bathinda,187,Primary,Punjabi
SCH0215,2026-01,41300.718,8000.0,3,3,Govt. Elementary School Saha,Bathinda,Bathinda,187,Primary,Punjabi
SCH0215,2026-03,1.884,15786.0,4,4,Govt. Elementary School Saha,Bathinda,Bathinda,187,Primary,Punjabi
SCH0216,2025-04,26.5,1060.0,1,1,Govt. Senior Secondary School Oommen,Patiala,Nabha,315,Secondary,Hindi
SCH0216,2025-05,0.254,1122.0,2,2,Govt. Senior Secondary School Oommen,Patiala,Nabha,315,Secondary,Hindi
SCH0216,2025-06,69.3,7818.0,3,3,Govt. Senior Secondary School Oommen,Patiala,Nabha,315,Secondary,Hindi
SCH0216,2025-07,38758.764,10556.0,5,5,Govt. Senior Secondary School Oommen,Patiala,Nabha,315,Secondary,Hindi
SCH0216,2025-08,10800.0,972.0,1,1,Govt. Senior Secondary School Oommen,Patiala,Nabha,315,Secondary,Hindi
SCH0216,2025-10,55.7,5013.0,1,1,Govt. Senior Secondary School Oommen,Patiala,Nabha,315,Secondary,Hindi
SCH0216,2025-11,100633.984,21552.0,4,4,Govt. Senior Secondary School Oommen,Patiala,Nabha,315,Secondary,Hindi
SCH0216,2025-12,59.6,1788.0,1,1,Govt. Senior Secondary School Oommen,Patiala,Nabha,315,Secondary,Hindi
SCH0216,2026-01,11.8,4500.0,2,2,Govt. Senior Secondary School Oommen,Patiala,Nabha,315,Secondary,Hindi
SCH0217,2025-04,24241.994,12612.0,3,3,Govt. Primary School Apte,Patiala,Nabha,66,Secondary,Hindi
SCH0217,2025-05,47.937999999999995,8700.0,2,2,Govt. Primary School Apte,Patiala,Nabha,66,Secondary,Hindi
SCH0217,2025-06,0.0,8487.0,4,3,Govt. Primary School Apte,Patiala,Nabha,66,Secondary,Hindi
SCH0217,2025-07,38.2,5967.0,2,2,Govt. Primary School Apte,Patiala,Nabha,66,Secondary,Hindi
SCH0217,2025-08,30100.0,903.0,1,1,Govt. Primary School Apte,Patiala,Nabha,66,Secondary,Hindi
SCH0217,2025-09,49300.0,1972.0,1,1,Govt. Primary School Apte,Patiala,Nabha,66,Secondary,Hindi
SCH0217,2025-10,20100.0,2412.0,1,1,Govt. Primary School Apte,Patiala,Nabha,66,Secondary,Hindi
SCH0217,2025-11,53.7,7839.0,2,2,Govt. Primary School Apte,Patiala,Nabha,66,Secondary,Hindi
SCH0217,2025-12,53818.894,7176.0,4,4,Govt. Primary School Apte,Patiala,Nabha,66,Secondary,Hindi
SCH0217,2026-01,104.30000000000001,8548.0,2,2,Govt. Primary School Apte,Patiala,Nabha,66,Secondary,Hindi
SCH0217,2026-02,25700.0,4105.0,3,3,Govt. Primary School Apte,Patiala,Nabha,66,Secondary,Hindi
SCH0217,2026-03,15.1,1812.0,1,1,Govt. Primary School Apte,Patiala,Nabha,66,Secondary,Hindi
SCH0218,2025-04,0.0,1047.0,1,1,Govt. Senior Secondary School Dugar,Ludhiana,Ludhiana-II,248,Higher Secondary,English
SCH0218,2025-05,15.5,0.0,1,1,Govt. Senior Secondary School Dugar,Ludhiana,Ludhiana-II,248,Higher Secondary,English
SCH0218,2025-07,36100.0,5509.0,2,2,Govt. Senior Secondary School Dugar,Ludhiana,Ludhiana-II,248,Higher Secondary,English
SCH0218,2025-08,0.0,3249.0,1,1,Govt. Senior Secondary School Dugar,Ludhiana,Ludhiana-II,248,Higher Secondary,English
SCH0218,2025-09,17100.0,2052.0,1,1,Govt. Senior Secondary School Dugar,Ludhiana,Ludhiana-II,248,Higher Secondary,English
SCH0218,2025-10,0.634,951.0,1,1,Govt. Senior Secondary School Dugar,Ludhiana,Ludhiana-II,248,Higher Secondary,English
SCH0218,2025-11,19.9,796.0,1,1,Govt. Senior Secondary School Dugar,Ludhiana,Ludhiana-II,248,Higher Secondary,English
SCH0218,2025-12,0.0,1580.0,1,1,Govt. Senior Secondary School Dugar,Ludhiana,Ludhiana-II,248,Higher Secondary,English
SCH0218,2026-01,17.6,528.0,1,1,Govt. Senior Secondary School Dugar,Ludhiana,Ludhiana-II,248,Higher Secondary,English
SCH0218,2026-02,139.0,6704.0,3,3,Govt. Senior Secondary School Dugar,Ludhiana,Ludhiana-II,248,Higher Secondary,English
SCH0218,2026-03,0.0,5772.0,1,1,Govt. Senior Secondary School Dugar,Ludhiana,Ludhiana-II,248,Higher Secondary,English
SCH0219,2025-04,137.5,10290.0,4,3,Govt. Senior Secondary School Oommen,Moga,Bagha Purana,370,Primary,Punjabi
SCH0219,2025-05,47700.0,1908.0,1,1,Govt. Senior Secondary School Oommen,Moga,Bagha Purana,370,Primary,Punjabi
SCH0219,2025-06,46200.0,6276.0,2,2,Govt. Senior Secondary School Oommen,Moga,Bagha Purana,370,Primary,Punjabi
SCH0219,2025-07,0.0,900.0,1,1,Govt. Senior Secondary School Oommen,Moga,Bagha Purana,370,Primary,Punjabi
SCH0219,2025-08,37100.0,10386.0,3,3,Govt. Senior Secondary School Oommen,Moga,Bagha Purana,370,Primary,Punjabi
SCH0219,2025-10,12.0,1710.0,2,1,Govt. Senior Secondary School Oommen,Moga,Bagha Purana,370,Primary,Punjabi
SCH0219,2025-11,50045.0,5550.0,2,2,Govt. Senior Secondary School Oommen,Moga,Bagha Purana,370,Primary,Punjabi
SCH0219,2025-12,44.9,2126.0,2,2,Govt. Senior Secondary School Oommen,Moga,Bagha Purana,370,Primary,Punjabi
SCH0219,2026-01,98.80000000000001,6573.0,3,3,Govt. Senior Secondary School Oommen,Moga,Bagha Purana,370,Primary,Punjabi
SCH0219,2026-02,1.1,7378.0,3,3,Govt. Senior Secondary School Oommen,Moga,Bagha Purana,370,Primary,Punjabi
SCH0219,2026-03,40.8,1872.0,2,2,Govt. Senior Secondary School Oommen,Moga,Bagha Purana,370,Primary,Punjabi
SCH0220,2025-04,0.0,1800.0,1,1,Govt. Elementary School Mishra,Jalandhar,Phillaur,130,Primary,Hindi
SCH0220,2025-05,77.444,8683.0,4,4,Govt. Elementary School Mishra,Jalandhar,Phillaur,130,Primary,Hindi
SCH0220,2025-06,0.954,0.0,1,1,Govt. Elementary School Mishra,Jalandhar,Phillaur,130,Primary,Hindi
SCH0220,2025-07,52.7,4743.0,1,1,Govt. Elementary School Mishra,Jalandhar,Phillaur,130,Primary,Hindi
SCH0220,2025-09,49.331999999999994,10890.0,4,4,Govt. Elementary School Mishra,Jalandhar,Phillaur,130,Primary,Hindi
SCH0220,2025-11,36.4,2202.0,2,2,Govt. Elementary School Mishra,Jalandhar,Phillaur,130,Primary,Hindi
SCH0220,2025-12,28.9,1156.0,1,1,Govt. Elementary School Mishra,Jalandhar,Phillaur,130,Primary,Hindi
SCH0220,2026-01,0.232,992.0,2,2,Govt. Elementary School Mishra,Jalandhar,Phillaur,130,Primary,Hindi
SCH0220,2026-02,56800.0,9108.0,3,3,Govt. Elementary School Mishra,Jalandhar,Phillaur,130,Primary,Hindi
SCH0221,2025-04,1.106,6636.0,1,1,Govt. Middle School Butala,Bathinda,Bathinda,44,Primary,Hindi
SCH0221,2025-05,0.27,1620.0,1,1,Govt. Middle School Butala,Bathinda,Bathinda,44,Primary,Hindi
SCH0221,2025-06,14200.0,568.0,1,1,Govt. Middle School Butala,Bathinda,Bathinda,44,Primary,Hindi
SCH0221,2025-07,20.836,5561.0,2,2,Govt. Middle School Butala,Bathinda,Bathinda,44,Primary,Hindi
SCH0221,2025-08,14915.6,2256.0,2,2,Govt. Middle School Butala,Bathinda,Bathinda,44,Primary,Hindi
SCH0221,2025-09,0.0,6048.0,1,1,Govt. Middle School Butala,Bathinda,Bathinda,44,Primary,Hindi
SCH0221,2025-10,0.0,3156.0,1,1,Govt. Middle School Butala,Bathinda,Bathinda,44,Primary,Hindi
SCH0221,2025-11,0.0,492.0,1,1,Govt. Middle School Butala,Bathinda,Bathinda,44,Primary,Hindi
SCH0221,2025-12,73.034,12318.0,4,4,Govt. Middle School Butala,Bathinda,Bathinda,44,Primary,Hindi
SCH0221,2026-01,0.0,2655.0,1,1,Govt. Middle School Butala,Bathinda,Bathinda,44,Primary,Hindi
SCH0221,2026-02,75238.0,6923.0,3,1,Govt. Middle School Butala,Bathinda,Bathinda,44,Primary,Hindi
SCH0221,2026-03,44.8,11156.0,3,3,Govt. Middle School Butala,Bathinda,Bathinda,44,Primary,Hindi
SCH0222,2025-05,43601.302,6317.0,4,4,Govt. Middle School Edwin,Sangrur,Sunam,298,Upper Primary,Punjabi
SCH0222,2025-06,25800.0,2620.0,2,2,Govt. Middle School Edwin,Sangrur,Sunam,298,Upper Primary,Punjabi
SCH0222,2025-07,34.1,5429.0,2,2,Govt. Middle School Edwin,Sangrur,Sunam,298,Upper Primary,Punjabi
SCH0222,2025-08,41.7,1668.0,1,1,Govt. Middle School Edwin,Sangrur,Sunam,298,Upper Primary,Punjabi
SCH0222,2025-09,0.308,616.0,1,1,Govt. Middle School Edwin,Sangrur,Sunam,298,Upper Primary,Punjabi
SCH0222,2025-10,113800.0,10604.0,4,3,Govt. Middle School Edwin,Sangrur,Sunam,298,Upper Primary,Punjabi
SCH0222,2025-12,78.1,5896.0,3,3,Govt. Middle School Edwin,Sangrur,Sunam,298,Upper Primary,Punjabi
SCH0222,2026-01,59200.0,2368.0,1,1,Govt. Middle School Edwin,Sangrur,Sunam,298,Upper Primary,Punjabi
SCH0222,2026-03,12800.0,6629.0,3,3,Govt. Middle School Edwin,Sangrur,Sunam,298,Upper Primary,Punjabi
SCH0223,2025-05,0.0,807.0,1,1,Govt. Senior Secondary School Mallick,Bathinda,Maur,47,Secondary,Punjabi
SCH0223,2025-06,0.0,4128.0,1,1,Govt. Senior Secondary School Mallick,Bathinda,Maur,47,Secondary,Punjabi
SCH0223,2025-07,33.742000000000004,5676.0,3,3,Govt. Senior Secondary School Mallick,Bathinda,Maur,47,Secondary,Punjabi
SCH0223,2025-08,32.9,1316.0,1,1,Govt. Senior Secondary School Mallick,Bathinda,Maur,47,Secondary,Punjabi
SCH0223,2025-09,25600.0,768.0,1,1,Govt. Senior Secondary School Mallick,Bathinda,Maur,47,Secondary,Punjabi
SCH0223,2025-10,0.464,928.0,1,1,Govt. Senior Secondary School Mallick,Bathinda,Maur,47,Secondary,Punjabi
SCH0223,2025-11,0.774,5961.0,2,2,Govt. Senior Secondary School Mallick,Bathinda,Maur,47,Secondary,Punjabi
SCH0223,2025-12,49.614000000000004,7641.0,3,3,Govt. Senior Secondary School Mallick,Bathinda,Maur,47,Secondary,Punjabi
SCH0223,2026-01,34779.776,7131.0,6,5,Govt. Senior Secondary School Mallick,Bathinda,Maur,47,Secondary,Punjabi
SCH0223,2026-02,23.7,711.0,1,1,Govt. Senior Secondary School Mallick,Bathinda,Maur,47,Secondary,Punjabi
SCH0223,2026-03,0.0,4338.0,1,1,Govt. Senior Secondary School Mallick,Bathinda,Maur,47,Secondary,Punjabi
SCH0224,2025-04,57800.0,8397.0,4,3,Govt. Senior Secondary School Kunda,Ferozepur,Makhu,84,Primary,Hindi
SCH0224,2025-05,40586.112,14616.0,4,3,Govt. Senior Secondary School Kunda,Ferozepur,Makhu,84,Primary,Hindi
SCH0224,2025-06,35400.0,6700.0,3,2,Govt. Senior Secondary School Kunda,Ferozepur,Makhu,84,Primary,Hindi
SCH0224,2025-07,0.95,1900.0,1,1,Govt. Senior Secondary School Kunda,Ferozepur,Makhu,84,Primary,Hindi
SCH0224,2025-08,49.912,6616.0,2,2,Govt. Senior Secondary School Kunda,Ferozepur,Makhu,84,Primary,Hindi
SCH0224,2025-09,14700.0,2478.0,2,2,Govt. Senior Secondary School Kunda,Ferozepur,Makhu,84,Primary,Hindi
SCH0224,2025-10,0.48,2880.0,1,1,Govt. Senior Secondary School Kunda,Ferozepur,Makhu,84,Primary,Hindi
SCH0224,2025-11,58.448,7395.0,3,3,Govt. Senior Secondary School Kunda,Ferozepur,Makhu,84,Primary,Hindi
SCH0224,2025-12,0.0,1004.0,1,1,Govt. Senior Secondary School Kunda,Ferozepur,Makhu,84,Primary,Hindi
SCH0224,2026-02,43.2,1720.0,2,2,Govt. Senior Secondary School Kunda,Ferozepur,Makhu,84,Primary,Hindi
SCH0224,2026-03,33100.0,2979.0,1,1,Govt. Senior Secondary School Kunda,Ferozepur,Makhu,84,Primary,Hindi
SCH0225,2025-04,51900.0,6228.0,1,1,Govt. Middle School Chaudhry,Ludhiana,Doraha,236,Secondary,Hindi
SCH0225,2025-05,0.0,1552.0,1,1,Govt. Middle School Chaudhry,Ludhiana,Doraha,236,Secondary,Hindi
SCH0225,2025-06,24.2,2752.0,2,1,Govt. Middle School Chaudhry,Ludhiana,Doraha,236,Secondary,Hindi
SCH0225,2025-08,46004.236,8730.0,5,5,Govt. Middle School Chaudhry,Ludhiana,Doraha,236,Secondary,Hindi
SCH0225,2025-10,0.0,3876.0,2,1,Govt. Middle School Chaudhry,Ludhiana,Doraha,236,Secondary,Hindi
SCH0225,2025-11,0.0,1641.0,1,1,Govt. Middle School Chaudhry,Ludhiana,Doraha,236,Secondary,Hindi
SCH0225,2025-12,0.838,3771.0,1,1,Govt. Middle School Chaudhry,Ludhiana,Doraha,236,Secondary,Hindi
SCH0225,2026-02,33424.616,6588.0,3,3,Govt. Middle School Chaudhry,Ludhiana,Doraha,236,Secondary,Hindi
SCH0226,2025-04,27553.6,9204.0,6,3,Govt. Primary School Upadhyay,Ludhiana,Doraha,374,Upper Primary,Hindi
SCH0226,2025-05,1.654,5397.0,2,1,Govt. Primary School Upadhyay,Ludhiana,Doraha,374,Upper Primary,Hindi
SCH0226,2025-06,0.394,2364.0,1,1,Govt. Primary School Upadhyay,Ludhiana,Doraha,374,Upper Primary,Hindi
SCH0226,2025-07,29.5,2812.0,2,1,Govt. Primary School Upadhyay,Ludhiana,Doraha,374,Upper Primary,Hindi
SCH0226,2025-08,1.432,7647.0,5,5,Govt. Primary School Upadhyay,Ludhiana,Doraha,374,Upper Primary,Hindi
SCH0226,2025-09,0.954,0.0,1,1,Govt. Primary School Upadhyay,Ludhiana,Doraha,374,Upper Primary,Hindi
SCH0226,2025-10,19.9,2388.0,1,1,Govt. Primary School Upadhyay,Ludhiana,Doraha,374,Upper Primary,Hindi
SCH0226,2025-11,19.114,6167.0,4,4,Govt. Primary School Upadhyay,Ludhiana,Doraha,374,Upper Primary,Hindi
SCH0226,2025-12,104.26599999999999,13420.0,4,3,Govt. Primary School Upadhyay,Ludhiana,Doraha,374,Upper Primary,Hindi
SCH0226,2026-01,17300.0,6378.0,3,3,Govt. Primary School Upadhyay,Ludhiana,Doraha,374,Upper Primary,Hindi
SCH0226,2026-02,50500.0,1515.0,1,1,Govt. Primary School Upadhyay,Ludhiana,Doraha,374,Upper Primary,Hindi
SCH0226,2026-03,35300.0,6463.0,3,3,Govt. Primary School Upadhyay,Ludhiana,Doraha,374,Upper Primary,Hindi
SCH0227,2025-04,59322.1,9105.0,2,2,Govt. Senior Secondary School Samra,Ferozepur,Makhu,393,Secondary,Hindi
SCH0227,2025-06,46020.6,6824.0,3,3,Govt. Senior Secondary School Samra,Ferozepur,Makhu,393,Secondary,Hindi
SCH0227,2025-08,38437.2,7920.0,2,2,Govt. Senior Secondary School Samra,Ferozepur,Makhu,393,Secondary,Hindi
SCH0227,2025-09,59.036,3418.0,2,2,Govt. Senior Secondary School Samra,Ferozepur,Makhu,393,Secondary,Hindi
SCH0227,2025-10,32800.0,3987.0,2,2,Govt. Senior Secondary School Samra,Ferozepur,Makhu,393,Secondary,Hindi
SCH0227,2025-11,52.754,1908.0,2,1,Govt. Senior Secondary School Samra,Ferozepur,Makhu,393,Secondary,Hindi
SCH0227,2026-01,39.634,5631.0,2,2,Govt. Senior Secondary School Samra,Ferozepur,Makhu,393,Secondary,Hindi
SCH0227,2026-02,0.784,3896.0,2,2,Govt. Senior Secondary School Samra,Ferozepur,Makhu,393,Secondary,Hindi
SCH0227,2026-03,0.0,9450.0,2,2,Govt. Senior Secondary School Samra,Ferozepur,Makhu,393,Secondary,Hindi
SCH0228,2025-05,0.0,0.0,1,1,Govt. Elementary School Sankar,Sangrur,Sunam,272,Secondary,Hindi
SCH0228,2025-06,36400.0,6757.0,2,2,Govt. Elementary School Sankar,Sangrur,Sunam,272,Secondary,Hindi
SCH0228,2025-07,0.0,6080.0,2,2,Govt. Elementary School Sankar,Sangrur,Sunam,272,Secondary,Hindi
SCH0228,2025-08,27.6,1104.0,1,1,Govt. Elementary School Sankar,Sangrur,Sunam,272,Secondary,Hindi
SCH0228,2025-09,0.0,10113.0,2,2,Govt. Elementary School Sankar,Sangrur,Sunam,272,Secondary,Hindi
SCH0228,2025-10,62.099999999999994,3051.0,2,2,Govt. Elementary School Sankar,Sangrur,Sunam,272,Secondary,Hindi
SCH0228,2025-11,1.006,12064.0,3,2,Govt. Elementary School Sankar,Sangrur,Sunam,272,Secondary,Hindi
SCH0228,2026-01,0.626,3308.0,2,2,Govt. Elementary School Sankar,Sangrur,Sunam,272,Secondary,Hindi
SCH0228,2026-02,57620.35,7890.0,3,3,Govt. Elementary School Sankar,Sangrur,Sunam,272,Secondary,Hindi
SCH0228,2026-03,65.3,6987.0,2,2,Govt. Elementary School Sankar,Sangrur,Sunam,272,Secondary,Hindi
SCH0229,2025-04,51.262,10697.0,3,2,Govt. Primary School Balay,Patiala,Unknown,309,Secondary,Hindi
SCH0229,2025-05,0.0,1608.0,1,1,Govt. Primary School Balay,Patiala,Unknown,309,Secondary,Hindi
SCH0229,2025-06,0.492,3354.0,2,2,Govt. Primary School Balay,Patiala,Unknown,309,Secondary,Hindi
SCH0229,2025-07,38874.79,6222.0,4,3,Govt. Primary School Balay,Patiala,Unknown,309,Secondary,Hindi
SCH0229,2025-08,26.528000000000002,2230.0,2,1,Govt. Primary School Balay,Patiala,Unknown,309,Secondary,Hindi
SCH0229,2025-09,0.962,6699.0,4,3,Govt. Primary School Balay,Patiala,Unknown,309,Secondary,Hindi
SCH0229,2025-10,0.78,7080.0,2,2,Govt. Primary School Balay,Patiala,Unknown,309,Secondary,Hindi
SCH0229,2025-11,51.5,2060.0,1,1,Govt. Primary School Balay,Patiala,Unknown,309,Secondary,Hindi
SCH0229,2025-12,26500.652,5375.0,3,3,Govt. Primary School Balay,Patiala,Unknown,309,Secondary,Hindi
SCH0229,2026-01,14.7,2148.0,2,1,Govt. Primary School Balay,Patiala,Unknown,309,Secondary,Hindi
SCH0229,2026-02,34115.6,4560.0,2,2,Govt. Primary School Balay,Patiala,Unknown,309,Secondary,Hindi
SCH0229,2026-03,44300.968,11495.0,5,4,Govt. Primary School Balay,Patiala,Unknown,309,Secondary,Hindi
SCH0230,2025-04,0.0,498.0,1,1,Govt. Senior Secondary School Badal,Patiala,Nabha,124,Higher Secondary,Punjabi
SCH0230,2025-05,0.0,1644.0,1,1,Govt. Senior Secondary School Badal,Patiala,Nabha,124,Higher Secondary,Punjabi
SCH0230,2025-07,0.3720000000000001,3960.0,2,1,Govt. Senior Secondary School Badal,Patiala,Nabha,124,Higher Secondary,Punjabi
SCH0230,2025-08,56010.8,2564.0,2,2,Govt. Senior Secondary School Badal,Patiala,Nabha,124,Higher Secondary,Punjabi
SCH0230,2025-09,39654.0,5724.0,2,1,Govt. Senior Secondary School Badal,Patiala,Nabha,124,Higher Secondary,Punjabi
SCH0230,2025-10,63300.786,11133.0,3,3,Govt. Senior Secondary School Badal,Patiala,Nabha,124,Higher Secondary,Punjabi
SCH0230,2025-12,31200.0,1832.0,2,2,Govt. Senior Secondary School Badal,Patiala,Nabha,124,Higher Secondary,Punjabi
SCH0230,2026-02,0.214,1284.0,1,1,Govt. Senior Secondary School Badal,Patiala,Nabha,124,Higher Secondary,Punjabi
SCH0230,2026-03,31.9,2871.0,1,1,Govt. Senior Secondary School Badal,Patiala,Nabha,124,Higher Secondary,Punjabi
SCH0231,2025-04,10.6,4924.0,2,2,Govt. Primary School Datta,Amritsar,Tarn Taran,68,Higher Secondary,English
SCH0231,2025-05,40658.8,10890.0,3,3,Govt. Primary School Datta,Amritsar,Tarn Taran,68,Higher Secondary,English
SCH0231,2025-06,30149.7,5600.0,2,2,Govt. Primary School Datta,Amritsar,Tarn Taran,68,Higher Secondary,English
SCH0231,2025-09,53.1,1965.0,2,2,Govt. Primary School Datta,Amritsar,Tarn Taran,68,Higher Secondary,English
SCH0231,2025-10,0.746,1119.0,1,1,Govt. Primary School Datta,Amritsar,Tarn Taran,68,Higher Secondary,English
SCH0231,2025-11,1.018,6108.0,1,1,Govt. Primary School Datta,Amritsar,Tarn Taran,68,Higher Secondary,English
SCH0231,2025-12,49911.9,7307.0,3,3,Govt. Primary School Datta,Amritsar,Tarn Taran,68,Higher Secondary,English
SCH0231,2026-01,115500.0,8373.0,3,3,Govt. Primary School Datta,Amritsar,Tarn Taran,68,Higher Secondary,English
SCH0231,2026-02,56400.0,2007.0,2,2,Govt. Primary School Datta,Amritsar,Tarn Taran,68,Higher Secondary,English
SCH0231,2026-03,57711.194,2896.0,3,3,Govt. Primary School Datta,Amritsar,Tarn Taran,68,Higher Secondary,English
SCH0232,2025-04,0.0,2460.0,1,1,Govt. Primary School Choudhary,Ludhiana,Machhiwara,170,Upper Primary,Punjabi
SCH0232,2025-06,0.0,6120.0,2,2,Govt. Primary School Choudhary,Ludhiana,Machhiwara,170,Upper Primary,Punjabi
SCH0232,2025-07,0.0,6956.0,2,2,Govt. Primary School Choudhary,Ludhiana,Machhiwara,170,Upper Primary,Punjabi
SCH0232,2025-08,28800.0,7344.0,2,2,Govt. Primary School Choudhary,Ludhiana,Machhiwara,170,Upper Primary,Punjabi
SCH0232,2025-09,0.0,2772.0,1,1,Govt. Primary School Choudhary,Ludhiana,Machhiwara,170,Upper Primary,Punjabi
SCH0232,2025-10,51936.6,6609.0,3,3,Govt. Primary School Choudhary,Ludhiana,Machhiwara,170,Upper Primary,Punjabi
SCH0232,2025-11,0.8380000000000001,2085.0,2,2,Govt. Primary School Choudhary,Ludhiana,Machhiwara,170,Upper Primary,Punjabi
SCH0232,2025-12,0.0,5148.0,1,1,Govt. Primary School Choudhary,Ludhiana,Machhiwara,170,Upper Primary,Punjabi
SCH0232,2026-02,50300.0,4527.0,1,1,Govt. Primary School Choudhary,Ludhiana,Machhiwara,170,Upper Primary,Punjabi
SCH0232,2026-03,0.0,1812.0,1,1,Govt. Primary School Choudhary,Ludhiana,Machhiwara,170,Upper Primary,Punjabi
SCH0233,2025-06,142.086,8173.0,4,3,Govt. Senior Secondary School Mutti,Unknown,Ludhiana-I,281,Higher Secondary,Punjabi
SCH0233,2025-07,53.8,4842.0,1,1,Govt. Senior Secondary School Mutti,Unknown,Ludhiana-I,281,Higher Secondary,Punjabi
SCH0233,2025-08,84000.0,6496.0,2,2,Govt. Senior Secondary School Mutti,Unknown,Ludhiana-I,281,Higher Secondary,Punjabi
SCH0233,2025-09,19.7,1773.0,1,1,Govt. Senior Secondary School Mutti,Unknown,Ludhiana-I,281,Higher Secondary,Punjabi
SCH0233,2025-10,0.0,954.0,1,1,Govt. Senior Secondary School Mutti,Unknown,Ludhiana-I,281,Higher Secondary,Punjabi
SCH0233,2025-11,177.2,15751.0,6,6,Govt. Senior Secondary School Mutti,Unknown,Ludhiana-I,281,Higher Secondary,Punjabi
SCH0233,2025-12,0.0,4878.0,1,1,Govt. Senior Secondary School Mutti,Unknown,Ludhiana-I,281,Higher Secondary,Punjabi
SCH0233,2026-01,34664.2,11839.0,4,4,Govt. Senior Secondary School Mutti,Unknown,Ludhiana-I,281,Higher Secondary,Punjabi
SCH0233,2026-02,0.726,3267.0,1,1,Govt. Senior Secondary School Mutti,Unknown,Ludhiana-I,281,Higher Secondary,Punjabi
SCH0233,2026-03,0.0,3048.0,2,2,Govt. Senior Secondary School Mutti,Unknown,Ludhiana-I,281,Higher Secondary,Punjabi
SCH0234,2025-05,56602.324,13357.0,4,3,Govt. Senior Secondary School Tak,Moga,Nihal Singh Wala,269,Higher Secondary,English
SCH0234,2025-06,40100.0,1604.0,1,1,Govt. Senior Secondary School Tak,Moga,Nihal Singh Wala,269,Higher Secondary,English
SCH0234,2025-08,46.8,8100.0,2,2,Govt. Senior Secondary School Tak,Moga,Nihal Singh Wala,269,Higher Secondary,English
SCH0234,2025-09,24.684,3186.0,2,2,Govt. Senior Secondary School Tak,Moga,Nihal Singh Wala,269,Higher Secondary,English
SCH0234,2025-10,83100.0,4089.0,3,3,Govt. Senior Secondary School Tak,Moga,Nihal Singh Wala,269,Higher Secondary,English
SCH0234,2026-01,0.5579999999999999,3348.0,1,1,Govt. Senior Secondary School Tak,Moga,Nihal Singh Wala,269,Higher Secondary,English
SCH0234,2026-02,51841.7,5703.0,3,3,Govt. Senior Secondary School Tak,Moga,Nihal Singh Wala,269,Higher Secondary,English
SCH0235,2025-04,57.952,5626.0,5,3,Govt. Senior Secondary School Balan,Amritsar,Amritsar-II,315,Upper Primary,Punjabi
SCH0235,2025-05,13.8,2910.0,2,2,Govt. Senior Secondary School Balan,Amritsar,Amritsar-II,315,Upper Primary,Punjabi
SCH0235,2025-06,81.80000000000001,4421.0,3,3,Govt. Senior Secondary School Balan,Amritsar,Amritsar-II,315,Upper Primary,Punjabi
SCH0235,2025-07,29400.0,882.0,1,1,Govt. Senior Secondary School Balan,Amritsar,Amritsar-II,315,Upper Primary,Punjabi
SCH0235,2025-08,0.0,1272.0,1,1,Govt. Senior Secondary School Balan,Amritsar,Amritsar-II,315,Upper Primary,Punjabi
SCH0235,2025-11,35.2,3168.0,1,1,Govt. Senior Secondary School Balan,Amritsar,Amritsar-II,315,Upper Primary,Punjabi
SCH0235,2025-12,0.5,2250.0,1,1,Govt. Senior Secondary School Balan,Amritsar,Amritsar-II,315,Upper Primary,Punjabi
SCH0235,2026-01,0.0,3360.0,2,2,Govt. Senior Secondary School Balan,Amritsar,Amritsar-II,315,Upper Primary,Punjabi
SCH0235,2026-03,50.8,4572.0,1,1,Govt. Senior Secondary School Balan,Amritsar,Amritsar-II,315,Upper Primary,Punjabi
SCH0236,2025-04,0.0,4860.0,1,1,Govt. Senior Secondary School Palan,Bathinda,Talwandi Sabo,384,Higher Secondary,English
SCH0236,2025-05,20700.638,2871.0,2,2,Govt. Senior Secondary School Palan,Bathinda,Talwandi Sabo,384,Higher Secondary,English
SCH0236,2025-06,21.2,636.0,1,1,Govt. Senior Secondary School Palan,Bathinda,Talwandi Sabo,384,Higher Secondary,English
SCH0236,2025-07,0.434,2548.0,2,2,Govt. Senior Secondary School Palan,Bathinda,Talwandi Sabo,384,Higher Secondary,English
SCH0236,2025-09,0.0,1047.0,1,1,Govt. Senior Secondary School Palan,Bathinda,Talwandi Sabo,384,Higher Secondary,English
SCH0236,2025-11,14.8,3661.0,2,2,Govt. Senior Secondary School Palan,Bathinda,Talwandi Sabo,384,Higher Secondary,English
SCH0236,2025-12,25.232,14153.0,4,4,Govt. Senior Secondary School Palan,Bathinda,Talwandi Sabo,384,Higher Secondary,English
SCH0236,2026-01,17600.0,1584.0,1,1,Govt. Senior Secondary School Palan,Bathinda,Talwandi Sabo,384,Higher Secondary,English
SCH0236,2026-03,1.002,4509.0,2,2,Govt. Senior Secondary School Palan,Bathinda,Talwandi Sabo,384,Higher Secondary,English
SCH0237,2025-04,43.4,8484.0,3,3,Govt. Elementary School Sood,Jalandhar,Nakodar,136,Primary,Punjabi
SCH0237,2025-05,12.9,516.0,1,1,Govt. Elementary School Sood,Jalandhar,Nakodar,136,Primary,Punjabi
SCH0237,2025-06,0.496,744.0,1,1,Govt. Elementary School Sood,Jalandhar,Nakodar,136,Primary,Punjabi
SCH0237,2025-07,64.8,6264.0,3,3,Govt. Elementary School Sood,Jalandhar,Nakodar,136,Primary,Punjabi
SCH0237,2025-08,13.3,399.0,1,1,Govt. Elementary School Sood,Jalandhar,Nakodar,136,Primary,Punjabi
SCH0237,2025-09,52500.908,6186.0,2,2,Govt. Elementary School Sood,Jalandhar,Nakodar,136,Primary,Punjabi
SCH0237,2025-10,32500.3,4527.0,3,2,Govt. Elementary School Sood,Jalandhar,Nakodar,136,Primary,Punjabi
SCH0237,2025-11,59.6,4684.0,2,1,Govt. Elementary School Sood,Jalandhar,Nakodar,136,Primary,Punjabi
SCH0237,2025-12,0.0,432.0,1,1,Govt. Elementary School Sood,Jalandhar,Nakodar,136,Primary,Punjabi
SCH0237,2026-01,50300.0,4527.0,1,1,Govt. Elementary School Sood,Jalandhar,Nakodar,136,Primary,Punjabi
SCH0238,2025-04,15.264,4743.0,2,2,Govt. Primary School Amble,Patiala,Nabha,74,Primary,Punjabi
SCH0238,2025-05,75.1,8120.0,3,2,Govt. Primary School Amble,Patiala,Nabha,74,Primary,Punjabi
SCH0238,2025-07,45677.3,11172.0,4,3,Govt. Primary School Amble,Patiala,Nabha,74,Primary,Punjabi
SCH0238,2025-08,12.8,1152.0,1,1,Govt. Primary School Amble,Patiala,Nabha,74,Primary,Punjabi
SCH0238,2025-09,19826.2,5158.0,4,4,Govt. Primary School Amble,Patiala,Nabha,74,Primary,Punjabi
SCH0238,2025-10,0.944,4248.0,1,1,Govt. Primary School Amble,Patiala,Nabha,74,Primary,Punjabi
SCH0238,2025-11,66643.742,10065.0,4,4,Govt. Primary School Amble,Patiala,Nabha,74,Primary,Punjabi
SCH0238,2025-12,1.166,13959.0,3,3,Govt. Primary School Amble,Patiala,Nabha,74,Primary,Punjabi
SCH0238,2026-01,59.3,2372.0,1,1,Govt. Primary School Amble,Patiala,Nabha,74,Primary,Punjabi
SCH0238,2026-03,75389.9,9327.0,5,4,Govt. Primary School Amble,Patiala,Nabha,74,Primary,Punjabi
SCH0239,2025-05,37.3,9423.0,3,3,Govt. Middle School Butala,Ferozepur,Mamdot,159,Primary,Hindi
SCH0239,2025-06,0.206,927.0,1,1,Govt. Middle School Butala,Ferozepur,Mamdot,159,Primary,Hindi
SCH0239,2025-07,0.0,1012.0,1,1,Govt. Middle School Butala,Ferozepur,Mamdot,159,Primary,Hindi
SCH0239,2025-08,14.7,8247.0,3,3,Govt. Middle School Butala,Ferozepur,Mamdot,159,Primary,Hindi
SCH0239,2025-10,0.0,6408.0,1,1,Govt. Middle School Butala,Ferozepur,Mamdot,159,Primary,Hindi
SCH0239,2026-01,58800.0,4520.0,2,2,Govt. Middle School Butala,Ferozepur,Mamdot,159,Primary,Hindi
SCH0239,2026-02,14.4,1296.0,1,1,Govt. Middle School Butala,Ferozepur,Mamdot,159,Primary,Hindi
SCH0239,2026-03,11200.0,2859.0,2,2,Govt. Middle School Butala,Ferozepur,Mamdot,159,Primary,Hindi
SCH0240,2025-04,127.0,12648.0,5,5,Govt. Senior Secondary School Mitter,Moga,Bagha Purana,161,Upper Primary,English
SCH0240,2025-05,67.5,4659.0,2,2,Govt. Senior Secondary School Mitter,Moga,Bagha Purana,161,Upper Primary,English
SCH0240,2025-07,26700.366,8316.0,3,3,Govt. Senior Secondary School Mitter,Moga,Bagha Purana,161,Upper Primary,English
SCH0240,2025-08,0.836,1254.0,1,1,Govt. Senior Secondary School Mitter,Moga,Bagha Purana,161,Upper Primary,English
SCH0240,2025-10,44700.0,8544.0,3,3,Govt. Senior Secondary School Mitter,Moga,Bagha Purana,161,Upper Primary,English
SCH0240,2025-11,68.3,4827.0,3,3,Govt. Senior Secondary School Mitter,Moga,Bagha Purana,161,Upper Primary,English
SCH0240,2025-12,98300.0,9458.0,3,3,Govt. Senior Secondary School Mitter,Moga,Bagha Purana,161,Upper Primary,English
SCH0240,2026-01,48.2,5594.0,2,2,Govt. Senior Secondary School Mitter,Moga,Bagha Purana,161,Upper Primary,English
SCH0240,2026-02,40.11,7806.0,2,2,Govt. Senior Secondary School Mitter,Moga,Bagha Purana,161,Upper Primary,English
SCH0240,2026-03,25.0,750.0,1,1,Govt. Senior Secondary School Mitter,Moga,Bagha Purana,161,Upper Primary,English
SCH0241,2025-04,10.3,927.0,1,1,Govt. Middle School Dass,Ludhiana,Ludhiana-II,360,Higher Secondary,Punjabi
SCH0241,2025-05,0.916,5496.0,1,1,Govt. Middle School Dass,Ludhiana,Ludhiana-II,360,Higher Secondary,Punjabi
SCH0241,2025-06,60.4,4416.0,2,2,Govt. Middle School Dass,Ludhiana,Ludhiana-II,360,Higher Secondary,Punjabi
SCH0241,2025-09,0.0,2809.0,2,2,Govt. Middle School Dass,Ludhiana,Ludhiana-II,360,Higher Secondary,Punjabi
SCH0241,2025-10,0.6459999999999999,5540.0,2,2,Govt. Middle School Dass,Ludhiana,Ludhiana-II,360,Higher Secondary,Punjabi
SCH0241,2025-11,40.5,1215.0,1,1,Govt. Middle School Dass,Ludhiana,Ludhiana-II,360,Higher Secondary,Punjabi
SCH0241,2025-12,23800.0,4675.0,3,3,Govt. Middle School Dass,Ludhiana,Ludhiana-II,360,Higher Secondary,Punjabi
SCH0241,2026-01,0.0,2592.0,1,1,Govt. Middle School Dass,Ludhiana,Ludhiana-II,360,Higher Secondary,Punjabi
SCH0241,2026-03,12701.278,6245.0,3,2,Govt. Middle School Dass,Ludhiana,Ludhiana-II,360,Higher Secondary,Punjabi
SCH0242,2025-04,47200.616,6896.0,2,2,Govt. Elementary School Bhardwaj,Moga,Nihal Singh Wala,249,Higher Secondary,Hindi
SCH0242,2025-05,59.8,7176.0,1,1,Govt. Elementary School Bhardwaj,Moga,Nihal Singh Wala,249,Higher Secondary,Hindi
SCH0242,2025-06,0.342,684.0,1,1,Govt. Elementary School Bhardwaj,Moga,Nihal Singh Wala,249,Higher Secondary,Hindi
SCH0242,2025-07,0.67,5207.0,2,2,Govt. Elementary School Bhardwaj,Moga,Nihal Singh Wala,249,Higher Secondary,Hindi
SCH0242,2025-09,25.355999999999998,1724.0,2,2,Govt. Elementary School Bhardwaj,Moga,Nihal Singh Wala,249,Higher Secondary,Hindi
SCH0242,2025-10,44245.5,3133.0,2,2,Govt. Elementary School Bhardwaj,Moga,Nihal Singh Wala,249,Higher Secondary,Hindi
SCH0242,2025-11,48.3,1449.0,2,2,Govt. Elementary School Bhardwaj,Moga,Nihal Singh Wala,249,Higher Secondary,Hindi
SCH0242,2025-12,0.0,2200.0,1,1,Govt. Elementary School Bhardwaj,Moga,Nihal Singh Wala,249,Higher Secondary,Hindi
SCH0242,2026-01,54200.0,4878.0,1,1,Govt. Elementary School Bhardwaj,Moga,Nihal Singh Wala,249,Higher Secondary,Hindi
SCH0242,2026-02,45.2,5424.0,1,1,Govt. Elementary School Bhardwaj,Moga,Nihal Singh Wala,249,Higher Secondary,Hindi
SCH0242,2026-03,1.094,11694.0,2,2,Govt. Elementary School Bhardwaj,Moga,Nihal Singh Wala,249,Higher Secondary,Hindi
SCH0243,2025-05,0.0,880.0,1,1,Govt. Senior Secondary School Deep,Bathinda,Maur,277,Higher Secondary,English
SCH0243,2025-06,0.688,1376.0,1,1,Govt. Senior Secondary School Deep,Bathinda,Maur,277,Higher Secondary,English
SCH0243,2025-07,13.302000000000001,1516.0,2,2,Govt. Senior Secondary School Deep,Bathinda,Maur,277,Higher Secondary,English
SCH0243,2025-09,59900.492,2781.0,2,2,Govt. Senior Secondary School Deep,Bathinda,Maur,277,Higher Secondary,English
SCH0243,2025-10,49700.0,9792.0,2,2,Govt. Senior Secondary School Deep,Bathinda,Maur,277,Higher Secondary,English
SCH0243,2026-01,0.812,4872.0,1,1,Govt. Senior Secondary School Deep,Bathinda,Maur,277,Higher Secondary,English
SCH0243,2026-03,44.0,6528.0,2,2,Govt. Senior Secondary School Deep,Bathinda,Maur,277,Higher Secondary,English
SCH0244,2025-05,88.1,11492.0,3,3,Govt. Primary School Swamy,Patiala,Samana,371,Higher Secondary,Hindi
SCH0244,2025-06,0.0,4158.0,1,1,Govt. Primary School Swamy,Patiala,Samana,371,Higher Secondary,Hindi
SCH0244,2025-08,24640.4,3830.0,2,2,Govt. Primary School Swamy,Patiala,Samana,371,Higher Secondary,Hindi
SCH0244,2025-09,99.5,3980.0,3,3,Govt. Primary School Swamy,Patiala,Samana,371,Higher Secondary,Hindi
SCH0244,2025-10,58.8,2352.0,1,1,Govt. Primary School Swamy,Patiala,Samana,371,Higher Secondary,Hindi
SCH0244,2025-11,39.0,4680.0,1,1,Govt. Primary School Swamy,Patiala,Samana,371,Higher Secondary,Hindi
SCH0244,2025-12,24011.36,10983.0,4,3,Govt. Primary School Swamy,Patiala,Samana,371,Higher Secondary,Hindi
SCH0244,2026-01,44.1,5292.0,1,1,Govt. Primary School Swamy,Patiala,Samana,371,Higher Secondary,Hindi
SCH0245,2025-04,47.556,13647.0,4,3,Govt. Senior Secondary School Sarkar,Ludhiana,Doraha,233,Primary,Hindi
SCH0245,2025-05,10.8,324.0,1,1,Govt. Senior Secondary School Sarkar,Ludhiana,Doraha,233,Primary,Hindi
SCH0245,2025-06,11.1,444.0,1,1,Govt. Senior Secondary School Sarkar,Ludhiana,Doraha,233,Primary,Hindi
SCH0245,2025-07,0.884,6528.0,2,2,Govt. Senior Secondary School Sarkar,Ludhiana,Doraha,233,Primary,Hindi
SCH0245,2025-08,26700.0,1068.0,1,1,Govt. Senior Secondary School Sarkar,Ludhiana,Doraha,233,Primary,Hindi
SCH0245,2025-09,1.086,4887.0,1,1,Govt. Senior Secondary School Sarkar,Ludhiana,Doraha,233,Primary,Hindi
SCH0245,2025-10,0.8199999999999998,4262.0,2,2,Govt. Senior Secondary School Sarkar,Ludhiana,Doraha,233,Primary,Hindi
SCH0245,2025-11,0.0,6444.0,1,1,Govt. Senior Secondary School Sarkar,Ludhiana,Doraha,233,Primary,Hindi
SCH0245,2025-12,25.006,2976.0,2,2,Govt. Senior Secondary School Sarkar,Ludhiana,Doraha,233,Primary,Hindi
SCH0245,2026-01,0.0,1456.0,1,1,Govt. Senior Secondary School Sarkar,Ludhiana,Doraha,233,Primary,Hindi
SCH0245,2026-02,44657.786,7155.0,3,3,Govt. Senior Secondary School Sarkar,Ludhiana,Doraha,233,Primary,Hindi
SCH0245,2026-03,57700.67,11609.0,4,3,Govt. Senior Secondary School Sarkar,Ludhiana,Doraha,233,Primary,Hindi
SCH0246,2025-04,18947.7,1998.0,2,2,Govt. Primary School Chaudhari,Patiala,Rajpura,146,Secondary,Hindi
SCH0246,2025-05,20300.0,3125.0,3,3,Govt. Primary School Chaudhari,Patiala,Rajpura,146,Secondary,Hindi
SCH0246,2025-06,0.258,387.0,1,1,Govt. Primary School Chaudhari,Patiala,Rajpura,146,Secondary,Hindi
SCH0246,2025-08,0.0,3636.0,2,2,Govt. Primary School Chaudhari,Patiala,Rajpura,146,Secondary,Hindi
SCH0246,2025-09,14852.0,6012.0,2,2,Govt. Primary School Chaudhari,Patiala,Rajpura,146,Secondary,Hindi
SCH0246,2025-11,91.1,9540.0,2,2,Govt. Primary School Chaudhari,Patiala,Rajpura,146,Secondary,Hindi
SCH0246,2025-12,82.19999999999999,3546.0,3,3,Govt. Primary School Chaudhari,Patiala,Rajpura,146,Secondary,Hindi
SCH0246,2026-01,49.3,1972.0,1,1,Govt. Primary School Chaudhari,Patiala,Rajpura,146,Secondary,Hindi
SCH0246,2026-02,13223.498,5859.0,3,3,Govt. Primary School Chaudhari,Patiala,Rajpura,146,Secondary,Hindi
SCH0246,2026-03,0.0,621.0,1,1,Govt. Primary School Chaudhari,Patiala,Rajpura,146,Secondary,Hindi
SCH0247,2025-04,57.5,2300.0,1,1,Govt. Senior Secondary School Barad,Amritsar,Tarn Taran,164,Upper Primary,English
SCH0247,2025-06,1.584,6048.0,3,3,Govt. Senior Secondary School Barad,Amritsar,Tarn Taran,164,Upper Primary,English
SCH0247,2025-07,53500.0,6420.0,1,1,Govt. Senior Secondary School Barad,Amritsar,Tarn Taran,164,Upper Primary,English
SCH0247,2025-08,25.0,3912.0,2,2,Govt. Senior Secondary School Barad,Amritsar,Tarn Taran,164,Upper Primary,English
SCH0247,2025-09,29.541999999999998,3993.0,3,3,Govt. Senior Secondary School Barad,Amritsar,Tarn Taran,164,Upper Primary,English
SCH0247,2025-10,14000.0,560.0,1,1,Govt. Senior Secondary School Barad,Amritsar,Tarn Taran,164,Upper Primary,English
SCH0247,2025-11,0.0,1728.0,1,1,Govt. Senior Secondary School Barad,Amritsar,Tarn Taran,164,Upper Primary,English
SCH0247,2025-12,0.5,750.0,1,1,Govt. Senior Secondary School Barad,Amritsar,Tarn Taran,164,Upper Primary,English
SCH0247,2026-01,12.7,3196.0,3,3,Govt. Senior Secondary School Barad,Amritsar,Tarn Taran,164,Upper Primary,English
SCH0247,2026-02,0.672,4032.0,1,1,Govt. Senior Secondary School Barad,Amritsar,Tarn Taran,164,Upper Primary,English
SCH0247,2026-03,0.0,1240.0,1,1,Govt. Senior Secondary School Barad,Amritsar,Tarn Taran,164,Upper Primary,English
SCH0248,2025-04,10426.6,2046.0,2,2,Govt. Elementary School Grover,Ferozepur,Mamdot,313,Secondary,Punjabi
SCH0248,2025-05,55000.0,6600.0,1,1,Govt. Elementary School Grover,Ferozepur,Mamdot,313,Secondary,Punjabi
SCH0248,2025-06,0.0,2406.0,2,1,Govt. Elementary School Grover,Ferozepur,Mamdot,313,Secondary,Punjabi
SCH0248,2025-07,29.8,3576.0,1,1,Govt. Elementary School Grover,Ferozepur,Mamdot,313,Secondary,Punjabi
SCH0248,2025-08,40486.836,8699.0,5,3,Govt. Elementary School Grover,Ferozepur,Mamdot,313,Secondary,Punjabi
SCH0248,2025-09,41500.0,1660.0,2,2,Govt. Elementary School Grover,Ferozepur,Mamdot,313,Secondary,Punjabi
SCH0248,2025-10,55.8,3240.0,2,2,Govt. Elementary School Grover,Ferozepur,Mamdot,313,Secondary,Punjabi
SCH0248,2025-11,27.062,1179.0,2,2,Govt. Elementary School Grover,Ferozepur,Mamdot,313,Secondary,Punjabi
SCH0248,2025-12,46916.7,3312.0,3,3,Govt. Elementary School Grover,Ferozepur,Mamdot,313,Secondary,Punjabi
SCH0248,2026-01,51.9,6267.0,2,2,Govt. Elementary School Grover,Ferozepur,Mamdot,313,Secondary,Punjabi
SCH0248,2026-03,1.232,8396.0,3,2,Govt. Elementary School Grover,Ferozepur,Mamdot,313,Secondary,Punjabi
SCH0249,2025-04,0.836,4143.0,2,2,Govt. Senior Secondary School Toor,Moga,Moga-II,229,Primary,Punjabi
SCH0249,2025-06,107200.0,9648.0,2,2,Govt. Senior Secondary School Toor,Moga,Moga-II,229,Primary,Punjabi
SCH0249,2025-07,27346.8,5031.0,2,2,Govt. Senior Secondary School Toor,Moga,Moga-II,229,Primary,Punjabi
SCH0249,2025-08,72.0,6208.0,2,2,Govt. Senior Secondary School Toor,Moga,Moga-II,229,Primary,Punjabi
SCH0249,2025-09,0.7659999999999999,1532.0,1,1,Govt. Senior Secondary School Toor,Moga,Moga-II,229,Primary,Punjabi
SCH0249,2025-10,49.8,1992.0,1,1,Govt. Senior Secondary School Toor,Moga,Moga-II,229,Primary,Punjabi
SCH0249,2025-12,12.392,4167.0,2,2,Govt. Senior Secondary School Toor,Moga,Moga-II,229,Primary,Punjabi
SCH0249,2026-01,0.0,1812.0,2,2,Govt. Senior Secondary School Toor,Moga,Moga-II,229,Primary,Punjabi
SCH0249,2026-02,22.8,5139.0,2,2,Govt. Senior Secondary School Toor,Moga,Moga-II,229,Primary,Punjabi
SCH0249,2026-03,32300.0,3876.0,1,1,Govt. Senior Secondary School Toor,Moga,Moga-II,229,Primary,Punjabi
SCH0250,2025-04,0.0,408.0,1,1,Govt. Senior Secondary School Lad,Bathinda,Talwandi Sabo,191,Secondary,English
SCH0250,2025-05,0.81,2511.0,2,2,Govt. Senior Secondary School Lad,Bathinda,Talwandi Sabo,191,Secondary,English
SCH0250,2025-08,0.0,4959.0,1,1,Govt. Senior Secondary School Lad,Bathinda,Talwandi Sabo,191,Secondary,English
SCH0250,2025-09,0.0,570.0,1,1,Govt. Senior Secondary School Lad,Bathinda,Talwandi Sabo,191,Secondary,English
SCH0250,2025-10,70.286,4006.0,3,2,Govt. Senior Secondary School Lad,Bathinda,Talwandi Sabo,191,Secondary,English
SCH0250,2025-11,0.836,5016.0,1,1,Govt. Senior Secondary School Lad,Bathinda,Talwandi Sabo,191,Secondary,English
SCH0250,2026-01,0.0,1565.0,1,1,Govt. Senior Secondary School Lad,Bathinda,Talwandi Sabo,191,Secondary,English
SCH0250,2026-02,0.974,5844.0,1,1,Govt. Senior Secondary School Lad,Bathinda,Talwandi Sabo,191,Secondary,English
SCH0250,2026-03,49.6,4464.0,2,2,Govt. Senior Secondary School Lad,Bathinda,Talwandi Sabo,191,Secondary,English
SCH0251,2025-04,52.0,10419.0,4,4,Govt. Middle School Choudhry,Bathinda,Talwandi Sabo,410,Higher Secondary,Hindi
SCH0251,2025-05,52.7,1581.0,1,1,Govt. Middle School Choudhry,Bathinda,Talwandi Sabo,410,Higher Secondary,Hindi
SCH0251,2025-06,0.0,3627.0,1,1,Govt. Middle School Choudhry,Bathinda,Talwandi Sabo,410,Higher Secondary,Hindi
SCH0251,2025-07,1.14,6840.0,1,1,Govt. Middle School Choudhry,Bathinda,Talwandi Sabo,410,Higher Secondary,Hindi
SCH0251,2025-08,79.1,7278.0,2,2,Govt. Middle School Choudhry,Bathinda,Talwandi Sabo,410,Higher Secondary,Hindi
SCH0251,2025-09,0.0,5660.0,2,2,Govt. Middle School Choudhry,Bathinda,Talwandi Sabo,410,Higher Secondary,Hindi
SCH0251,2025-10,2.02,4639.0,3,3,Govt. Middle School Choudhry,Bathinda,Talwandi Sabo,410,Higher Secondary,Hindi
SCH0251,2025-11,19.785999999999998,7677.0,4,4,Govt. Middle School Choudhry,Bathinda,Talwandi Sabo,410,Higher Secondary,Hindi
SCH0251,2025-12,12200.0,366.0,1,1,Govt. Middle School Choudhry,Bathinda,Talwandi Sabo,410,Higher Secondary,Hindi
SCH0251,2026-01,56311.9,7906.0,3,3,Govt. Middle School Choudhry,Bathinda,Talwandi Sabo,410,Higher Secondary,Hindi
SCH0251,2026-02,25052.9,2587.0,2,2,Govt. Middle School Choudhry,Bathinda,Talwandi Sabo,410,Higher Secondary,Hindi
SCH0252,2025-05,14500.0,1740.0,2,2,Govt. Primary School Krish,Sangrur,Sunam,317,Primary,Punjabi
SCH0252,2025-06,15.6,1404.0,1,1,Govt. Primary School Krish,Sangrur,Sunam,317,Primary,Punjabi
SCH0252,2025-07,64.7,7638.0,3,2,Govt. Primary School Krish,Sangrur,Sunam,317,Primary,Punjabi
SCH0252,2025-09,38348.6,2990.0,2,2,Govt. Primary School Krish,Sangrur,Sunam,317,Primary,Punjabi
SCH0252,2025-10,14400.0,1296.0,1,1,Govt. Primary School Krish,Sangrur,Sunam,317,Primary,Punjabi
SCH0252,2025-12,29800.0,8958.0,3,3,Govt. Primary School Krish,Sangrur,Sunam,317,Primary,Punjabi
SCH0252,2026-01,28.3,849.0,1,1,Govt. Primary School Krish,Sangrur,Sunam,317,Primary,Punjabi
SCH0252,2026-02,20.8,1872.0,1,1,Govt. Primary School Krish,Sangrur,Sunam,317,Primary,Punjabi
SCH0252,2026-03,53.702,4878.0,3,2,Govt. Primary School Krish,Sangrur,Sunam,317,Primary,Punjabi
SCH0253,2025-05,0.0,1746.0,2,2,Govt. Senior Secondary School Saha,Ludhiana,Unknown,110,Upper Primary,Hindi
SCH0253,2025-06,47.211999999999996,11383.0,4,3,Govt. Senior Secondary School Saha,Ludhiana,Unknown,110,Upper Primary,Hindi
SCH0253,2025-07,1.862,4365.0,2,2,Govt. Senior Secondary School Saha,Ludhiana,Unknown,110,Upper Primary,Hindi
SCH0253,2025-08,0.0,1468.0,1,1,Govt. Senior Secondary School Saha,Ludhiana,Unknown,110,Upper Primary,Hindi
SCH0253,2025-09,0.0,6396.0,2,2,Govt. Senior Secondary School Saha,Ludhiana,Unknown,110,Upper Primary,Hindi
SCH0253,2025-10,16533.368,4203.0,3,3,Govt. Senior Secondary School Saha,Ludhiana,Unknown,110,Upper Primary,Hindi
SCH0253,2025-11,0.0,3237.0,2,2,Govt. Senior Secondary School Saha,Ludhiana,Unknown,110,Upper Primary,Hindi
SCH0253,2025-12,48752.4,20652.0,4,4,Govt. Senior Secondary School Saha,Ludhiana,Unknown,110,Upper Primary,Hindi
SCH0253,2026-01,52.8,10692.0,3,3,Govt. Senior Secondary School Saha,Ludhiana,Unknown,110,Upper Primary,Hindi
SCH0253,2026-02,49.522,1952.0,2,2,Govt. Senior Secondary School Saha,Ludhiana,Unknown,110,Upper Primary,Hindi
SCH0253,2026-03,59.2,5328.0,2,2,Govt. Senior Secondary School Saha,Ludhiana,Unknown,110,Upper Primary,Hindi
SCH0254,2025-04,1.71,3146.0,2,2,Govt. Primary School Kapadia,Sangrur,Unknown,70,Higher Secondary,Hindi
SCH0254,2025-05,50.3,2757.0,2,2,Govt. Primary School Kapadia,Sangrur,Unknown,70,Higher Secondary,Hindi
SCH0254,2025-07,98.1,18093.0,5,4,Govt. Primary School Kapadia,Sangrur,Unknown,70,Higher Secondary,Hindi
SCH0254,2025-08,28.1,1124.0,1,1,Govt. Primary School Kapadia,Sangrur,Unknown,70,Higher Secondary,Hindi
SCH0254,2025-09,0.524,928.0,2,1,Govt. Primary School Kapadia,Sangrur,Unknown,70,Higher Secondary,Hindi
SCH0254,2025-10,19.683999999999997,3024.0,2,2,Govt. Primary School Kapadia,Sangrur,Unknown,70,Higher Secondary,Hindi
SCH0254,2025-11,46500.0,10314.0,4,4,Govt. Primary School Kapadia,Sangrur,Unknown,70,Higher Secondary,Hindi
SCH0254,2025-12,50.352000000000004,6021.0,2,2,Govt. Primary School Kapadia,Sangrur,Unknown,70,Higher Secondary,Hindi
SCH0254,2026-01,0.0,1376.0,1,1,Govt. Primary School Kapadia,Sangrur,Unknown,70,Higher Secondary,Hindi
SCH0254,2026-02,1.81,4117.0,3,3,Govt. Primary School Kapadia,Sangrur,Unknown,70,Higher Secondary,Hindi
SCH0254,2026-03,0.446,892.0,1,1,Govt. Primary School Kapadia,Sangrur,Unknown,70,Higher Secondary,Hindi
SCH0255,2025-05,86700.0,8568.0,3,3,Govt. Middle School Barman,Ferozepur,Unknown,48,Secondary,Punjabi
SCH0255,2025-07,35600.0,1424.0,1,1,Govt. Middle School Barman,Ferozepur,Unknown,48,Secondary,Punjabi
SCH0255,2025-08,23601.082,2124.0,2,2,Govt. Middle School Barman,Ferozepur,Unknown,48,Secondary,Punjabi
SCH0255,2025-09,34200.0,4422.0,2,2,Govt. Middle School Barman,Ferozepur,Unknown,48,Secondary,Punjabi
SCH0255,2025-10,0.0,6864.0,1,1,Govt. Middle School Barman,Ferozepur,Unknown,48,Secondary,Punjabi
SCH0255,2025-12,0.0,4401.0,1,1,Govt. Middle School Barman,Ferozepur,Unknown,48,Secondary,Punjabi
SCH0255,2026-01,18300.0,0.0,1,1,Govt. Middle School Barman,Ferozepur,Unknown,48,Secondary,Punjabi
SCH0255,2026-02,1.164,14454.0,3,3,Govt. Middle School Barman,Ferozepur,Unknown,48,Secondary,Punjabi
SCH0255,2026-03,92810.986,5652.0,4,3,Govt. Middle School Barman,Ferozepur,Unknown,48,Secondary,Punjabi
SCH0256,2025-04,55749.46,9165.0,4,4,Govt. Middle School Chaudhry,Jalandhar,Jalandhar-I,89,Upper Primary,English
SCH0256,2025-05,47101.634,9192.0,3,3,Govt. Middle School Chaudhry,Jalandhar,Jalandhar-I,89,Upper Primary,English
SCH0256,2025-06,0.7979999999999999,5824.0,2,2,Govt. Middle School Chaudhry,Jalandhar,Jalandhar-I,89,Upper Primary,English
SCH0256,2025-07,37.5,1125.0,1,1,Govt. Middle School Chaudhry,Jalandhar,Jalandhar-I,89,Upper Primary,English
SCH0256,2025-08,0.0,4578.0,2,2,Govt. Middle School Chaudhry,Jalandhar,Jalandhar-I,89,Upper Primary,English
SCH0256,2025-09,23400.586,1815.0,2,2,Govt. Middle School Chaudhry,Jalandhar,Jalandhar-I,89,Upper Primary,English
SCH0256,2025-10,0.716,4296.0,1,1,Govt. Middle School Chaudhry,Jalandhar,Jalandhar-I,89,Upper Primary,English
SCH0256,2025-11,0.0,1437.0,1,1,Govt. Middle School Chaudhry,Jalandhar,Jalandhar-I,89,Upper Primary,English
SCH0256,2025-12,0.0,6612.0,1,1,Govt. Middle School Chaudhry,Jalandhar,Jalandhar-I,89,Upper Primary,English
SCH0256,2026-01,10800.912,2148.0,2,2,Govt. Middle School Chaudhry,Jalandhar,Jalandhar-I,89,Upper Primary,English
SCH0257,2025-05,0.0,2988.0,1,1,Govt. Senior Secondary School Rai,Ferozepur,Ferozepur,231,Higher Secondary,Punjabi
SCH0257,2025-06,38500.582,6855.0,3,3,Govt. Senior Secondary School Rai,Ferozepur,Ferozepur,231,Higher Secondary,Punjabi
SCH0257,2025-07,0.86,2791.0,2,2,Govt. Senior Secondary School Rai,Ferozepur,Ferozepur,231,Higher Secondary,Punjabi
SCH0257,2025-08,10.6,3816.0,3,3,Govt. Senior Secondary School Rai,Ferozepur,Ferozepur,231,Higher Secondary,Punjabi
SCH0257,2025-10,70718.5,10812.0,5,4,Govt. Senior Secondary School Rai,Ferozepur,Ferozepur,231,Higher Secondary,Punjabi
SCH0257,2025-11,69.8,11712.0,3,2,Govt. Senior Secondary School Rai,Ferozepur,Ferozepur,231,Higher Secondary,Punjabi
SCH0257,2025-12,15700.0,1884.0,1,1,Govt. Senior Secondary School Rai,Ferozepur,Ferozepur,231,Higher Secondary,Punjabi
SCH0257,2026-01,19.8,2376.0,1,1,Govt. Senior Secondary School Rai,Ferozepur,Ferozepur,231,Higher Secondary,Punjabi
SCH0257,2026-02,29.368,7584.0,3,3,Govt. Senior Secondary School Rai,Ferozepur,Ferozepur,231,Higher Secondary,Punjabi
SCH0257,2026-03,11.1,1332.0,1,1,Govt. Senior Secondary School Rai,Ferozepur,Ferozepur,231,Higher Secondary,Punjabi
SCH0258,2025-04,38600.0,4632.0,1,1,Govt. Primary School Kalita,Ludhiana,Ludhiana-I,247,Higher Secondary,Punjabi
SCH0258,2025-05,88.82,6318.0,3,2,Govt. Primary School Kalita,Ludhiana,Ludhiana-I,247,Higher Secondary,Punjabi
SCH0258,2025-06,56700.0,2268.0,1,1,Govt. Primary School Kalita,Ludhiana,Ludhiana-I,247,Higher Secondary,Punjabi
SCH0258,2025-07,0.0,4050.0,1,1,Govt. Primary School Kalita,Ludhiana,Ludhiana-I,247,Higher Secondary,Punjabi
SCH0258,2025-08,50600.998,6550.0,2,2,Govt. Primary School Kalita,Ludhiana,Ludhiana-I,247,Higher Secondary,Punjabi
SCH0258,2025-09,42.174,1962.0,2,2,Govt. Primary School Kalita,Ludhiana,Ludhiana-I,247,Higher Secondary,Punjabi
SCH0258,2025-10,23779.7,4983.0,3,3,Govt. Primary School Kalita,Ludhiana,Ludhiana-I,247,Higher Secondary,Punjabi
SCH0258,2025-11,26.0,0.0,1,1,Govt. Primary School Kalita,Ludhiana,Ludhiana-I,247,Higher Secondary,Punjabi
SCH0258,2026-01,1.148,10956.0,2,2,Govt. Primary School Kalita,Ludhiana,Ludhiana-I,247,Higher Secondary,Punjabi
SCH0259,2025-04,37700.0,1508.0,1,1,Govt. Primary School Munshi,Sangrur,Dhuri,370,Primary,Hindi
SCH0259,2025-06,45200.0,6271.0,3,3,Govt. Primary School Munshi,Sangrur,Dhuri,370,Primary,Hindi
SCH0259,2025-08,89.3,3043.0,2,2,Govt. Primary School Munshi,Sangrur,Dhuri,370,Primary,Hindi
SCH0259,2025-09,13.248000000000001,4602.0,3,3,Govt. Primary School Munshi,Sangrur,Dhuri,370,Primary,Hindi
SCH0259,2025-10,11239.692000000001,5653.0,4,2,Govt. Primary School Munshi,Sangrur,Dhuri,370,Primary,Hindi
SCH0259,2025-11,39400.0,5853.0,2,2,Govt. Primary School Munshi,Sangrur,Dhuri,370,Primary,Hindi
SCH0259,2025-12,21.41,9089.0,4,4,Govt. Primary School Munshi,Sangrur,Dhuri,370,Primary,Hindi
SCH0259,2026-01,72.6,2952.0,2,2,Govt. Primary School Munshi,Sangrur,Dhuri,370,Primary,Hindi
SCH0259,2026-02,44325.8,16305.0,6,6,Govt. Primary School Munshi,Sangrur,Dhuri,370,Primary,Hindi
SCH0260,2025-05,50.6,8826.0,3,3,Govt. Primary School Deol,Sangrur,Malerkotla,63,Secondary,English
SCH0260,2025-08,123.9,18192.0,5,4,Govt. Primary School Deol,Sangrur,Malerkotla,63,Secondary,English
SCH0260,2025-09,25.9,777.0,1,1,Govt. Primary School Deol,Sangrur,Malerkotla,63,Secondary,English
SCH0260,2025-10,40301.092,3796.0,2,2,Govt. Primary School Deol,Sangrur,Malerkotla,63,Secondary,English
SCH0260,2025-11,30000.0,900.0,1,1,Govt. Primary School Deol,Sangrur,Malerkotla,63,Secondary,English
SCH0260,2025-12,0.0,6204.0,2,1,Govt. Primary School Deol,Sangrur,Malerkotla,63,Secondary,English
SCH0260,2026-01,59.01,4189.0,2,2,Govt. Primary School Deol,Sangrur,Malerkotla,63,Secondary,English
SCH0260,2026-02,16111.4,1791.0,2,1,Govt. Primary School Deol,Sangrur,Malerkotla,63,Secondary,English
SCH0261,2025-04,19.1,1719.0,1,1,Govt. Middle School Sen,Ludhiana,Ludhiana-II,340,Higher Secondary,Hindi
SCH0261,2025-05,0.572,2009.0,2,2,Govt. Middle School Sen,Ludhiana,Ludhiana-II,340,Higher Secondary,Hindi
SCH0261,2025-06,0.268,6360.0,3,3,Govt. Middle School Sen,Ludhiana,Ludhiana-II,340,Higher Secondary,Hindi
SCH0261,2025-08,1.03,9764.0,3,2,Govt. Middle School Sen,Ludhiana,Ludhiana-II,340,Higher Secondary,Hindi
SCH0261,2025-09,0.7759999999999999,1552.0,1,1,Govt. Middle School Sen,Ludhiana,Ludhiana-II,340,Higher Secondary,Hindi
SCH0261,2025-12,51.706,7344.0,2,2,Govt. Middle School Sen,Ludhiana,Ludhiana-II,340,Higher Secondary,Hindi
SCH0261,2026-01,0.0,4920.0,1,1,Govt. Middle School Sen,Ludhiana,Ludhiana-II,340,Higher Secondary,Hindi
SCH0261,2026-02,44.2,3978.0,1,1,Govt. Middle School Sen,Ludhiana,Ludhiana-II,340,Higher Secondary,Hindi
SCH0261,2026-03,56.6,10356.0,5,4,Govt. Middle School Sen,Ludhiana,Ludhiana-II,340,Higher Secondary,Hindi
SCH0262,2025-04,21.8,573.0,2,2,Govt. Primary School Mital,Ferozepur,Makhu,236,Upper Primary,English
SCH0262,2025-05,23.0,2760.0,1,1,Govt. Primary School Mital,Ferozepur,Makhu,236,Upper Primary,English
SCH0262,2025-11,1.118,2236.0,1,1,Govt. Primary School Mital,Ferozepur,Makhu,236,Upper Primary,English
SCH0262,2026-01,0.0,6776.0,2,2,Govt. Primary School Mital,Ferozepur,Makhu,236,Upper Primary,English
SCH0262,2026-02,0.934,5604.0,1,1,Govt. Primary School Mital,Ferozepur,Makhu,236,Upper Primary,English
SCH0262,2026-03,33.636,8301.0,4,4,Govt. Primary School Mital,Ferozepur,Makhu,236,Upper Primary,English
SCH0263,2025-04,16.0,480.0,1,1,Govt. Elementary School Oak,Ludhiana,Ludhiana-I,263,Primary,English
SCH0263,2025-05,70.4,11949.0,3,2,Govt. Elementary School Oak,Ludhiana,Ludhiana-I,263,Primary,English
SCH0263,2025-06,53.1,1898.0,2,2,Govt. Elementary School Oak,Ludhiana,Ludhiana-I,263,Primary,English
SCH0263,2025-07,31400.0,2826.0,1,1,Govt. Elementary School Oak,Ludhiana,Ludhiana-I,263,Primary,English
SCH0263,2025-08,0.0,1539.0,1,1,Govt. Elementary School Oak,Ludhiana,Ludhiana-I,263,Primary,English
SCH0263,2025-10,0.752,3976.0,2,2,Govt. Elementary School Oak,Ludhiana,Ludhiana-I,263,Primary,English
SCH0263,2025-11,0.0,1356.0,1,1,Govt. Elementary School Oak,Ludhiana,Ludhiana-I,263,Primary,English
SCH0263,2025-12,39500.0,6783.0,2,1,Govt. Elementary School Oak,Ludhiana,Ludhiana-I,263,Primary,English
SCH0263,2026-01,0.0,816.0,1,1,Govt. Elementary School Oak,Ludhiana,Ludhiana-I,263,Primary,English
SCH0263,2026-02,20.7,1863.0,1,1,Govt. Elementary School Oak,Ludhiana,Ludhiana-I,263,Primary,English
SCH0263,2026-03,15259.8,8544.0,2,2,Govt. Elementary School Oak,Ludhiana,Ludhiana-I,263,Primary,English
SCH0264,2025-04,0.272,408.0,1,1,Govt. Elementary School Ghosh,Ludhiana,Doraha,441,Higher Secondary,Hindi
SCH0264,2025-05,0.5760000000000001,2592.0,1,1,Govt. Elementary School Ghosh,Ludhiana,Doraha,441,Higher Secondary,Hindi
SCH0264,2025-06,0.0,3454.0,2,2,Govt. Elementary School Ghosh,Ludhiana,Doraha,441,Higher Secondary,Hindi
SCH0264,2025-07,19200.0,768.0,1,1,Govt. Elementary School Ghosh,Ludhiana,Doraha,441,Higher Secondary,Hindi
SCH0264,2025-09,55142.3,9548.0,4,4,Govt. Elementary School Ghosh,Ludhiana,Doraha,441,Higher Secondary,Hindi
SCH0264,2025-11,45312.9,9891.0,3,3,Govt. Elementary School Ghosh,Ludhiana,Doraha,441,Higher Secondary,Hindi
SCH0264,2025-12,46800.0,1122.0,2,2,Govt. Elementary School Ghosh,Ludhiana,Doraha,441,Higher Secondary,Hindi
SCH0264,2026-01,53.978,3772.0,3,3,Govt. Elementary School Ghosh,Ludhiana,Doraha,441,Higher Secondary,Hindi
SCH0264,2026-02,41.8,1672.0,1,1,Govt. Elementary School Ghosh,Ludhiana,Doraha,441,Higher Secondary,Hindi
SCH0264,2026-03,0.0,1170.0,1,1,Govt. Elementary School Ghosh,Ludhiana,Doraha,441,Higher Secondary,Hindi
SCH0265,2025-04,22818.8,3488.0,2,2,Govt. Primary School Bhat,Ferozepur,Ferozepur,435,Upper Primary,Punjabi
SCH0265,2025-06,72.3,3447.0,2,2,Govt. Primary School Bhat,Ferozepur,Ferozepur,435,Upper Primary,Punjabi
SCH0265,2025-07,30.8,0.0,1,1,Govt. Primary School Bhat,Ferozepur,Ferozepur,435,Upper Primary,Punjabi
SCH0265,2025-08,47100.0,1413.0,1,1,Govt. Primary School Bhat,Ferozepur,Ferozepur,435,Upper Primary,Punjabi
SCH0265,2025-09,83010.8,7176.0,3,2,Govt. Primary School Bhat,Ferozepur,Ferozepur,435,Upper Primary,Punjabi
SCH0265,2025-10,13.443999999999999,4872.0,2,2,Govt. Primary School Bhat,Ferozepur,Ferozepur,435,Upper Primary,Punjabi
SCH0265,2025-11,0.0,5076.0,1,1,Govt. Primary School Bhat,Ferozepur,Ferozepur,435,Upper Primary,Punjabi
SCH0265,2025-12,32733.07,8466.0,4,4,Govt. Primary School Bhat,Ferozepur,Ferozepur,435,Upper Primary,Punjabi
SCH0265,2026-01,32400.79,6471.0,2,2,Govt. Primary School Bhat,Ferozepur,Ferozepur,435,Upper Primary,Punjabi
SCH0265,2026-02,96400.0,7377.0,3,3,Govt. Primary School Bhat,Ferozepur,Ferozepur,435,Upper Primary,Punjabi
SCH0265,2026-03,97.3,14106.0,5,4,Govt. Primary School Bhat,Ferozepur,Ferozepur,435,Upper Primary,Punjabi
SCH0266,2025-04,0.8,4800.0,1,1,Govt. Middle School Hora,Jalandhar,Phillaur,202,Primary,English
SCH0266,2025-05,14711.5,4645.0,3,3,Govt. Middle School Hora,Jalandhar,Phillaur,202,Primary,English
SCH0266,2025-06,34800.0,5244.0,2,1,Govt. Middle School Hora,Jalandhar,Phillaur,202,Primary,English
SCH0266,2025-07,0.0,5319.0,1,1,Govt. Middle School Hora,Jalandhar,Phillaur,202,Primary,English
SCH0266,2025-08,55700.0,6684.0,1,1,Govt. Middle School Hora,Jalandhar,Phillaur,202,Primary,English
SCH0266,2025-09,32052.488,18057.0,7,6,Govt. Middle School Hora,Jalandhar,Phillaur,202,Primary,English
SCH0266,2025-10,0.866,7923.0,2,2,Govt. Middle School Hora,Jalandhar,Phillaur,202,Primary,English
SCH0266,2025-11,0.0,789.0,1,1,Govt. Middle School Hora,Jalandhar,Phillaur,202,Primary,English
SCH0266,2026-01,41400.0,8595.0,2,2,Govt. Middle School Hora,Jalandhar,Phillaur,202,Primary,English
SCH0266,2026-02,33100.0,3972.0,1,1,Govt. Middle School Hora,Jalandhar,Phillaur,202,Primary,English
SCH0266,2026-03,66820.81999999999,11482.0,6,4,Govt. Middle School Hora,Jalandhar,Phillaur,202,Primary,English
SCH0267,2025-04,29700.0,891.0,1,1,Govt. Elementary School Basak,Amritsar,Amritsar-II,84,Higher Secondary,Punjabi
SCH0267,2025-05,58500.0,4177.0,3,3,Govt. Elementary School Basak,Amritsar,Amritsar-II,84,Higher Secondary,Punjabi
SCH0267,2025-06,83100.0,4588.0,3,2,Govt. Elementary School Basak,Amritsar,Amritsar-II,84,Higher Secondary,Punjabi
SCH0267,2025-08,54.0,9306.0,2,2,Govt. Elementary School Basak,Amritsar,Amritsar-II,84,Higher Secondary,Punjabi
SCH0267,2025-11,0.0,1464.0,1,1,Govt. Elementary School Basak,Amritsar,Amritsar-II,84,Higher Secondary,Punjabi
SCH0267,2026-01,40.322,9441.0,3,3,Govt. Elementary School Basak,Amritsar,Amritsar-II,84,Higher Secondary,Punjabi
SCH0267,2026-03,21.5,2580.0,1,1,Govt. Elementary School Basak,Amritsar,Amritsar-II,84,Higher Secondary,Punjabi
SCH0268,2025-04,42900.36,3977.0,4,3,Govt. Primary School Amble,Moga,Moga-I,345,Secondary,Punjabi
SCH0268,2025-05,22900.0,2061.0,1,1,Govt. Primary School Amble,Moga,Moga-I,345,Secondary,Punjabi
SCH0268,2025-06,46.0,7000.0,2,2,Govt. Primary School Amble,Moga,Moga-I,345,Secondary,Punjabi
SCH0268,2025-07,59.9,7703.0,3,3,Govt. Primary School Amble,Moga,Moga-I,345,Secondary,Punjabi
SCH0268,2025-08,43.1,5504.0,2,2,Govt. Primary School Amble,Moga,Moga-I,345,Secondary,Punjabi
SCH0268,2025-10,53.4,4806.0,1,1,Govt. Primary School Amble,Moga,Moga-I,345,Secondary,Punjabi
SCH0268,2025-11,77.4,5131.0,3,3,Govt. Primary School Amble,Moga,Moga-I,345,Secondary,Punjabi
SCH0268,2025-12,18641.3,0.0,2,2,Govt. Primary School Amble,Moga,Moga-I,345,Secondary,Punjabi
SCH0268,2026-01,33639.4,6570.0,2,2,Govt. Primary School Amble,Moga,Moga-I,345,Secondary,Punjabi
SCH0268,2026-02,0.248,5385.0,2,2,Govt. Primary School Amble,Moga,Moga-I,345,Secondary,Punjabi
SCH0268,2026-03,19000.0,2280.0,1,1,Govt. Primary School Amble,Moga,Moga-I,345,Secondary,Punjabi
SCH0269,2025-04,0.986,5916.0,1,1,Govt. Middle School Narayanan,Amritsar,Amritsar-II,332,Higher Secondary,Punjabi
SCH0269,2025-07,16.413999999999998,2906.0,2,2,Govt. Middle School Narayanan,Amritsar,Amritsar-II,332,Higher Secondary,Punjabi
SCH0269,2025-08,19826.3,2650.0,3,3,Govt. Middle School Narayanan,Amritsar,Amritsar-II,332,Higher Secondary,Punjabi
SCH0269,2025-09,52000.0,1560.0,1,1,Govt. Middle School Narayanan,Amritsar,Amritsar-II,332,Higher Secondary,Punjabi
SCH0269,2025-10,132.09,21402.0,7,5,Govt. Middle School Narayanan,Amritsar,Amritsar-II,332,Higher Secondary,Punjabi
SCH0269,2025-11,30.2,2838.0,2,2,Govt. Middle School Narayanan,Amritsar,Amritsar-II,332,Higher Secondary,Punjabi
SCH0269,2025-12,17.476,1764.0,2,2,Govt. Middle School Narayanan,Amritsar,Amritsar-II,332,Higher Secondary,Punjabi
SCH0269,2026-01,24.6,2952.0,1,1,Govt. Middle School Narayanan,Amritsar,Amritsar-II,332,Higher Secondary,Punjabi
SCH0269,2026-02,42.0,5040.0,1,1,Govt. Middle School Narayanan,Amritsar,Amritsar-II,332,Higher Secondary,Punjabi
SCH0269,2026-03,59700.0,1791.0,1,1,Govt. Middle School Narayanan,Amritsar,Amritsar-II,332,Higher Secondary,Punjabi
SCH0270,2025-04,16.73,3232.0,3,3,Govt. Primary School Nadkarni,Jalandhar,Jalandhar-I,125,Higher Secondary,Hindi
SCH0270,2025-05,0.836,5016.0,1,1,Govt. Primary School Nadkarni,Jalandhar,Jalandhar-I,125,Higher Secondary,Hindi
SCH0270,2025-06,53200.0,2128.0,1,1,Govt. Primary School Nadkarni,Jalandhar,Jalandhar-I,125,Higher Secondary,Hindi
SCH0270,2025-07,35.6,7308.0,3,3,Govt. Primary School Nadkarni,Jalandhar,Jalandhar-I,125,Higher Secondary,Hindi
SCH0270,2025-08,61.9,7428.0,2,2,Govt. Primary School Nadkarni,Jalandhar,Jalandhar-I,125,Higher Secondary,Hindi
SCH0270,2025-09,64.374,13649.0,5,4,Govt. Primary School Nadkarni,Jalandhar,Jalandhar-I,125,Higher Secondary,Hindi
SCH0270,2025-10,0.768,1152.0,1,1,Govt. Primary School Nadkarni,Jalandhar,Jalandhar-I,125,Higher Secondary,Hindi
SCH0270,2025-11,63.199999999999996,4803.0,2,2,Govt. Primary School Nadkarni,Jalandhar,Jalandhar-I,125,Higher Secondary,Hindi
SCH0270,2026-01,1.156,1734.0,1,1,Govt. Primary School Nadkarni,Jalandhar,Jalandhar-I,125,Higher Secondary,Hindi
SCH0270,2026-03,35100.0,1053.0,1,1,Govt. Primary School Nadkarni,Jalandhar,Jalandhar-I,125,Higher Secondary,Hindi
SCH0271,2025-05,20.3,609.0,1,1,Govt. Elementary School Mohan,Sangrur,Sunam,274,Secondary,Hindi
SCH0271,2025-06,0.0,724.0,1,1,Govt. Elementary School Mohan,Sangrur,Sunam,274,Secondary,Hindi
SCH0271,2025-07,0.5539999999999999,2493.0,1,1,Govt. Elementary School Mohan,Sangrur,Sunam,274,Secondary,Hindi
SCH0271,2025-08,107.6,7416.0,3,3,Govt. Elementary School Mohan,Sangrur,Sunam,274,Secondary,Hindi
SCH0271,2025-10,24.6,984.0,1,1,Govt. Elementary School Mohan,Sangrur,Sunam,274,Secondary,Hindi
SCH0271,2025-11,1.152,508.0,2,2,Govt. Elementary School Mohan,Sangrur,Sunam,274,Secondary,Hindi
SCH0271,2025-12,0.0,2796.0,1,1,Govt. Elementary School Mohan,Sangrur,Sunam,274,Secondary,Hindi
SCH0271,2026-01,43600.532,9895.0,4,3,Govt. Elementary School Mohan,Sangrur,Sunam,274,Secondary,Hindi
SCH0271,2026-02,26031.552,8454.0,4,3,Govt. Elementary School Mohan,Sangrur,Sunam,274,Secondary,Hindi
SCH0271,2026-03,0.616,3696.0,1,1,Govt. Elementary School Mohan,Sangrur,Sunam,274,Secondary,Hindi
SCH0272,2025-04,0.0,1944.0,1,1,Govt. Senior Secondary School Sarin,Ferozepur,Makhu,265,Upper Primary,Hindi
SCH0272,2025-06,55.912000000000006,2652.0,2,1,Govt. Senior Secondary School Sarin,Ferozepur,Makhu,265,Upper Primary,Hindi
SCH0272,2025-07,39928.3,6987.0,2,2,Govt. Senior Secondary School Sarin,Ferozepur,Makhu,265,Upper Primary,Hindi
SCH0272,2025-09,24.0,2880.0,1,1,Govt. Senior Secondary School Sarin,Ferozepur,Makhu,265,Upper Primary,Hindi
SCH0272,2025-11,21.7,1953.0,1,1,Govt. Senior Secondary School Sarin,Ferozepur,Makhu,265,Upper Primary,Hindi
SCH0272,2026-01,27400.0,2466.0,1,1,Govt. Senior Secondary School Sarin,Ferozepur,Makhu,265,Upper Primary,Hindi
SCH0272,2026-02,12500.0,500.0,1,1,Govt. Senior Secondary School Sarin,Ferozepur,Makhu,265,Upper Primary,Hindi
SCH0272,2026-03,0.282,7431.0,3,3,Govt. Senior Secondary School Sarin,Ferozepur,Makhu,265,Upper Primary,Hindi
SCH0273,2025-04,13.8,3297.0,3,3,Govt. Senior Secondary School Parikh,Ferozepur,Makhu,189,Higher Secondary,English
SCH0273,2025-05,55.3,6636.0,1,1,Govt. Senior Secondary School Parikh,Ferozepur,Makhu,189,Higher Secondary,English
SCH0273,2025-06,0.0,2034.0,1,1,Govt. Senior Secondary School Parikh,Ferozepur,Makhu,189,Higher Secondary,English
SCH0273,2025-08,35.0,3273.0,2,2,Govt. Senior Secondary School Parikh,Ferozepur,Makhu,189,Higher Secondary,English
SCH0273,2025-09,56946.3,10986.0,3,2,Govt. Senior Secondary School Parikh,Ferozepur,Makhu,189,Higher Secondary,English
SCH0273,2025-10,30600.0,2472.0,2,2,Govt. Senior Secondary School Parikh,Ferozepur,Makhu,189,Higher Secondary,English
SCH0273,2025-11,0.234,468.0,1,1,Govt. Senior Secondary School Parikh,Ferozepur,Makhu,189,Higher Secondary,English
SCH0273,2025-12,71.8,2154.0,2,1,Govt. Senior Secondary School Parikh,Ferozepur,Makhu,189,Higher Secondary,English
SCH0273,2026-02,0.0,594.0,1,1,Govt. Senior Secondary School Parikh,Ferozepur,Makhu,189,Higher Secondary,English
SCH0273,2026-03,0.54,810.0,1,1,Govt. Senior Secondary School Parikh,Ferozepur,Makhu,189,Higher Secondary,English
SCH0274,2025-04,1.022,4599.0,1,1,Govt. Senior Secondary School Raval,Ferozepur,Makhu,98,Upper Primary,Hindi
SCH0274,2025-05,34100.0,4984.0,2,2,Govt. Senior Secondary School Raval,Ferozepur,Makhu,98,Upper Primary,Hindi
SCH0274,2025-07,56210.8,6921.0,3,3,Govt. Senior Secondary School Raval,Ferozepur,Makhu,98,Upper Primary,Hindi
SCH0274,2025-09,0.956,8415.0,3,3,Govt. Senior Secondary School Raval,Ferozepur,Makhu,98,Upper Primary,Hindi
SCH0274,2025-10,0.772,4632.0,1,1,Govt. Senior Secondary School Raval,Ferozepur,Makhu,98,Upper Primary,Hindi
SCH0274,2025-12,12.342,1875.0,2,2,Govt. Senior Secondary School Raval,Ferozepur,Makhu,98,Upper Primary,Hindi
SCH0274,2026-01,37.438,7171.0,3,3,Govt. Senior Secondary School Raval,Ferozepur,Makhu,98,Upper Primary,Hindi
SCH0274,2026-02,16510.6,1614.0,2,1,Govt. Senior Secondary School Raval,Ferozepur,Makhu,98,Upper Primary,Hindi
SCH0275,2025-04,23.996000000000002,1302.0,2,2,Govt. Primary School Chandran,Ludhiana,Machhiwara,402,Secondary,Punjabi
SCH0275,2025-05,11400.0,1026.0,1,1,Govt. Primary School Chandran,Ludhiana,Machhiwara,402,Secondary,Punjabi
SCH0275,2025-07,0.578,867.0,1,1,Govt. Primary School Chandran,Ludhiana,Machhiwara,402,Secondary,Punjabi
SCH0275,2025-08,57.3,7092.0,3,3,Govt. Primary School Chandran,Ludhiana,Machhiwara,402,Secondary,Punjabi
SCH0275,2025-09,31.1,9348.0,2,2,Govt. Primary School Chandran,Ludhiana,Machhiwara,402,Secondary,Punjabi
SCH0275,2025-10,19.892000000000003,4752.0,2,1,Govt. Primary School Chandran,Ludhiana,Machhiwara,402,Secondary,Punjabi
SCH0275,2025-11,45.800000000000004,5109.0,2,2,Govt. Primary School Chandran,Ludhiana,Machhiwara,402,Secondary,Punjabi
SCH0275,2025-12,43.1,3879.0,1,1,Govt. Primary School Chandran,Ludhiana,Machhiwara,402,Secondary,Punjabi
SCH0275,2026-01,56900.0,2276.0,1,1,Govt. Primary School Chandran,Ludhiana,Machhiwara,402,Secondary,Punjabi
SCH0275,2026-03,37000.0,1110.0,1,1,Govt. Primary School Chandran,Ludhiana,Machhiwara,402,Secondary,Punjabi
SCH0276,2025-04,36229.0,5504.0,2,2,Govt. Elementary School Naik,Sangrur,Sunam,364,Secondary,Punjabi
SCH0276,2025-05,42.7,3843.0,1,1,Govt. Elementary School Naik,Sangrur,Sunam,364,Secondary,Punjabi
SCH0276,2025-06,0.0,360.0,1,1,Govt. Elementary School Naik,Sangrur,Sunam,364,Secondary,Punjabi
SCH0276,2025-07,0.46,6756.0,2,2,Govt. Elementary School Naik,Sangrur,Sunam,364,Secondary,Punjabi
SCH0276,2025-08,96200.0,10439.0,6,4,Govt. Elementary School Naik,Sangrur,Sunam,364,Secondary,Punjabi
SCH0276,2025-09,41.0,10077.0,2,2,Govt. Elementary School Naik,Sangrur,Sunam,364,Secondary,Punjabi
SCH0276,2025-10,76.66199999999999,9834.0,4,4,Govt. Elementary School Naik,Sangrur,Sunam,364,Secondary,Punjabi
SCH0276,2025-11,0.89,1335.0,1,1,Govt. Elementary School Naik,Sangrur,Sunam,364,Secondary,Punjabi
SCH0276,2026-01,28300.0,3396.0,1,1,Govt. Elementary School Naik,Sangrur,Sunam,364,Secondary,Punjabi
SCH0276,2026-03,0.44,660.0,1,1,Govt. Elementary School Naik,Sangrur,Sunam,364,Secondary,Punjabi
SCH0277,2025-04,0.0,2124.0,1,1,Govt. Middle School Nagi,Sangrur,Dhuri,338,Higher Secondary,Hindi
SCH0277,2025-05,40917.0,4361.0,2,2,Govt. Middle School Nagi,Sangrur,Dhuri,338,Higher Secondary,Hindi
SCH0277,2025-06,31.4,3633.0,2,2,Govt. Middle School Nagi,Sangrur,Dhuri,338,Higher Secondary,Hindi
SCH0277,2025-07,0.816,3672.0,1,1,Govt. Middle School Nagi,Sangrur,Dhuri,338,Higher Secondary,Hindi
SCH0277,2025-09,0.0,5862.0,2,2,Govt. Middle School Nagi,Sangrur,Dhuri,338,Higher Secondary,Hindi
SCH0277,2025-10,30.926,10888.0,5,4,Govt. Middle School Nagi,Sangrur,Dhuri,338,Higher Secondary,Hindi
SCH0277,2025-11,0.0,5976.0,1,1,Govt. Middle School Nagi,Sangrur,Dhuri,338,Higher Secondary,Hindi
SCH0277,2025-12,49.8,1494.0,1,1,Govt. Middle School Nagi,Sangrur,Dhuri,338,Higher Secondary,Hindi
SCH0277,2026-01,16558.9,3252.0,2,2,Govt. Middle School Nagi,Sangrur,Dhuri,338,Higher Secondary,Hindi
SCH0277,2026-02,23.9,956.0,1,1,Govt. Middle School Nagi,Sangrur,Dhuri,338,Higher Secondary,Hindi
SCH0277,2026-03,40300.0,4836.0,1,1,Govt. Middle School Nagi,Sangrur,Dhuri,338,Higher Secondary,Hindi
SCH0278,2025-05,39.2,1568.0,1,1,Govt. Primary School Kamdar,Amritsar,Amritsar-I,433,Secondary,Punjabi
SCH0278,2025-06,45800.0,5174.0,3,2,Govt. Primary School Kamdar,Amritsar,Amritsar-I,433,Secondary,Punjabi
SCH0278,2025-08,37.0,1110.0,1,1,Govt. Primary School Kamdar,Amritsar,Amritsar-I,433,Secondary,Punjabi
SCH0278,2025-09,12.4,1488.0,1,1,Govt. Primary School Kamdar,Amritsar,Amritsar-I,433,Secondary,Punjabi
SCH0278,2025-11,0.66,1320.0,1,1,Govt. Primary School Kamdar,Amritsar,Amritsar-I,433,Secondary,Punjabi
SCH0278,2025-12,23201.184,928.0,2,2,Govt. Primary School Kamdar,Amritsar,Amritsar-I,433,Secondary,Punjabi
SCH0278,2026-01,22.0,880.0,1,1,Govt. Primary School Kamdar,Amritsar,Amritsar-I,433,Secondary,Punjabi
SCH0278,2026-02,55100.0,2249.0,2,2,Govt. Primary School Kamdar,Amritsar,Amritsar-I,433,Secondary,Punjabi
SCH0278,2026-03,28100.0,843.0,1,1,Govt. Primary School Kamdar,Amritsar,Amritsar-I,433,Secondary,Punjabi
SCH0279,2025-05,57918.0,5523.0,3,3,Govt. Senior Secondary School Narayan,Unknown,Nihal Singh Wala,94,Secondary,Punjabi
SCH0279,2025-06,0.0,4953.0,2,2,Govt. Senior Secondary School Narayan,Unknown,Nihal Singh Wala,94,Secondary,Punjabi
SCH0279,2025-07,17900.0,1961.0,2,2,Govt. Senior Secondary School Narayan,Unknown,Nihal Singh Wala,94,Secondary,Punjabi
SCH0279,2025-09,36.662,13020.0,5,4,Govt. Senior Secondary School Narayan,Unknown,Nihal Singh Wala,94,Secondary,Punjabi
SCH0279,2025-10,1.746,10410.0,3,3,Govt. Senior Secondary School Narayan,Unknown,Nihal Singh Wala,94,Secondary,Punjabi
SCH0279,2025-12,43816.1,2235.0,2,2,Govt. Senior Secondary School Narayan,Unknown,Nihal Singh Wala,94,Secondary,Punjabi
SCH0279,2026-01,87.4,3496.0,2,2,Govt. Senior Secondary School Narayan,Unknown,Nihal Singh Wala,94,Secondary,Punjabi
SCH0279,2026-02,0.274,5835.0,2,2,Govt. Senior Secondary School Narayan,Unknown,Nihal Singh Wala,94,Secondary,Punjabi
SCH0279,2026-03,1.37,4161.0,2,2,Govt. Senior Secondary School Narayan,Unknown,Nihal Singh Wala,94,Secondary,Punjabi
SCH0280,2025-04,58700.0,2348.0,1,1,Govt. Elementary School Modi,Sangrur,Sunam,216,Higher Secondary,Punjabi
SCH0280,2025-05,53.542,2641.0,2,2,Govt. Elementary School Modi,Sangrur,Sunam,216,Higher Secondary,Punjabi
SCH0280,2025-06,69.9,7470.0,3,3,Govt. Elementary School Modi,Sangrur,Sunam,216,Higher Secondary,Punjabi
SCH0280,2025-07,120153.5,8397.0,6,5,Govt. Elementary School Modi,Sangrur,Sunam,216,Higher Secondary,Punjabi
SCH0280,2025-08,1.132,5094.0,1,1,Govt. Elementary School Modi,Sangrur,Sunam,216,Higher Secondary,Punjabi
SCH0280,2025-09,0.83,4980.0,1,1,Govt. Elementary School Modi,Sangrur,Sunam,216,Higher Secondary,Punjabi
SCH0280,2025-10,0.0,1628.0,1,1,Govt. Elementary School Modi,Sangrur,Sunam,216,Higher Secondary,Punjabi
SCH0280,2025-11,32522.0,2180.0,2,2,Govt. Elementary School Modi,Sangrur,Sunam,216,Higher Secondary,Punjabi
SCH0280,2025-12,20900.3,2427.0,2,2,Govt. Elementary School Modi,Sangrur,Sunam,216,Higher Secondary,Punjabi
SCH0280,2026-01,30.5,2745.0,1,1,Govt. Elementary School Modi,Sangrur,Sunam,216,Higher Secondary,Punjabi
SCH0281,2025-07,57100.0,9708.0,2,2,Govt. Elementary School Agarwal,Amritsar,Amritsar-II,218,Higher Secondary,Punjabi
SCH0281,2025-08,39.2,3528.0,1,1,Govt. Elementary School Agarwal,Amritsar,Amritsar-II,218,Higher Secondary,Punjabi
SCH0281,2025-09,17967.904,5285.0,5,4,Govt. Elementary School Agarwal,Amritsar,Amritsar-II,218,Higher Secondary,Punjabi
SCH0281,2025-10,33.5,11181.0,4,3,Govt. Elementary School Agarwal,Amritsar,Amritsar-II,218,Higher Secondary,Punjabi
SCH0281,2025-11,0.0,1556.0,1,1,Govt. Elementary School Agarwal,Amritsar,Amritsar-II,218,Higher Secondary,Punjabi
SCH0281,2025-12,87839.894,11779.0,4,3,Govt. Elementary School Agarwal,Amritsar,Amritsar-II,218,Higher Secondary,Punjabi
SCH0281,2026-01,0.396,1362.0,2,2,Govt. Elementary School Agarwal,Amritsar,Amritsar-II,218,Higher Secondary,Punjabi
SCH0281,2026-02,76.46799999999999,9662.0,3,3,Govt. Elementary School Agarwal,Amritsar,Amritsar-II,218,Higher Secondary,Punjabi
SCH0281,2026-03,0.746,1980.0,2,2,Govt. Elementary School Agarwal,Amritsar,Amritsar-II,218,Higher Secondary,Punjabi
SCH0282,2025-04,37.7,1747.0,2,2,Govt. Primary School Palan,Sangrur,Unknown,203,Primary,English
SCH0282,2025-05,52.7,2108.0,1,1,Govt. Primary School Palan,Sangrur,Unknown,203,Primary,English
SCH0282,2025-06,0.0,4152.0,2,2,Govt. Primary School Palan,Sangrur,Unknown,203,Primary,English
SCH0282,2025-07,11.620000000000001,979.0,2,2,Govt. Primary School Palan,Sangrur,Unknown,203,Primary,English
SCH0282,2025-08,0.0,3336.0,2,2,Govt. Primary School Palan,Sangrur,Unknown,203,Primary,English
SCH0282,2025-10,0.0,2340.0,1,1,Govt. Primary School Palan,Sangrur,Unknown,203,Primary,English
SCH0282,2025-12,0.6779999999999999,4719.0,2,2,Govt. Primary School Palan,Sangrur,Unknown,203,Primary,English
SCH0282,2026-01,0.982,3429.0,2,2,Govt. Primary School Palan,Sangrur,Unknown,203,Primary,English
SCH0282,2026-03,38.599999999999994,1544.0,2,2,Govt. Primary School Palan,Sangrur,Unknown,203,Primary,English
SCH0283,2025-04,40.776,6933.0,3,3,Govt. Middle School Reddy,Amritsar,Amritsar-II,419,Upper Primary,Punjabi
SCH0283,2025-05,63.900000000000006,4540.0,4,4,Govt. Middle School Reddy,Amritsar,Amritsar-II,419,Upper Primary,Punjabi
SCH0283,2025-06,50435.1,9630.0,4,3,Govt. Middle School Reddy,Amritsar,Amritsar-II,419,Upper Primary,Punjabi
SCH0283,2025-07,34.431999999999995,5320.0,2,2,Govt. Middle School Reddy,Amritsar,Amritsar-II,419,Upper Primary,Punjabi
SCH0283,2025-08,13601.19,3604.0,2,1,Govt. Middle School Reddy,Amritsar,Amritsar-II,419,Upper Primary,Punjabi
SCH0283,2025-09,66.644,7906.0,3,3,Govt. Middle School Reddy,Amritsar,Amritsar-II,419,Upper Primary,Punjabi
SCH0283,2025-10,29.196,4596.0,3,3,Govt. Middle School Reddy,Amritsar,Amritsar-II,419,Upper Primary,Punjabi
SCH0283,2025-12,1.066,8613.0,2,2,Govt. Middle School Reddy,Amritsar,Amritsar-II,419,Upper Primary,Punjabi
SCH0283,2026-01,24200.372,5136.0,2,1,Govt. Middle School Reddy,Amritsar,Amritsar-II,419,Upper Primary,Punjabi
SCH0283,2026-02,18667.572,5460.0,4,4,Govt. Middle School Reddy,Amritsar,Amritsar-II,419,Upper Primary,Punjabi
SCH0283,2026-03,17.3,489.0,2,2,Govt. Middle School Reddy,Amritsar,Amritsar-II,419,Upper Primary,Punjabi
SCH0284,2025-04,23.7,948.0,1,1,Govt. Senior Secondary School Prakash,Patiala,Rajpura,362,Higher Secondary,Punjabi
SCH0284,2025-05,59.7,7164.0,1,1,Govt. Senior Secondary School Prakash,Patiala,Rajpura,362,Higher Secondary,Punjabi
SCH0284,2025-07,124.9,16340.0,6,6,Govt. Senior Secondary School Prakash,Patiala,Rajpura,362,Higher Secondary,Punjabi
SCH0284,2025-08,1.074,1611.0,1,1,Govt. Senior Secondary School Prakash,Patiala,Rajpura,362,Higher Secondary,Punjabi
SCH0284,2025-09,0.772,1158.0,1,1,Govt. Senior Secondary School Prakash,Patiala,Rajpura,362,Higher Secondary,Punjabi
SCH0284,2025-10,0.0,5166.0,3,3,Govt. Senior Secondary School Prakash,Patiala,Rajpura,362,Higher Secondary,Punjabi
SCH0284,2025-11,58000.0,6960.0,1,1,Govt. Senior Secondary School Prakash,Patiala,Rajpura,362,Higher Secondary,Punjabi
SCH0284,2025-12,10.2,918.0,1,1,Govt. Senior Secondary School Prakash,Patiala,Rajpura,362,Higher Secondary,Punjabi
SCH0284,2026-01,33000.0,1320.0,1,1,Govt. Senior Secondary School Prakash,Patiala,Rajpura,362,Higher Secondary,Punjabi
SCH0284,2026-02,0.0,1756.0,1,1,Govt. Senior Secondary School Prakash,Patiala,Rajpura,362,Higher Secondary,Punjabi
SCH0284,2026-03,45129.424,10761.0,3,3,Govt. Senior Secondary School Prakash,Patiala,Rajpura,362,Higher Secondary,Punjabi
SCH0285,2025-04,59.8,4386.0,2,2,Govt. Primary School Chaudhry,Ferozepur,Ferozepur,400,Secondary,Hindi
SCH0285,2025-05,47.117999999999995,9253.0,5,4,Govt. Primary School Chaudhry,Ferozepur,Ferozepur,400,Secondary,Hindi
SCH0285,2025-06,34521.942,5208.0,3,3,Govt. Primary School Chaudhry,Ferozepur,Ferozepur,400,Secondary,Hindi
SCH0285,2025-07,0.6459999999999999,969.0,1,1,Govt. Primary School Chaudhry,Ferozepur,Ferozepur,400,Secondary,Hindi
SCH0285,2025-08,0.434,2604.0,1,1,Govt. Primary School Chaudhry,Ferozepur,Ferozepur,400,Secondary,Hindi
SCH0285,2025-09,43.9,1317.0,1,1,Govt. Primary School Chaudhry,Ferozepur,Ferozepur,400,Secondary,Hindi
SCH0285,2025-10,33600.0,1592.0,2,2,Govt. Primary School Chaudhry,Ferozepur,Ferozepur,400,Secondary,Hindi
SCH0285,2025-11,0.0,2466.0,1,1,Govt. Primary School Chaudhry,Ferozepur,Ferozepur,400,Secondary,Hindi
SCH0285,2025-12,0.912,4104.0,1,1,Govt. Primary School Chaudhry,Ferozepur,Ferozepur,400,Secondary,Hindi
SCH0285,2026-01,42.8,5136.0,1,1,Govt. Primary School Chaudhry,Ferozepur,Ferozepur,400,Secondary,Hindi
SCH0285,2026-02,15900.0,477.0,1,1,Govt. Primary School Chaudhry,Ferozepur,Ferozepur,400,Secondary,Hindi
SCH0285,2026-03,23057.226000000002,12720.0,4,4,Govt. Primary School Chaudhry,Ferozepur,Ferozepur,400,Secondary,Hindi
SCH0286,2025-05,50.8,5613.0,4,4,Govt. Elementary School Badal,Jalandhar,Nakodar,206,Primary,English
SCH0286,2025-06,16400.634,4460.0,2,2,Govt. Elementary School Badal,Jalandhar,Nakodar,206,Primary,English
SCH0286,2025-07,14.742,5501.0,3,3,Govt. Elementary School Badal,Jalandhar,Nakodar,206,Primary,English
SCH0286,2025-08,22437.4,3138.0,2,2,Govt. Elementary School Badal,Jalandhar,Nakodar,206,Primary,English
SCH0286,2025-09,61.5,4028.0,2,2,Govt. Elementary School Badal,Jalandhar,Nakodar,206,Primary,English
SCH0286,2025-11,21267.0,11284.0,4,4,Govt. Elementary School Badal,Jalandhar,Nakodar,206,Primary,English
SCH0286,2025-12,17400.0,4460.0,2,2,Govt. Elementary School Badal,Jalandhar,Nakodar,206,Primary,English
SCH0286,2026-01,0.0,2736.0,1,1,Govt. Elementary School Badal,Jalandhar,Nakodar,206,Primary,English
SCH0286,2026-02,0.562,843.0,1,1,Govt. Elementary School Badal,Jalandhar,Nakodar,206,Primary,English
SCH0287,2025-05,0.0,3474.0,1,1,Govt. Senior Secondary School Bhavsar,Ferozepur,Mamdot,340,Secondary,English
SCH0287,2025-06,30646.703999999998,13014.0,3,3,Govt. Senior Secondary School Bhavsar,Ferozepur,Mamdot,340,Secondary,English
SCH0287,2025-08,0.888,1776.0,1,1,Govt. Senior Secondary School Bhavsar,Ferozepur,Mamdot,340,Secondary,English
SCH0287,2025-10,50256.0,11860.0,4,4,Govt. Senior Secondary School Bhavsar,Ferozepur,Mamdot,340,Secondary,English
SCH0287,2025-12,117.9,9177.0,3,3,Govt. Senior Secondary School Bhavsar,Ferozepur,Mamdot,340,Secondary,English
SCH0287,2026-01,34.0,3921.0,2,2,Govt. Senior Secondary School Bhavsar,Ferozepur,Mamdot,340,Secondary,English
SCH0287,2026-02,59.410000000000004,5307.0,4,4,Govt. Senior Secondary School Bhavsar,Ferozepur,Mamdot,340,Secondary,English
SCH0287,2026-03,43.7,0.0,1,1,Govt. Senior Secondary School Bhavsar,Ferozepur,Mamdot,340,Secondary,English
SCH0288,2025-04,57468.3,7869.0,3,3,Govt. Middle School Goyal,Amritsar,Amritsar-II,200,Secondary,Hindi
SCH0288,2025-05,52.2,7002.0,2,2,Govt. Middle School Goyal,Amritsar,Amritsar-II,200,Secondary,Hindi
SCH0288,2025-07,0.0,312.0,1,1,Govt. Middle School Goyal,Amritsar,Amritsar-II,200,Secondary,Hindi
SCH0288,2025-08,37840.114,10663.0,3,1,Govt. Middle School Goyal,Amritsar,Amritsar-II,200,Secondary,Hindi
SCH0288,2025-09,0.0,1755.0,1,1,Govt. Middle School Goyal,Amritsar,Amritsar-II,200,Secondary,Hindi
SCH0288,2025-10,12811.9,2223.0,2,2,Govt. Middle School Goyal,Amritsar,Amritsar-II,200,Secondary,Hindi
SCH0288,2026-01,78.5,2831.0,2,2,Govt. Middle School Goyal,Amritsar,Amritsar-II,200,Secondary,Hindi
SCH0288,2026-02,0.6579999999999999,1316.0,1,1,Govt. Middle School Goyal,Amritsar,Amritsar-II,200,Secondary,Hindi
SCH0288,2026-03,0.8540000000000001,8069.0,3,3,Govt. Middle School Goyal,Amritsar,Amritsar-II,200,Secondary,Hindi
SCH0289,2025-04,13.5,1215.0,1,1,Govt. Elementary School Mohanty,Ferozepur,Mamdot,345,Higher Secondary,Hindi
SCH0289,2025-05,0.91,4095.0,1,1,Govt. Elementary School Mohanty,Ferozepur,Mamdot,345,Higher Secondary,Hindi
SCH0289,2025-06,1.862,5969.0,2,1,Govt. Elementary School Mohanty,Ferozepur,Mamdot,345,Higher Secondary,Hindi
SCH0289,2025-07,39.1,1685.0,2,2,Govt. Elementary School Mohanty,Ferozepur,Mamdot,345,Higher Secondary,Hindi
SCH0289,2025-08,0.466,3354.0,2,2,Govt. Elementary School Mohanty,Ferozepur,Mamdot,345,Higher Secondary,Hindi
SCH0289,2025-09,0.0,2304.0,1,1,Govt. Elementary School Mohanty,Ferozepur,Mamdot,345,Higher Secondary,Hindi
SCH0289,2025-10,64.7,3924.0,2,2,Govt. Elementary School Mohanty,Ferozepur,Mamdot,345,Higher Secondary,Hindi
SCH0289,2025-11,0.278,6996.0,2,2,Govt. Elementary School Mohanty,Ferozepur,Mamdot,345,Higher Secondary,Hindi
SCH0289,2025-12,44216.7,5304.0,2,2,Govt. Elementary School Mohanty,Ferozepur,Mamdot,345,Higher Secondary,Hindi
SCH0289,2026-01,0.0,1188.0,1,1,Govt. Elementary School Mohanty,Ferozepur,Mamdot,345,Higher Secondary,Hindi
SCH0289,2026-02,19655.0,3370.0,3,3,Govt. Elementary School Mohanty,Ferozepur,Mamdot,345,Higher Secondary,Hindi
SCH0289,2026-03,23400.0,936.0,1,1,Govt. Elementary School Mohanty,Ferozepur,Mamdot,345,Higher Secondary,Hindi
SCH0290,2025-04,16.112,8881.0,5,4,Govt. Primary School Mander,Jalandhar,Phillaur,187,Secondary,Punjabi
SCH0290,2025-05,34.071999999999996,9993.0,4,4,Govt. Primary School Mander,Jalandhar,Phillaur,187,Secondary,Punjabi
SCH0290,2025-06,0.7879999999999999,0.0,1,1,Govt. Primary School Mander,Jalandhar,Phillaur,187,Secondary,Punjabi
SCH0290,2025-07,44821.692,621.0,3,3,Govt. Primary School Mander,Jalandhar,Phillaur,187,Secondary,Punjabi
SCH0290,2025-08,29000.0,1916.0,3,3,Govt. Primary School Mander,Jalandhar,Phillaur,187,Secondary,Punjabi
SCH0290,2025-10,0.67,1005.0,1,1,Govt. Primary School Mander,Jalandhar,Phillaur,187,Secondary,Punjabi
SCH0290,2025-11,29914.0,4275.0,4,4,Govt. Primary School Mander,Jalandhar,Phillaur,187,Secondary,Punjabi
SCH0290,2026-01,11100.69,3549.0,2,2,Govt. Primary School Mander,Jalandhar,Phillaur,187,Secondary,Punjabi
SCH0290,2026-02,91.394,5019.0,3,3,Govt. Primary School Mander,Jalandhar,Phillaur,187,Secondary,Punjabi
SCH0290,2026-03,70500.0,2666.0,2,1,Govt. Primary School Mander,Jalandhar,Phillaur,187,Secondary,Punjabi
SCH0291,2025-04,29.834,7692.0,3,3,Govt. Elementary School Seth,Sangrur,Sunam,139,Higher Secondary,Punjabi
SCH0291,2025-05,0.442,1989.0,1,1,Govt. Elementary School Seth,Sangrur,Sunam,139,Higher Secondary,Punjabi
SCH0291,2025-06,29.9,897.0,1,1,Govt. Elementary School Seth,Sangrur,Sunam,139,Higher Secondary,Punjabi
SCH0291,2025-07,0.502,1004.0,1,1,Govt. Elementary School Seth,Sangrur,Sunam,139,Higher Secondary,Punjabi
SCH0291,2025-08,18.5,2220.0,1,1,Govt. Elementary School Seth,Sangrur,Sunam,139,Higher Secondary,Punjabi
SCH0291,2025-09,56.8,1704.0,1,1,Govt. Elementary School Seth,Sangrur,Sunam,139,Higher Secondary,Punjabi
SCH0291,2025-10,10336.6,2334.0,2,2,Govt. Elementary School Seth,Sangrur,Sunam,139,Higher Secondary,Punjabi
SCH0291,2025-11,41.472,20541.0,5,4,Govt. Elementary School Seth,Sangrur,Sunam,139,Higher Secondary,Punjabi
SCH0291,2025-12,0.7859999999999999,5477.0,2,1,Govt. Elementary School Seth,Sangrur,Sunam,139,Higher Secondary,Punjabi
SCH0291,2026-01,0.0,735.0,1,1,Govt. Elementary School Seth,Sangrur,Sunam,139,Higher Secondary,Punjabi
SCH0291,2026-02,57.5,4650.0,2,2,Govt. Elementary School Seth,Sangrur,Sunam,139,Higher Secondary,Punjabi
SCH0291,2026-03,0.0,2880.0,1,1,Govt. Elementary School Seth,Sangrur,Sunam,139,Higher Secondary,Punjabi
SCH0292,2025-04,0.0,867.0,1,1,Govt. Middle School Deo,Sangrur,Sunam,82,Upper Primary,English
SCH0292,2025-05,49.7,4473.0,1,1,Govt. Middle School Deo,Sangrur,Sunam,82,Upper Primary,English
SCH0292,2025-07,1.2200000000000002,8820.0,3,3,Govt. Middle School Deo,Sangrur,Sunam,82,Upper Primary,English
SCH0292,2025-08,51800.0,4662.0,1,1,Govt. Middle School Deo,Sangrur,Sunam,82,Upper Primary,English
SCH0292,2025-09,0.0,1782.0,1,1,Govt. Middle School Deo,Sangrur,Sunam,82,Upper Primary,English
SCH0292,2025-10,30415.814,9664.0,3,3,Govt. Middle School Deo,Sangrur,Sunam,82,Upper Primary,English
SCH0292,2025-11,51.2,4784.0,2,2,Govt. Middle School Deo,Sangrur,Sunam,82,Upper Primary,English
SCH0292,2026-02,40.5,1215.0,1,1,Govt. Middle School Deo,Sangrur,Sunam,82,Upper Primary,English
SCH0293,2025-05,17.6,5571.0,2,2,Govt. Primary School Wadhwa,Jalandhar,Phillaur,329,Higher Secondary,English
SCH0293,2025-06,20.3,6656.0,2,2,Govt. Primary School Wadhwa,Jalandhar,Phillaur,329,Higher Secondary,English
SCH0293,2025-07,51.0,4590.0,1,1,Govt. Primary School Wadhwa,Jalandhar,Phillaur,329,Higher Secondary,English
SCH0293,2025-08,1.1059999999999999,5439.0,2,2,Govt. Primary School Wadhwa,Jalandhar,Phillaur,329,Higher Secondary,English
SCH0293,2025-09,0.0,1389.0,1,1,Govt. Primary School Wadhwa,Jalandhar,Phillaur,329,Higher Secondary,English
SCH0293,2025-12,0.0,1726.0,2,2,Govt. Primary School Wadhwa,Jalandhar,Phillaur,329,Higher Secondary,English
SCH0293,2026-01,70400.0,7504.0,2,2,Govt. Primary School Wadhwa,Jalandhar,Phillaur,329,Higher Secondary,English
SCH0293,2026-02,32700.0,4890.0,4,2,Govt. Primary School Wadhwa,Jalandhar,Phillaur,329,Higher Secondary,English
SCH0293,2026-03,41900.0,1257.0,1,1,Govt. Primary School Wadhwa,Jalandhar,Phillaur,329,Higher Secondary,English
SCH0294,2025-05,68637.9,5991.0,3,1,Govt. Primary School Arora,Moga,Moga-I,429,Upper Primary,Hindi
SCH0294,2025-06,10400.0,1248.0,1,1,Govt. Primary School Arora,Moga,Moga-I,429,Upper Primary,Hindi
SCH0294,2025-07,22948.104,6444.0,3,2,Govt. Primary School Arora,Moga,Moga-I,429,Upper Primary,Hindi
SCH0294,2025-08,0.0,1701.0,1,1,Govt. Primary School Arora,Moga,Moga-I,429,Upper Primary,Hindi
SCH0294,2025-09,1.094,2188.0,1,1,Govt. Primary School Arora,Moga,Moga-I,429,Upper Primary,Hindi
SCH0294,2025-11,0.892,5352.0,1,1,Govt. Primary School Arora,Moga,Moga-I,429,Upper Primary,Hindi
SCH0294,2025-12,52.2,0.0,1,1,Govt. Primary School Arora,Moga,Moga-I,429,Upper Primary,Hindi
SCH0294,2026-01,11400.33,2460.0,4,4,Govt. Primary School Arora,Moga,Moga-I,429,Upper Primary,Hindi
SCH0295,2025-04,27.552,4032.0,2,2,Govt. Primary School Sule,Bathinda,Bathinda,270,Primary,Hindi
SCH0295,2025-06,38014.0,3200.0,2,1,Govt. Primary School Sule,Bathinda,Bathinda,270,Primary,Hindi
SCH0295,2025-08,48.5,1836.0,2,2,Govt. Primary School Sule,Bathinda,Bathinda,270,Primary,Hindi
SCH0295,2025-09,110.9,4436.0,2,2,Govt. Primary School Sule,Bathinda,Bathinda,270,Primary,Hindi
SCH0295,2025-10,0.0,10125.0,3,3,Govt. Primary School Sule,Bathinda,Bathinda,270,Primary,Hindi
SCH0295,2025-11,23.398,4743.0,2,2,Govt. Primary School Sule,Bathinda,Bathinda,270,Primary,Hindi
SCH0295,2025-12,46501.004,6378.0,2,2,Govt. Primary School Sule,Bathinda,Bathinda,270,Primary,Hindi
SCH0295,2026-01,18200.888000000003,4542.0,3,3,Govt. Primary School Sule,Bathinda,Bathinda,270,Primary,Hindi
SCH0295,2026-02,99500.0,7008.0,3,3,Govt. Primary School Sule,Bathinda,Bathinda,270,Primary,Hindi
SCH0295,2026-03,50100.0,2664.0,2,2,Govt. Primary School Sule,Bathinda,Bathinda,270,Primary,Hindi
SCH0296,2025-06,0.0,6072.0,1,1,Govt. Senior Secondary School Dash,Patiala,Samana,403,Higher Secondary,Hindi
SCH0296,2025-07,49.5,6120.0,2,2,Govt. Senior Secondary School Dash,Patiala,Samana,403,Higher Secondary,Hindi
SCH0296,2025-09,42.6,1704.0,1,1,Govt. Senior Secondary School Dash,Patiala,Samana,403,Higher Secondary,Hindi
SCH0296,2025-10,39.1,4692.0,1,1,Govt. Senior Secondary School Dash,Patiala,Samana,403,Higher Secondary,Hindi
SCH0296,2025-11,26511.3,1247.0,2,2,Govt. Senior Secondary School Dash,Patiala,Samana,403,Higher Secondary,Hindi
SCH0296,2025-12,21200.346,3984.0,2,2,Govt. Senior Secondary School Dash,Patiala,Samana,403,Higher Secondary,Hindi
SCH0296,2026-01,16.7,1503.0,1,1,Govt. Senior Secondary School Dash,Patiala,Samana,403,Higher Secondary,Hindi
SCH0296,2026-02,0.562,2529.0,1,1,Govt. Senior Secondary School Dash,Patiala,Samana,403,Higher Secondary,Hindi
SCH0296,2026-03,58800.0,5292.0,1,1,Govt. Senior Secondary School Dash,Patiala,Samana,403,Higher Secondary,Hindi
SCH0297,2025-04,46500.0,1860.0,1,1,Govt. Middle School Narayanan,Ludhiana,Doraha,312,Upper Primary,English
SCH0297,2025-05,30.541999999999998,3786.0,2,2,Govt. Middle School Narayanan,Ludhiana,Doraha,312,Upper Primary,English
SCH0297,2025-06,0.0,4932.0,2,2,Govt. Middle School Narayanan,Ludhiana,Doraha,312,Upper Primary,English
SCH0297,2025-07,44837.964,10940.0,4,3,Govt. Middle School Narayanan,Ludhiana,Doraha,312,Upper Primary,English
SCH0297,2025-08,66.80000000000001,10392.0,3,3,Govt. Middle School Narayanan,Ludhiana,Doraha,312,Upper Primary,English
SCH0297,2025-09,0.0,1788.0,1,1,Govt. Middle School Narayanan,Ludhiana,Doraha,312,Upper Primary,English
SCH0297,2025-10,16801.796,7452.0,3,3,Govt. Middle School Narayanan,Ludhiana,Doraha,312,Upper Primary,English
SCH0297,2025-11,20.238,1557.0,2,2,Govt. Middle School Narayanan,Ludhiana,Doraha,312,Upper Primary,English
SCH0297,2025-12,29.3,0.0,1,1,Govt. Middle School Narayanan,Ludhiana,Doraha,312,Upper Primary,English
SCH0297,2026-02,16.236,4962.0,3,2,Govt. Middle School Narayanan,Ludhiana,Doraha,312,Upper Primary,English
SCH0298,2025-04,34.254,7271.0,3,2,Govt. Senior Secondary School Sibal,Amritsar,Amritsar-II,424,Primary,Hindi
SCH0298,2025-05,58637.9,6306.0,2,1,Govt. Senior Secondary School Sibal,Amritsar,Amritsar-II,424,Primary,Hindi
SCH0298,2025-06,48200.676,7083.0,4,3,Govt. Senior Secondary School Sibal,Amritsar,Amritsar-II,424,Primary,Hindi
SCH0298,2025-07,47701.545999999995,12519.0,3,2,Govt. Senior Secondary School Sibal,Amritsar,Amritsar-II,424,Primary,Hindi
SCH0298,2025-08,46.9,4221.0,1,1,Govt. Senior Secondary School Sibal,Amritsar,Amritsar-II,424,Primary,Hindi
SCH0298,2025-09,55.9,7384.0,2,2,Govt. Senior Secondary School Sibal,Amritsar,Amritsar-II,424,Primary,Hindi
SCH0298,2025-10,15.5,465.0,1,1,Govt. Senior Secondary School Sibal,Amritsar,Amritsar-II,424,Primary,Hindi
SCH0298,2025-12,58800.0,6462.0,2,2,Govt. Senior Secondary School Sibal,Amritsar,Amritsar-II,424,Primary,Hindi
SCH0298,2026-01,14.2,1278.0,1,1,Govt. Senior Secondary School Sibal,Amritsar,Amritsar-II,424,Primary,Hindi
SCH0298,2026-03,0.936,1872.0,1,1,Govt. Senior Secondary School Sibal,Amritsar,Amritsar-II,424,Primary,Hindi
SCH0299,2025-05,13800.0,414.0,1,1,Govt. Elementary School Sane,Patiala,Nabha,404,Upper Primary,Hindi
SCH0299,2025-06,0.636,3572.0,2,2,Govt. Elementary School Sane,Patiala,Nabha,404,Upper Primary,Hindi
SCH0299,2025-07,32475.4,9699.0,4,3,Govt. Elementary School Sane,Patiala,Nabha,404,Upper Primary,Hindi
SCH0299,2025-08,0.0,4020.0,1,1,Govt. Elementary School Sane,Patiala,Nabha,404,Upper Primary,Hindi
SCH0299,2025-11,34.2,4104.0,1,1,Govt. Elementary School Sane,Patiala,Nabha,404,Upper Primary,Hindi
SCH0299,2025-12,12700.824,3161.0,3,3,Govt. Elementary School Sane,Patiala,Nabha,404,Upper Primary,Hindi
SCH0299,2026-01,0.0,3520.0,2,2,Govt. Elementary School Sane,Patiala,Nabha,404,Upper Primary,Hindi
SCH0299,2026-02,20.4,5580.0,2,2,Govt. Elementary School Sane,Patiala,Nabha,404,Upper Primary,Hindi
SCH0299,2026-03,0.0,3267.0,1,1,Govt. Elementary School Sane,Patiala,Nabha,404,Upper Primary,Hindi
SCH0300,2025-04,23.428,4645.0,3,3,Govt. Middle School Chaudhary,Bathinda,Talwandi Sabo,232,Primary,English
SCH0300,2025-05,18200.442,5883.0,3,3,Govt. Middle School Chaudhary,Bathinda,Talwandi Sabo,232,Primary,English
SCH0300,2025-06,0.0,2610.0,1,1,Govt. Middle School Chaudhary,Bathinda,Talwandi Sabo,232,Primary,English
SCH0300,2025-07,0.206,412.0,1,1,Govt. Middle School Chaudhary,Bathinda,Talwandi Sabo,232,Primary,English
SCH0300,2025-08,0.276,6282.0,2,2,Govt. Middle School Chaudhary,Bathinda,Talwandi Sabo,232,Primary,English
SCH0300,2025-09,88.1,6812.0,2,1,Govt. Middle School Chaudhary,Bathinda,Talwandi Sabo,232,Primary,English
SCH0300,2025-10,43835.1,2805.0,2,2,Govt. Middle School Chaudhary,Bathinda,Talwandi Sabo,232,Primary,English
SCH0300,2025-12,44.3,1650.0,2,1,Govt. Middle School Chaudhary,Bathinda,Talwandi Sabo,232,Primary,English
SCH0300,2026-01,37.714,4965.0,2,2,Govt. Middle School Chaudhary,Bathinda,Talwandi Sabo,232,Primary,English
SCH0300,2026-03,34.702,6612.0,2,2,Govt. Middle School Chaudhary,Bathinda,Talwandi Sabo,232,Primary,English
SCH0301,2025-04,29100.548,12423.0,5,5,Govt. Elementary School Loke,Sangrur,Dhuri,207,Primary,English
SCH0301,2025-05,13.6,6700.0,2,2,Govt. Elementary School Loke,Sangrur,Dhuri,207,Primary,English
SCH0301,2025-06,0.0,1278.0,1,1,Govt. Elementary School Loke,Sangrur,Dhuri,207,Primary,English
SCH0301,2025-07,24300.0,729.0,1,1,Govt. Elementary School Loke,Sangrur,Dhuri,207,Primary,English
SCH0301,2025-08,0.8,3600.0,1,1,Govt. Elementary School Loke,Sangrur,Dhuri,207,Primary,English
SCH0301,2025-10,72.3,7224.0,3,3,Govt. Elementary School Loke,Sangrur,Dhuri,207,Primary,English
SCH0301,2025-12,54.7,4152.0,4,3,Govt. Elementary School Loke,Sangrur,Dhuri,207,Primary,English
SCH0301,2026-01,19.0,0.0,2,2,Govt. Elementary School Loke,Sangrur,Dhuri,207,Primary,English
SCH0301,2026-02,17400.0,1566.0,1,1,Govt. Elementary School Loke,Sangrur,Dhuri,207,Primary,English
SCH0302,2025-04,29947.626,8454.0,3,3,Govt. Middle School Sama,Amritsar,Tarn Taran,151,Upper Primary,English
SCH0302,2025-06,39000.218,1887.0,2,2,Govt. Middle School Sama,Amritsar,Tarn Taran,151,Upper Primary,English
SCH0302,2025-07,140.684,11931.0,5,5,Govt. Middle School Sama,Amritsar,Tarn Taran,151,Upper Primary,English
SCH0302,2025-08,53.5,4815.0,1,1,Govt. Middle School Sama,Amritsar,Tarn Taran,151,Upper Primary,English
SCH0302,2025-10,28.032,1752.0,2,2,Govt. Middle School Sama,Amritsar,Tarn Taran,151,Upper Primary,English
SCH0302,2025-11,0.0,1637.0,2,2,Govt. Middle School Sama,Amritsar,Tarn Taran,151,Upper Primary,English
SCH0302,2025-12,38300.646,2118.0,2,2,Govt. Middle School Sama,Amritsar,Tarn Taran,151,Upper Primary,English
SCH0302,2026-01,49.3,8121.0,3,3,Govt. Middle School Sama,Amritsar,Tarn Taran,151,Upper Primary,English
SCH0302,2026-02,99.46600000000001,13479.0,3,3,Govt. Middle School Sama,Amritsar,Tarn Taran,151,Upper Primary,English
SCH0302,2026-03,31545.9,7866.0,4,4,Govt. Middle School Sama,Amritsar,Tarn Taran,151,Upper Primary,English
SCH0303,2025-04,12.3,4998.0,4,4,Govt. Elementary School Bava,Jalandhar,Unknown,443,Primary,Hindi
SCH0303,2025-06,0.0,1404.0,1,1,Govt. Elementary School Bava,Jalandhar,Unknown,443,Primary,Hindi
SCH0303,2025-07,28424.982,6332.0,3,2,Govt. Elementary School Bava,Jalandhar,Unknown,443,Primary,Hindi
SCH0303,2025-09,50949.4,4461.0,3,2,Govt. Elementary School Bava,Jalandhar,Unknown,443,Primary,Hindi
SCH0303,2025-11,102.19999999999999,5700.0,2,2,Govt. Elementary School Bava,Jalandhar,Unknown,443,Primary,Hindi
SCH0303,2025-12,53.5,4815.0,2,2,Govt. Elementary School Bava,Jalandhar,Unknown,443,Primary,Hindi
SCH0303,2026-01,0.0,1404.0,1,1,Govt. Elementary School Bava,Jalandhar,Unknown,443,Primary,Hindi
SCH0303,2026-02,35200.0,6068.0,2,2,Govt. Elementary School Bava,Jalandhar,Unknown,443,Primary,Hindi
SCH0303,2026-03,20200.714,4755.0,3,3,Govt. Elementary School Bava,Jalandhar,Unknown,443,Primary,Hindi
SCH0304,2025-04,13547.462,3934.0,3,3,Govt. Senior Secondary School Dubey,Sangrur,Dhuri,40,Higher Secondary,English
SCH0304,2025-05,17700.0,531.0,1,1,Govt. Senior Secondary School Dubey,Sangrur,Dhuri,40,Higher Secondary,English
SCH0304,2025-06,0.0,2604.0,1,1,Govt. Senior Secondary School Dubey,Sangrur,Dhuri,40,Higher Secondary,English
SCH0304,2025-07,1.7159999999999997,8930.0,3,3,Govt. Senior Secondary School Dubey,Sangrur,Dhuri,40,Higher Secondary,English
SCH0304,2025-09,0.0,1516.0,1,1,Govt. Senior Secondary School Dubey,Sangrur,Dhuri,40,Higher Secondary,English
SCH0304,2025-10,32300.0,3771.0,2,2,Govt. Senior Secondary School Dubey,Sangrur,Dhuri,40,Higher Secondary,English
SCH0304,2025-11,29.099999999999998,2619.0,2,2,Govt. Senior Secondary School Dubey,Sangrur,Dhuri,40,Higher Secondary,English
SCH0304,2025-12,17430.3,4158.0,2,2,Govt. Senior Secondary School Dubey,Sangrur,Dhuri,40,Higher Secondary,English
SCH0304,2026-01,0.546,819.0,1,1,Govt. Senior Secondary School Dubey,Sangrur,Dhuri,40,Higher Secondary,English
SCH0304,2026-02,22200.0,1350.0,2,2,Govt. Senior Secondary School Dubey,Sangrur,Dhuri,40,Higher Secondary,English
SCH0304,2026-03,0.0,627.0,1,1,Govt. Senior Secondary School Dubey,Sangrur,Dhuri,40,Higher Secondary,English
SCH0305,2025-04,53.3,0.0,1,1,Govt. Senior Secondary School Mane,Jalandhar,Unknown,87,Secondary,English
SCH0305,2025-06,17.8,1602.0,1,1,Govt. Senior Secondary School Mane,Jalandhar,Unknown,87,Secondary,English
SCH0305,2025-08,18268.399999999998,5688.0,3,3,Govt. Senior Secondary School Mane,Jalandhar,Unknown,87,Secondary,English
SCH0305,2025-09,0.0,3771.0,1,1,Govt. Senior Secondary School Mane,Jalandhar,Unknown,87,Secondary,English
SCH0305,2025-12,0.0,921.0,1,1,Govt. Senior Secondary School Mane,Jalandhar,Unknown,87,Secondary,English
SCH0305,2026-01,0.826,5208.0,2,2,Govt. Senior Secondary School Mane,Jalandhar,Unknown,87,Secondary,English
SCH0305,2026-03,0.0,2511.0,1,1,Govt. Senior Secondary School Mane,Jalandhar,Unknown,87,Secondary,English
SCH0306,2025-04,55953.2,3915.0,3,3,Govt. Elementary School Bhardwaj,Patiala,Unknown,375,Primary,Hindi
SCH0306,2025-06,0.0,1176.0,1,1,Govt. Elementary School Bhardwaj,Patiala,Unknown,375,Primary,Hindi
SCH0306,2025-07,34700.0,4164.0,1,1,Govt. Elementary School Bhardwaj,Patiala,Unknown,375,Primary,Hindi
SCH0306,2025-08,62200.0,3690.0,2,2,Govt. Elementary School Bhardwaj,Patiala,Unknown,375,Primary,Hindi
SCH0306,2025-10,0.0,522.0,1,1,Govt. Elementary School Bhardwaj,Patiala,Unknown,375,Primary,Hindi
SCH0306,2025-11,39.854,12847.0,5,5,Govt. Elementary School Bhardwaj,Patiala,Unknown,375,Primary,Hindi
SCH0306,2025-12,45.4,1362.0,1,1,Govt. Elementary School Bhardwaj,Patiala,Unknown,375,Primary,Hindi
SCH0306,2026-01,12.4,496.0,1,1,Govt. Elementary School Bhardwaj,Patiala,Unknown,375,Primary,Hindi
SCH0306,2026-02,19.7,591.0,1,1,Govt. Elementary School Bhardwaj,Patiala,Unknown,375,Primary,Hindi
SCH0306,2026-03,0.0,2016.0,2,2,Govt. Elementary School Bhardwaj,Patiala,Unknown,375,Primary,Hindi
SCH0307,2025-04,39.804,5504.0,3,2,Govt. Elementary School Wali,Unknown,Rajpura,44,Secondary,Punjabi
SCH0307,2025-06,1.196,6456.0,3,3,Govt. Elementary School Wali,Unknown,Rajpura,44,Secondary,Punjabi
SCH0307,2025-09,0.0,964.0,1,1,Govt. Elementary School Wali,Unknown,Rajpura,44,Secondary,Punjabi
SCH0307,2025-10,22.1,1989.0,1,1,Govt. Elementary School Wali,Unknown,Rajpura,44,Secondary,Punjabi
SCH0307,2025-11,0.0,1185.0,1,1,Govt. Elementary School Wali,Unknown,Rajpura,44,Secondary,Punjabi
SCH0307,2025-12,99.0,10772.0,5,4,Govt. Elementary School Wali,Unknown,Rajpura,44,Secondary,Punjabi
SCH0307,2026-01,0.0,6747.0,2,2,Govt. Elementary School Wali,Unknown,Rajpura,44,Secondary,Punjabi
SCH0307,2026-02,12800.0,1536.0,1,1,Govt. Elementary School Wali,Unknown,Rajpura,44,Secondary,Punjabi
SCH0307,2026-03,15200.788,3400.0,2,2,Govt. Elementary School Wali,Unknown,Rajpura,44,Secondary,Punjabi
SCH0308,2025-04,0.0,759.0,1,1,Govt. Middle School Butala,Amritsar,Amritsar-II,236,Primary,Hindi
SCH0308,2025-05,56.744,5056.0,3,3,Govt. Middle School Butala,Amritsar,Amritsar-II,236,Primary,Hindi
SCH0308,2025-06,49200.0,1875.0,2,2,Govt. Middle School Butala,Amritsar,Amritsar-II,236,Primary,Hindi
SCH0308,2025-07,1.012,6072.0,1,1,Govt. Middle School Butala,Amritsar,Amritsar-II,236,Primary,Hindi
SCH0308,2025-08,20.3,2436.0,2,2,Govt. Middle School Butala,Amritsar,Amritsar-II,236,Primary,Hindi
SCH0308,2025-09,0.0,1566.0,1,1,Govt. Middle School Butala,Amritsar,Amritsar-II,236,Primary,Hindi
SCH0308,2025-10,10300.0,927.0,1,1,Govt. Middle School Butala,Amritsar,Amritsar-II,236,Primary,Hindi
SCH0308,2025-11,0.524,5637.0,3,3,Govt. Middle School Butala,Amritsar,Amritsar-II,236,Primary,Hindi
SCH0308,2025-12,0.0,4284.0,2,2,Govt. Middle School Butala,Amritsar,Amritsar-II,236,Primary,Hindi
SCH0308,2026-01,0.0,6694.0,2,2,Govt. Middle School Butala,Amritsar,Amritsar-II,236,Primary,Hindi
SCH0308,2026-02,22.183999999999997,5167.0,4,3,Govt. Middle School Butala,Amritsar,Amritsar-II,236,Primary,Hindi
SCH0308,2026-03,60.188,8140.0,2,2,Govt. Middle School Butala,Amritsar,Amritsar-II,236,Primary,Hindi
SCH0309,2025-04,0.0,1748.0,1,1,Govt. Primary School Garde,Ferozepur,Zira,368,Upper Primary,Hindi
SCH0309,2025-05,111.30000000000001,9716.0,3,3,Govt. Primary School Garde,Ferozepur,Zira,368,Upper Primary,Hindi
SCH0309,2025-06,25400.0,3048.0,1,1,Govt. Primary School Garde,Ferozepur,Zira,368,Upper Primary,Hindi
SCH0309,2025-07,48700.0,6120.0,2,2,Govt. Primary School Garde,Ferozepur,Zira,368,Upper Primary,Hindi
SCH0309,2025-08,30300.0,5052.0,2,2,Govt. Primary School Garde,Ferozepur,Zira,368,Upper Primary,Hindi
SCH0309,2025-09,0.0,696.0,1,1,Govt. Primary School Garde,Ferozepur,Zira,368,Upper Primary,Hindi
SCH0309,2025-10,38.908,1620.0,2,2,Govt. Primary School Garde,Ferozepur,Zira,368,Upper Primary,Hindi
SCH0309,2025-11,52.7,4743.0,1,1,Govt. Primary School Garde,Ferozepur,Zira,368,Upper Primary,Hindi
SCH0309,2025-12,0.0,3103.0,2,2,Govt. Primary School Garde,Ferozepur,Zira,368,Upper Primary,Hindi
SCH0309,2026-01,26900.0,7485.0,2,1,Govt. Primary School Garde,Ferozepur,Zira,368,Upper Primary,Hindi
SCH0309,2026-02,53501.184,4508.0,3,3,Govt. Primary School Garde,Ferozepur,Zira,368,Upper Primary,Hindi
SCH0309,2026-03,0.606,3094.0,3,2,Govt. Primary School Garde,Ferozepur,Zira,368,Upper Primary,Hindi
SCH0310,2025-04,0.7020000000000001,4968.0,2,2,Govt. Elementary School Nair,Sangrur,Malerkotla,409,Upper Primary,Punjabi
SCH0310,2025-07,0.0,4806.0,2,2,Govt. Elementary School Nair,Sangrur,Malerkotla,409,Upper Primary,Punjabi
SCH0310,2025-09,22400.0,2508.0,2,2,Govt. Elementary School Nair,Sangrur,Malerkotla,409,Upper Primary,Punjabi
SCH0310,2025-10,20.4,1080.0,2,1,Govt. Elementary School Nair,Sangrur,Malerkotla,409,Upper Primary,Punjabi
SCH0310,2025-11,27.0,2430.0,1,1,Govt. Elementary School Nair,Sangrur,Malerkotla,409,Upper Primary,Punjabi
SCH0310,2026-01,15.1,453.0,1,1,Govt. Elementary School Nair,Sangrur,Malerkotla,409,Upper Primary,Punjabi
SCH0310,2026-02,0.746,2756.0,3,3,Govt. Elementary School Nair,Sangrur,Malerkotla,409,Upper Primary,Punjabi
SCH0310,2026-03,0.0,4518.0,2,2,Govt. Elementary School Nair,Sangrur,Malerkotla,409,Upper Primary,Punjabi
SCH0311,2025-06,1.414,6431.0,3,3,Govt. Elementary School Sarkar,Amritsar,Amritsar-II,425,Higher Secondary,Hindi
SCH0311,2025-07,13200.714,1188.0,2,2,Govt. Elementary School Sarkar,Amritsar,Amritsar-II,425,Higher Secondary,Hindi
SCH0311,2025-08,0.0,12210.0,3,3,Govt. Elementary School Sarkar,Amritsar,Amritsar-II,425,Higher Secondary,Hindi
SCH0311,2025-09,25.888,6078.0,2,2,Govt. Elementary School Sarkar,Amritsar,Amritsar-II,425,Higher Secondary,Hindi
SCH0311,2025-10,13.6,2000.0,2,2,Govt. Elementary School Sarkar,Amritsar,Amritsar-II,425,Higher Secondary,Hindi
SCH0311,2025-11,22.1,0.0,1,1,Govt. Elementary School Sarkar,Amritsar,Amritsar-II,425,Higher Secondary,Hindi
SCH0311,2025-12,0.0,951.0,1,1,Govt. Elementary School Sarkar,Amritsar,Amritsar-II,425,Higher Secondary,Hindi
SCH0311,2026-03,43701.032,9888.0,2,2,Govt. Elementary School Sarkar,Amritsar,Amritsar-II,425,Higher Secondary,Hindi
SCH0312,2025-04,69.186,9025.0,4,4,Govt. Primary School Sagar,Patiala,Samana,370,Secondary,English
SCH0312,2025-06,0.946,4257.0,1,1,Govt. Primary School Sagar,Patiala,Samana,370,Secondary,English
SCH0312,2025-08,58.2,5238.0,1,1,Govt. Primary School Sagar,Patiala,Samana,370,Secondary,English
SCH0312,2025-09,20100.0,1983.0,2,2,Govt. Primary School Sagar,Patiala,Samana,370,Secondary,English
SCH0312,2025-10,51.1,5151.0,2,2,Govt. Primary School Sagar,Patiala,Samana,370,Secondary,English
SCH0312,2025-11,10619.1,1718.0,2,2,Govt. Primary School Sagar,Patiala,Samana,370,Secondary,English
SCH0312,2025-12,33.9,1356.0,1,1,Govt. Primary School Sagar,Patiala,Samana,370,Secondary,English
SCH0312,2026-01,0.0,2970.0,1,1,Govt. Primary School Sagar,Patiala,Samana,370,Secondary,English
SCH0312,2026-02,0.0,8208.0,2,2,Govt. Primary School Sagar,Patiala,Samana,370,Secondary,English
SCH0312,2026-03,0.772,4632.0,1,1,Govt. Primary School Sagar,Patiala,Samana,370,Secondary,English
SCH0313,2025-04,51926.6,11780.0,3,3,Govt. Senior Secondary School Behl,Patiala,Nabha,422,Primary,Punjabi
SCH0313,2025-06,0.0,1680.0,1,1,Govt. Senior Secondary School Behl,Patiala,Nabha,422,Primary,Punjabi
SCH0313,2025-07,0.0,1827.0,1,1,Govt. Senior Secondary School Behl,Patiala,Nabha,422,Primary,Punjabi
SCH0313,2025-08,36.5,6648.0,2,2,Govt. Senior Secondary School Behl,Patiala,Nabha,422,Primary,Punjabi
SCH0313,2025-10,1.0519999999999998,3856.0,2,2,Govt. Senior Secondary School Behl,Patiala,Nabha,422,Primary,Punjabi
SCH0313,2025-12,0.866,1732.0,1,1,Govt. Senior Secondary School Behl,Patiala,Nabha,422,Primary,Punjabi
SCH0313,2026-01,25300.0,8853.0,2,2,Govt. Senior Secondary School Behl,Patiala,Nabha,422,Primary,Punjabi
SCH0313,2026-02,55.5,4995.0,1,1,Govt. Senior Secondary School Behl,Patiala,Nabha,422,Primary,Punjabi
SCH0313,2026-03,0.0,2140.0,1,1,Govt. Senior Secondary School Behl,Patiala,Nabha,422,Primary,Punjabi
SCH0314,2025-04,1.104,2208.0,1,1,Govt. Middle School Kakar,Patiala,Rajpura,366,Primary,Hindi
SCH0314,2025-05,19.3,3144.0,2,1,Govt. Middle School Kakar,Patiala,Rajpura,366,Primary,Hindi
SCH0314,2025-07,45.9,1836.0,1,1,Govt. Middle School Kakar,Patiala,Rajpura,366,Primary,Hindi
SCH0314,2025-08,0.268,3724.0,2,2,Govt. Middle School Kakar,Patiala,Rajpura,366,Primary,Hindi
SCH0314,2025-09,61.3,4122.0,2,2,Govt. Middle School Kakar,Patiala,Rajpura,366,Primary,Hindi
SCH0314,2025-11,106.4,11190.0,4,3,Govt. Middle School Kakar,Patiala,Rajpura,366,Primary,Hindi
SCH0314,2025-12,23.1,2079.0,1,1,Govt. Middle School Kakar,Patiala,Rajpura,366,Primary,Hindi
SCH0314,2026-01,51.5,4635.0,2,2,Govt. Middle School Kakar,Patiala,Rajpura,366,Primary,Hindi
SCH0314,2026-02,58100.0,9468.0,2,2,Govt. Middle School Kakar,Patiala,Rajpura,366,Primary,Hindi
SCH0314,2026-03,36.6,1098.0,1,1,Govt. Middle School Kakar,Patiala,Rajpura,366,Primary,Hindi
SCH0315,2025-05,21.076,11040.0,3,3,Govt. Primary School Chakraborty,Ferozepur,Unknown,319,Higher Secondary,Punjabi
SCH0315,2025-06,51600.424,6828.0,2,2,Govt. Primary School Chakraborty,Ferozepur,Unknown,319,Higher Secondary,Punjabi
SCH0315,2025-07,56848.5,9477.0,2,2,Govt. Primary School Chakraborty,Ferozepur,Unknown,319,Higher Secondary,Punjabi
SCH0315,2025-08,52.1,4904.0,2,1,Govt. Primary School Chakraborty,Ferozepur,Unknown,319,Higher Secondary,Punjabi
SCH0315,2025-09,0.396,2376.0,1,1,Govt. Primary School Chakraborty,Ferozepur,Unknown,319,Higher Secondary,Punjabi
SCH0315,2025-10,0.914,7221.0,2,2,Govt. Primary School Chakraborty,Ferozepur,Unknown,319,Higher Secondary,Punjabi
SCH0315,2025-11,1.17,1755.0,1,1,Govt. Primary School Chakraborty,Ferozepur,Unknown,319,Higher Secondary,Punjabi
SCH0315,2025-12,43.1,4188.0,2,2,Govt. Primary School Chakraborty,Ferozepur,Unknown,319,Higher Secondary,Punjabi
SCH0315,2026-01,48.688,3604.0,2,2,Govt. Primary School Chakraborty,Ferozepur,Unknown,319,Higher Secondary,Punjabi
SCH0315,2026-02,0.0,4944.0,1,1,Govt. Primary School Chakraborty,Ferozepur,Unknown,319,Higher Secondary,Punjabi
SCH0315,2026-03,19750.600000000002,13236.0,4,4,Govt. Primary School Chakraborty,Ferozepur,Unknown,319,Higher Secondary,Punjabi
SCH0316,2025-04,80240.5,8589.0,3,3,Govt. Elementary School Dhingra,Unknown,Doraha,150,Primary,Hindi
SCH0316,2025-05,36159.9,9144.0,3,3,Govt. Elementary School Dhingra,Unknown,Doraha,150,Primary,Hindi
SCH0316,2025-06,48.0,4320.0,1,1,Govt. Elementary School Dhingra,Unknown,Doraha,150,Primary,Hindi
SCH0316,2025-07,1.4500000000000002,4600.0,2,2,Govt. Elementary School Dhingra,Unknown,Doraha,150,Primary,Hindi
SCH0316,2025-09,47.0,3218.0,2,2,Govt. Elementary School Dhingra,Unknown,Doraha,150,Primary,Hindi
SCH0316,2025-10,72316.7,10704.0,4,4,Govt. Elementary School Dhingra,Unknown,Doraha,150,Primary,Hindi
SCH0316,2025-11,0.0,3592.0,2,2,Govt. Elementary School Dhingra,Unknown,Doraha,150,Primary,Hindi
SCH0316,2026-01,0.0,0.0,1,1,Govt. Elementary School Dhingra,Unknown,Doraha,150,Primary,Hindi
SCH0317,2025-04,53.6,3540.0,2,2,Govt. Middle School Purohit,Ferozepur,Unknown,399,Upper Primary,Hindi
SCH0317,2025-05,0.0,1704.0,1,1,Govt. Middle School Purohit,Ferozepur,Unknown,399,Upper Primary,Hindi
SCH0317,2025-06,35.504000000000005,8145.0,3,3,Govt. Middle School Purohit,Ferozepur,Unknown,399,Upper Primary,Hindi
SCH0317,2025-07,0.302,453.0,1,1,Govt. Middle School Purohit,Ferozepur,Unknown,399,Upper Primary,Hindi
SCH0317,2025-09,1.048,9312.0,2,2,Govt. Middle School Purohit,Ferozepur,Unknown,399,Upper Primary,Hindi
SCH0317,2025-10,25900.0,0.0,1,1,Govt. Middle School Purohit,Ferozepur,Unknown,399,Upper Primary,Hindi
SCH0317,2025-12,0.0,3591.0,1,1,Govt. Middle School Purohit,Ferozepur,Unknown,399,Upper Primary,Hindi
SCH0317,2026-01,57900.0,7410.0,3,2,Govt. Middle School Purohit,Ferozepur,Unknown,399,Upper Primary,Hindi
SCH0317,2026-02,0.326,489.0,1,1,Govt. Middle School Purohit,Ferozepur,Unknown,399,Upper Primary,Hindi
SCH0318,2025-04,47.684000000000005,8253.0,3,2,Govt. Elementary School Rout,Jalandhar,Nakodar,240,Primary,Hindi
SCH0318,2025-06,0.0,2214.0,1,1,Govt. Elementary School Rout,Jalandhar,Nakodar,240,Primary,Hindi
SCH0318,2025-07,55518.0,14796.0,3,3,Govt. Elementary School Rout,Jalandhar,Nakodar,240,Primary,Hindi
SCH0318,2025-08,0.29,6624.0,2,2,Govt. Elementary School Rout,Jalandhar,Nakodar,240,Primary,Hindi
SCH0318,2025-09,16.616,3412.0,2,2,Govt. Elementary School Rout,Jalandhar,Nakodar,240,Primary,Hindi
SCH0318,2025-11,33.2,4575.0,2,2,Govt. Elementary School Rout,Jalandhar,Nakodar,240,Primary,Hindi
SCH0318,2025-12,70600.0,13638.0,4,3,Govt. Elementary School Rout,Jalandhar,Nakodar,240,Primary,Hindi
SCH0318,2026-01,54926.456,8393.0,4,4,Govt. Elementary School Rout,Jalandhar,Nakodar,240,Primary,Hindi
SCH0318,2026-02,0.414,828.0,1,1,Govt. Elementary School Rout,Jalandhar,Nakodar,240,Primary,Hindi
SCH0318,2026-03,54401.154,13452.0,2,2,Govt. Elementary School Rout,Jalandhar,Nakodar,240,Primary,Hindi
SCH0319,2025-04,44200.0,4902.0,2,2,Govt. Primary School Bassi,Ludhiana,Ludhiana-II,84,Primary,Hindi
SCH0319,2025-05,0.0,5508.0,1,1,Govt. Primary School Bassi,Ludhiana,Ludhiana-II,84,Primary,Hindi
SCH0319,2025-06,95531.87599999999,13004.0,5,4,Govt. Primary School Bassi,Ludhiana,Ludhiana-II,84,Primary,Hindi
SCH0319,2025-07,54.134,5017.0,3,3,Govt. Primary School Bassi,Ludhiana,Ludhiana-II,84,Primary,Hindi
SCH0319,2025-08,10.2,5247.0,3,2,Govt. Primary School Bassi,Ludhiana,Ludhiana-II,84,Primary,Hindi
SCH0319,2025-09,29.7,2673.0,1,1,Govt. Primary School Bassi,Ludhiana,Ludhiana-II,84,Primary,Hindi
SCH0319,2025-10,11501.164,2091.0,2,2,Govt. Primary School Bassi,Ludhiana,Ludhiana-II,84,Primary,Hindi
SCH0319,2025-12,19956.276,7846.0,3,3,Govt. Primary School Bassi,Ludhiana,Ludhiana-II,84,Primary,Hindi
SCH0320,2025-04,20.5,2460.0,1,1,Govt. Middle School Dave,Amritsar,Amritsar-I,402,Primary,English
SCH0320,2025-05,25167.76,7185.0,4,3,Govt. Middle School Dave,Amritsar,Amritsar-I,402,Primary,English
SCH0320,2025-07,0.508,1016.0,1,1,Govt. Middle School Dave,Amritsar,Amritsar-I,402,Primary,English
SCH0320,2025-08,31.3,5104.0,2,1,Govt. Middle School Dave,Amritsar,Amritsar-I,402,Primary,English
SCH0320,2025-09,0.0,748.0,1,1,Govt. Middle School Dave,Amritsar,Amritsar-I,402,Primary,English
SCH0320,2025-11,0.0,3033.0,1,1,Govt. Middle School Dave,Amritsar,Amritsar-I,402,Primary,English
SCH0320,2025-12,0.426,5469.0,4,3,Govt. Middle School Dave,Amritsar,Amritsar-I,402,Primary,English
SCH0320,2026-02,69.19999999999999,7312.0,3,3,Govt. Middle School Dave,Amritsar,Amritsar-I,402,Primary,English
SCH0320,2026-03,0.7659999999999999,3446.0,1,1,Govt. Middle School Dave,Amritsar,Amritsar-I,402,Primary,English
SCH0321,2025-04,25.0,5496.0,3,2,Govt. Primary School Nayak,Jalandhar,Nakodar,104,Secondary,Punjabi
SCH0321,2025-05,36524.402,12723.0,4,4,Govt. Primary School Nayak,Jalandhar,Nakodar,104,Secondary,Punjabi
SCH0321,2025-06,39.6,3564.0,1,1,Govt. Primary School Nayak,Jalandhar,Nakodar,104,Secondary,Punjabi
SCH0321,2025-07,14165.892,11382.0,6,5,Govt. Primary School Nayak,Jalandhar,Nakodar,104,Secondary,Punjabi
SCH0321,2025-08,26.7,4524.0,3,2,Govt. Primary School Nayak,Jalandhar,Nakodar,104,Secondary,Punjabi
SCH0321,2025-09,46.618,6879.0,2,2,Govt. Primary School Nayak,Jalandhar,Nakodar,104,Secondary,Punjabi
SCH0321,2025-10,1.106,6636.0,2,2,Govt. Primary School Nayak,Jalandhar,Nakodar,104,Secondary,Punjabi
SCH0321,2025-11,55.1,2204.0,1,1,Govt. Primary School Nayak,Jalandhar,Nakodar,104,Secondary,Punjabi
SCH0321,2026-01,36500.866,7182.0,2,2,Govt. Primary School Nayak,Jalandhar,Nakodar,104,Secondary,Punjabi
SCH0321,2026-02,87019.9,6009.0,3,2,Govt. Primary School Nayak,Jalandhar,Nakodar,104,Secondary,Punjabi
SCH0321,2026-03,68.8,5092.0,2,2,Govt. Primary School Nayak,Jalandhar,Nakodar,104,Secondary,Punjabi
SCH0322,2025-06,46.676,8196.0,2,1,Govt. Primary School Tak,Moga,Nihal Singh Wala,179,Secondary,Hindi
SCH0322,2025-07,1.102,2204.0,1,1,Govt. Primary School Tak,Moga,Nihal Singh Wala,179,Secondary,Hindi
SCH0322,2025-08,0.0,7506.0,3,2,Govt. Primary School Tak,Moga,Nihal Singh Wala,179,Secondary,Hindi
SCH0322,2025-09,0.0,4239.0,2,1,Govt. Primary School Tak,Moga,Nihal Singh Wala,179,Secondary,Hindi
SCH0322,2025-10,47500.0,1425.0,1,1,Govt. Primary School Tak,Moga,Nihal Singh Wala,179,Secondary,Hindi
SCH0322,2025-11,50.1,3556.0,2,2,Govt. Primary School Tak,Moga,Nihal Singh Wala,179,Secondary,Hindi
SCH0322,2025-12,33.5,1340.0,1,1,Govt. Primary School Tak,Moga,Nihal Singh Wala,179,Secondary,Hindi
SCH0322,2026-01,27600.444,9896.0,4,3,Govt. Primary School Tak,Moga,Nihal Singh Wala,179,Secondary,Hindi
SCH0322,2026-02,16700.0,2004.0,1,1,Govt. Primary School Tak,Moga,Nihal Singh Wala,179,Secondary,Hindi
SCH0322,2026-03,57100.266,6073.0,3,3,Govt. Primary School Tak,Moga,Nihal Singh Wala,179,Secondary,Hindi
SCH0323,2025-04,64432.394,9202.0,5,4,Govt. Middle School Kapoor,Moga,Moga-I,295,Upper Primary,Hindi
SCH0323,2025-05,39.7,9204.0,4,4,Govt. Middle School Kapoor,Moga,Moga-I,295,Upper Primary,Hindi
SCH0323,2025-06,88.1,4948.0,3,3,Govt. Middle School Kapoor,Moga,Moga-I,295,Upper Primary,Hindi
SCH0323,2025-07,28.094,12678.0,5,4,Govt. Middle School Kapoor,Moga,Moga-I,295,Upper Primary,Hindi
SCH0323,2025-08,0.0,1053.0,1,1,Govt. Middle School Kapoor,Moga,Moga-I,295,Upper Primary,Hindi
SCH0323,2025-10,1.226,4413.0,4,3,Govt. Middle School Kapoor,Moga,Moga-I,295,Upper Primary,Hindi
SCH0323,2025-11,0.0,2367.0,1,1,Govt. Middle School Kapoor,Moga,Moga-I,295,Upper Primary,Hindi
SCH0323,2025-12,0.0,456.0,1,1,Govt. Middle School Kapoor,Moga,Moga-I,295,Upper Primary,Hindi
SCH0323,2026-01,52.5,13353.0,3,3,Govt. Middle School Kapoor,Moga,Moga-I,295,Upper Primary,Hindi
SCH0323,2026-02,49341.706,10887.0,3,3,Govt. Middle School Kapoor,Moga,Moga-I,295,Upper Primary,Hindi
SCH0323,2026-03,44700.0,1341.0,1,1,Govt. Middle School Kapoor,Moga,Moga-I,295,Upper Primary,Hindi
SCH0324,2025-05,52455.582,18306.0,5,4,Govt. Primary School Sundaram,Amritsar,Amritsar-II,419,Primary,Punjabi
SCH0324,2025-06,0.0,3756.0,1,1,Govt. Primary School Sundaram,Amritsar,Amritsar-II,419,Primary,Punjabi
SCH0324,2025-07,0.0,6744.0,1,1,Govt. Primary School Sundaram,Amritsar,Amritsar-II,419,Primary,Punjabi
SCH0324,2025-09,48.9,10209.0,4,2,Govt. Primary School Sundaram,Amritsar,Amritsar-II,419,Primary,Punjabi
SCH0324,2025-10,0.852,1278.0,1,1,Govt. Primary School Sundaram,Amritsar,Amritsar-II,419,Primary,Punjabi
SCH0324,2025-11,24746.9,2395.0,2,2,Govt. Primary School Sundaram,Amritsar,Amritsar-II,419,Primary,Punjabi
SCH0324,2025-12,57310.7,9996.0,3,2,Govt. Primary School Sundaram,Amritsar,Amritsar-II,419,Primary,Punjabi
SCH0324,2026-01,18674.0,11866.0,5,5,Govt. Primary School Sundaram,Amritsar,Amritsar-II,419,Primary,Punjabi
SCH0324,2026-03,68200.0,3567.0,3,3,Govt. Primary School Sundaram,Amritsar,Amritsar-II,419,Primary,Punjabi
SCH0325,2025-04,0.0,2604.0,1,1,Govt. Elementary School Babu,Moga,Nihal Singh Wala,116,Primary,Hindi
SCH0325,2025-05,0.67,4020.0,1,1,Govt. Elementary School Babu,Moga,Nihal Singh Wala,116,Primary,Hindi
SCH0325,2025-06,50900.0,4974.0,2,2,Govt. Elementary School Babu,Moga,Nihal Singh Wala,116,Primary,Hindi
SCH0325,2025-07,44400.674,5325.0,3,2,Govt. Elementary School Babu,Moga,Nihal Singh Wala,116,Primary,Hindi
SCH0325,2025-08,26255.924,12265.0,5,3,Govt. Elementary School Babu,Moga,Nihal Singh Wala,116,Primary,Hindi
SCH0325,2025-09,62300.0,11037.0,3,3,Govt. Elementary School Babu,Moga,Nihal Singh Wala,116,Primary,Hindi
SCH0325,2025-11,0.746,789.0,2,2,Govt. Elementary School Babu,Moga,Nihal Singh Wala,116,Primary,Hindi
SCH0325,2025-12,71.2,4883.0,2,2,Govt. Elementary School Babu,Moga,Nihal Singh Wala,116,Primary,Hindi
SCH0325,2026-01,35.279999999999994,11578.0,4,2,Govt. Elementary School Babu,Moga,Nihal Singh Wala,116,Primary,Hindi
SCH0325,2026-02,11.8,354.0,1,1,Govt. Elementary School Babu,Moga,Nihal Singh Wala,116,Primary,Hindi
SCH0325,2026-03,29000.0,0.0,1,1,Govt. Elementary School Babu,Moga,Nihal Singh Wala,116,Primary,Hindi
SCH0326,2025-04,61038.4,8946.0,3,3,Govt. Primary School Balasubramanian,Ferozepur,Makhu,178,Secondary,Hindi
SCH0326,2025-06,17.5,2461.0,2,2,Govt. Primary School Balasubramanian,Ferozepur,Makhu,178,Secondary,Hindi
SCH0326,2025-07,17.8,534.0,1,1,Govt. Primary School Balasubramanian,Ferozepur,Makhu,178,Secondary,Hindi
SCH0326,2025-09,55939.7,8166.0,3,3,Govt. Primary School Balasubramanian,Ferozepur,Makhu,178,Secondary,Hindi
SCH0326,2025-11,40.7,4884.0,1,1,Govt. Primary School Balasubramanian,Ferozepur,Makhu,178,Secondary,Hindi
SCH0326,2025-12,13.2,1188.0,1,1,Govt. Primary School Balasubramanian,Ferozepur,Makhu,178,Secondary,Hindi
SCH0326,2026-01,54.1,4869.0,1,1,Govt. Primary School Balasubramanian,Ferozepur,Makhu,178,Secondary,Hindi
SCH0326,2026-02,90400.0,6451.0,2,1,Govt. Primary School Balasubramanian,Ferozepur,Makhu,178,Secondary,Hindi
SCH0326,2026-03,40.3,5775.0,3,3,Govt. Primary School Balasubramanian,Ferozepur,Makhu,178,Secondary,Hindi
SCH0327,2025-04,59.0,11700.0,4,3,Govt. Middle School Muni,Ludhiana,Machhiwara,75,Secondary,Hindi
SCH0327,2025-05,56452.612,13791.0,3,2,Govt. Middle School Muni,Ludhiana,Machhiwara,75,Secondary,Hindi
SCH0327,2025-06,46.342,12045.0,3,3,Govt. Middle School Muni,Ludhiana,Machhiwara,75,Secondary,Hindi
SCH0327,2025-07,0.0,1012.0,1,1,Govt. Middle School Muni,Ludhiana,Machhiwara,75,Secondary,Hindi
SCH0327,2025-08,100.0,4000.0,2,2,Govt. Middle School Muni,Ludhiana,Machhiwara,75,Secondary,Hindi
SCH0327,2025-09,0.778,11828.0,3,3,Govt. Middle School Muni,Ludhiana,Machhiwara,75,Secondary,Hindi
SCH0327,2025-10,81900.0,7371.0,2,1,Govt. Middle School Muni,Ludhiana,Machhiwara,75,Secondary,Hindi
SCH0327,2025-11,0.0,2220.0,1,1,Govt. Middle School Muni,Ludhiana,Machhiwara,75,Secondary,Hindi
SCH0327,2025-12,15500.0,465.0,1,1,Govt. Middle School Muni,Ludhiana,Machhiwara,75,Secondary,Hindi
SCH0327,2026-02,0.0,1347.0,1,1,Govt. Middle School Muni,Ludhiana,Machhiwara,75,Secondary,Hindi
SCH0327,2026-03,15.0,600.0,1,1,Govt. Middle School Muni,Ludhiana,Machhiwara,75,Secondary,Hindi
SCH0328,2025-04,11.3,4047.0,2,2,Govt. Senior Secondary School Sarraf,Sangrur,Sangrur,228,Secondary,Hindi
SCH0328,2025-05,1.3359999999999999,3557.0,2,2,Govt. Senior Secondary School Sarraf,Sangrur,Sangrur,228,Secondary,Hindi
SCH0328,2025-06,14.6,1314.0,1,1,Govt. Senior Secondary School Sarraf,Sangrur,Sangrur,228,Secondary,Hindi
SCH0328,2025-07,13200.0,528.0,1,1,Govt. Senior Secondary School Sarraf,Sangrur,Sangrur,228,Secondary,Hindi
SCH0328,2025-08,0.998,5688.0,5,3,Govt. Senior Secondary School Sarraf,Sangrur,Sangrur,228,Secondary,Hindi
SCH0328,2025-09,0.0,3128.0,2,2,Govt. Senior Secondary School Sarraf,Sangrur,Sangrur,228,Secondary,Hindi
SCH0328,2025-10,34201.146,7674.0,5,5,Govt. Senior Secondary School Sarraf,Sangrur,Sangrur,228,Secondary,Hindi
SCH0328,2025-11,34000.628,8805.0,3,3,Govt. Senior Secondary School Sarraf,Sangrur,Sangrur,228,Secondary,Hindi
SCH0328,2025-12,42.362,7824.0,3,3,Govt. Senior Secondary School Sarraf,Sangrur,Sangrur,228,Secondary,Hindi
SCH0328,2026-03,0.0,1854.0,1,1,Govt. Senior Secondary School Sarraf,Sangrur,Sangrur,228,Secondary,Hindi
SCH0329,2025-04,16600.656,6393.0,3,3,Govt. Elementary School Modi,Sangrur,Unknown,415,Upper Primary,Hindi
SCH0329,2025-05,10.6,318.0,1,1,Govt. Elementary School Modi,Sangrur,Unknown,415,Upper Primary,Hindi
SCH0329,2025-06,20.983999999999998,1780.0,2,2,Govt. Elementary School Modi,Sangrur,Unknown,415,Upper Primary,Hindi
SCH0329,2025-07,0.0,1746.0,1,1,Govt. Elementary School Modi,Sangrur,Unknown,415,Upper Primary,Hindi
SCH0329,2025-09,51.156,3136.0,2,2,Govt. Elementary School Modi,Sangrur,Unknown,415,Upper Primary,Hindi
SCH0329,2025-10,0.494,2223.0,1,1,Govt. Elementary School Modi,Sangrur,Unknown,415,Upper Primary,Hindi
SCH0329,2025-12,104000.0,3596.0,2,2,Govt. Elementary School Modi,Sangrur,Unknown,415,Upper Primary,Hindi
SCH0329,2026-01,13.9,1668.0,1,1,Govt. Elementary School Modi,Sangrur,Unknown,415,Upper Primary,Hindi
SCH0329,2026-02,1.352,6846.0,3,3,Govt. Elementary School Modi,Sangrur,Unknown,415,Upper Primary,Hindi
SCH0329,2026-03,0.296,444.0,1,1,Govt. Elementary School Modi,Sangrur,Unknown,415,Upper Primary,Hindi
SCH0330,2025-04,0.606,1212.0,1,1,Govt. Middle School Badami,Unknown,Moga-I,211,Higher Secondary,Hindi
SCH0330,2025-05,27.194000000000003,5706.0,2,2,Govt. Middle School Badami,Unknown,Moga-I,211,Higher Secondary,Hindi
SCH0330,2025-06,0.272,544.0,1,1,Govt. Middle School Badami,Unknown,Moga-I,211,Higher Secondary,Hindi
SCH0330,2025-07,26.0,3049.0,4,4,Govt. Middle School Badami,Unknown,Moga-I,211,Higher Secondary,Hindi
SCH0330,2025-08,42300.0,1269.0,1,1,Govt. Middle School Badami,Unknown,Moga-I,211,Higher Secondary,Hindi
SCH0330,2025-09,12.0,0.0,1,1,Govt. Middle School Badami,Unknown,Moga-I,211,Higher Secondary,Hindi
SCH0330,2025-10,0.0,6888.0,1,1,Govt. Middle School Badami,Unknown,Moga-I,211,Higher Secondary,Hindi
SCH0330,2025-11,53.9,0.0,1,1,Govt. Middle School Badami,Unknown,Moga-I,211,Higher Secondary,Hindi
SCH0330,2025-12,55440.1,8595.0,2,2,Govt. Middle School Badami,Unknown,Moga-I,211,Higher Secondary,Hindi
SCH0330,2026-01,39.4,4728.0,1,1,Govt. Middle School Badami,Unknown,Moga-I,211,Higher Secondary,Hindi
SCH0330,2026-02,47.7,4293.0,1,1,Govt. Middle School Badami,Unknown,Moga-I,211,Higher Secondary,Hindi
SCH0330,2026-03,39900.0,1197.0,1,1,Govt. Middle School Badami,Unknown,Moga-I,211,Higher Secondary,Hindi
SCH0331,2025-04,81.6,7344.0,2,2,Govt. Primary School Raju,Patiala,Unknown,291,Upper Primary,Hindi
SCH0331,2025-05,49937.4,16776.0,4,3,Govt. Primary School Raju,Patiala,Unknown,291,Upper Primary,Hindi
SCH0331,2025-06,48.1,1443.0,1,1,Govt. Primary School Raju,Patiala,Unknown,291,Upper Primary,Hindi
SCH0331,2025-08,0.8059999999999999,1612.0,1,1,Govt. Primary School Raju,Patiala,Unknown,291,Upper Primary,Hindi
SCH0331,2025-09,0.0,4473.0,1,1,Govt. Primary School Raju,Patiala,Unknown,291,Upper Primary,Hindi
SCH0331,2025-10,28.9,2923.0,2,2,Govt. Primary School Raju,Patiala,Unknown,291,Upper Primary,Hindi
SCH0331,2025-11,0.0,6936.0,1,1,Govt. Primary School Raju,Patiala,Unknown,291,Upper Primary,Hindi
SCH0331,2025-12,0.0,729.0,1,1,Govt. Primary School Raju,Patiala,Unknown,291,Upper Primary,Hindi
SCH0331,2026-01,0.0,1056.0,2,2,Govt. Primary School Raju,Patiala,Unknown,291,Upper Primary,Hindi
SCH0331,2026-02,2.2439999999999998,12873.0,3,3,Govt. Primary School Raju,Patiala,Unknown,291,Upper Primary,Hindi
SCH0331,2026-03,0.0,4251.0,3,2,Govt. Primary School Raju,Patiala,Unknown,291,Upper Primary,Hindi
SCH0332,2025-04,16241.744,8067.0,6,3,Govt. Senior Secondary School Lad,Ferozepur,Makhu,274,Primary,Punjabi
SCH0332,2025-05,1.73,5692.0,3,3,Govt. Senior Secondary School Lad,Ferozepur,Makhu,274,Primary,Punjabi
SCH0332,2025-06,47538.582,8138.0,5,3,Govt. Senior Secondary School Lad,Ferozepur,Makhu,274,Primary,Punjabi
SCH0332,2025-07,24200.0,4288.0,2,2,Govt. Senior Secondary School Lad,Ferozepur,Makhu,274,Primary,Punjabi
SCH0332,2025-09,0.0,1677.0,1,1,Govt. Senior Secondary School Lad,Ferozepur,Makhu,274,Primary,Punjabi
SCH0332,2025-10,0.0,10824.0,2,2,Govt. Senior Secondary School Lad,Ferozepur,Makhu,274,Primary,Punjabi
SCH0332,2025-11,21.5,3822.0,2,2,Govt. Senior Secondary School Lad,Ferozepur,Makhu,274,Primary,Punjabi
SCH0332,2026-01,0.602,7268.0,3,2,Govt. Senior Secondary School Lad,Ferozepur,Makhu,274,Primary,Punjabi
SCH0332,2026-02,43400.0,5888.0,2,2,Govt. Senior Secondary School Lad,Ferozepur,Makhu,274,Primary,Punjabi
SCH0332,2026-03,56800.0,2698.0,2,2,Govt. Senior Secondary School Lad,Ferozepur,Makhu,274,Primary,Punjabi
SCH0333,2025-04,0.794,2802.0,2,2,Govt. Middle School Warrior,Amritsar,Amritsar-I,262,Upper Primary,Punjabi
SCH0333,2025-05,42.6,6105.0,3,3,Govt. Middle School Warrior,Amritsar,Amritsar-I,262,Upper Primary,Punjabi
SCH0333,2025-06,70153.83600000001,15212.0,6,5,Govt. Middle School Warrior,Amritsar,Amritsar-I,262,Upper Primary,Punjabi
SCH0333,2025-07,17247.6,6583.0,4,3,Govt. Middle School Warrior,Amritsar,Amritsar-I,262,Upper Primary,Punjabi
SCH0333,2025-08,18000.0,2436.0,2,2,Govt. Middle School Warrior,Amritsar,Amritsar-I,262,Upper Primary,Punjabi
SCH0333,2025-09,0.762,1143.0,1,1,Govt. Middle School Warrior,Amritsar,Amritsar-I,262,Upper Primary,Punjabi
SCH0333,2025-11,0.0,3660.0,1,1,Govt. Middle School Warrior,Amritsar,Amritsar-I,262,Upper Primary,Punjabi
SCH0333,2025-12,1.1640000000000001,8020.0,3,3,Govt. Middle School Warrior,Amritsar,Amritsar-I,262,Upper Primary,Punjabi
SCH0333,2026-01,0.0,496.0,1,1,Govt. Middle School Warrior,Amritsar,Amritsar-I,262,Upper Primary,Punjabi
SCH0333,2026-02,27900.0,4164.0,2,2,Govt. Middle School Warrior,Amritsar,Amritsar-I,262,Upper Primary,Punjabi
SCH0333,2026-03,13310.5,2457.0,2,2,Govt. Middle School Warrior,Amritsar,Amritsar-I,262,Upper Primary,Punjabi
SCH0334,2025-05,0.634,3804.0,1,1,Govt. Senior Secondary School Gole,Moga,Bagha Purana,271,Primary,Hindi
SCH0334,2025-06,0.334,10392.0,3,3,Govt. Senior Secondary School Gole,Moga,Bagha Purana,271,Primary,Hindi
SCH0334,2025-07,2.066,7671.0,3,3,Govt. Senior Secondary School Gole,Moga,Bagha Purana,271,Primary,Hindi
SCH0334,2025-08,20100.97,5169.0,2,2,Govt. Senior Secondary School Gole,Moga,Bagha Purana,271,Primary,Hindi
SCH0334,2025-09,0.53,1645.0,2,2,Govt. Senior Secondary School Gole,Moga,Bagha Purana,271,Primary,Hindi
SCH0334,2025-10,26600.44,1458.0,2,2,Govt. Senior Secondary School Gole,Moga,Bagha Purana,271,Primary,Hindi
SCH0334,2025-11,40.0,4800.0,1,1,Govt. Senior Secondary School Gole,Moga,Bagha Purana,271,Primary,Hindi
SCH0334,2025-12,39555.5,8240.0,2,2,Govt. Senior Secondary School Gole,Moga,Bagha Purana,271,Primary,Hindi
SCH0334,2026-01,0.0,11414.0,4,3,Govt. Senior Secondary School Gole,Moga,Bagha Purana,271,Primary,Hindi
SCH0334,2026-02,14300.0,572.0,1,1,Govt. Senior Secondary School Gole,Moga,Bagha Purana,271,Primary,Hindi
SCH0335,2025-04,47.994,12006.0,3,3,Govt. Primary School Kota,Amritsar,Amritsar-II,94,Higher Secondary,Hindi
SCH0335,2025-05,71.80000000000001,4380.0,2,2,Govt. Primary School Kota,Amritsar,Amritsar-II,94,Higher Secondary,Hindi
SCH0335,2025-06,0.82,11700.0,2,2,Govt. Primary School Kota,Amritsar,Amritsar-II,94,Higher Secondary,Hindi
SCH0335,2025-07,0.94,0.0,1,1,Govt. Primary School Kota,Amritsar,Amritsar-II,94,Higher Secondary,Hindi
SCH0335,2025-09,0.52,3120.0,1,1,Govt. Primary School Kota,Amritsar,Amritsar-II,94,Higher Secondary,Hindi
SCH0335,2025-10,13.2,528.0,1,1,Govt. Primary School Kota,Amritsar,Amritsar-II,94,Higher Secondary,Hindi
SCH0335,2025-11,35.9,1077.0,1,1,Govt. Primary School Kota,Amritsar,Amritsar-II,94,Higher Secondary,Hindi
SCH0335,2025-12,60500.0,6388.0,2,2,Govt. Primary School Kota,Amritsar,Amritsar-II,94,Higher Secondary,Hindi
SCH0335,2026-01,0.0,3885.0,2,2,Govt. Primary School Kota,Amritsar,Amritsar-II,94,Higher Secondary,Hindi
SCH0335,2026-02,0.368,1899.0,2,2,Govt. Primary School Kota,Amritsar,Amritsar-II,94,Higher Secondary,Hindi
SCH0335,2026-03,79877.4,6774.0,4,3,Govt. Primary School Kota,Amritsar,Amritsar-II,94,Higher Secondary,Hindi
SCH0336,2025-06,52.0,1560.0,1,1,Govt. Middle School Sridhar,Sangrur,Malerkotla,277,Primary,Hindi
SCH0336,2025-09,33.0,1320.0,1,1,Govt. Middle School Sridhar,Sangrur,Malerkotla,277,Primary,Hindi
SCH0336,2025-11,1.04,11457.0,3,3,Govt. Middle School Sridhar,Sangrur,Malerkotla,277,Primary,Hindi
SCH0336,2025-12,1.498,7695.0,3,2,Govt. Middle School Sridhar,Sangrur,Malerkotla,277,Primary,Hindi
SCH0336,2026-01,15.058,2142.0,2,2,Govt. Middle School Sridhar,Sangrur,Malerkotla,277,Primary,Hindi
SCH0336,2026-02,20.4,2448.0,1,1,Govt. Middle School Sridhar,Sangrur,Malerkotla,277,Primary,Hindi
SCH0336,2026-03,39.8,5856.0,2,2,Govt. Middle School Sridhar,Sangrur,Malerkotla,277,Primary,Hindi
SCH0337,2025-04,58455.8,4620.0,4,4,Govt. Elementary School Bora,Ludhiana,Ludhiana-II,207,Upper Primary,English
SCH0337,2025-06,38510.7,1861.0,2,2,Govt. Elementary School Bora,Ludhiana,Ludhiana-II,207,Upper Primary,English
SCH0337,2025-07,0.0,6960.0,1,1,Govt. Elementary School Bora,Ludhiana,Ludhiana-II,207,Upper Primary,English
SCH0337,2025-08,19.648000000000003,5460.0,3,3,Govt. Elementary School Bora,Ludhiana,Ludhiana-II,207,Upper Primary,English
SCH0337,2025-09,34600.0,4152.0,1,1,Govt. Elementary School Bora,Ludhiana,Ludhiana-II,207,Upper Primary,English
SCH0337,2025-10,0.0,5523.0,2,2,Govt. Elementary School Bora,Ludhiana,Ludhiana-II,207,Upper Primary,English
SCH0337,2025-11,0.216,1296.0,1,1,Govt. Elementary School Bora,Ludhiana,Ludhiana-II,207,Upper Primary,English
SCH0337,2025-12,28.5,3420.0,2,2,Govt. Elementary School Bora,Ludhiana,Ludhiana-II,207,Upper Primary,English
SCH0337,2026-02,22011.902000000002,7785.0,5,4,Govt. Elementary School Bora,Ludhiana,Ludhiana-II,207,Upper Primary,English
SCH0337,2026-03,109700.0,9465.0,4,4,Govt. Elementary School Bora,Ludhiana,Ludhiana-II,207,Upper Primary,English
SCH0338,2025-05,23.272000000000002,2421.0,2,1,Govt. Senior Secondary School Wali,Bathinda,Unknown,55,Higher Secondary,Punjabi
SCH0338,2025-06,55700.0,7872.0,2,2,Govt. Senior Secondary School Wali,Bathinda,Unknown,55,Higher Secondary,Punjabi
SCH0338,2025-07,43446.1,5885.0,2,2,Govt. Senior Secondary School Wali,Bathinda,Unknown,55,Higher Secondary,Punjabi
SCH0338,2025-08,0.932,4194.0,1,1,Govt. Senior Secondary School Wali,Bathinda,Unknown,55,Higher Secondary,Punjabi
SCH0338,2025-09,14540.9,5421.0,2,2,Govt. Senior Secondary School Wali,Bathinda,Unknown,55,Higher Secondary,Punjabi
SCH0338,2025-10,44.1,5292.0,1,1,Govt. Senior Secondary School Wali,Bathinda,Unknown,55,Higher Secondary,Punjabi
SCH0338,2025-11,0.0,4500.0,1,1,Govt. Senior Secondary School Wali,Bathinda,Unknown,55,Higher Secondary,Punjabi
SCH0338,2025-12,23101.158,3062.0,3,3,Govt. Senior Secondary School Wali,Bathinda,Unknown,55,Higher Secondary,Punjabi
SCH0338,2026-01,11.1,1332.0,2,2,Govt. Senior Secondary School Wali,Bathinda,Unknown,55,Higher Secondary,Punjabi
SCH0338,2026-02,56800.0,1704.0,1,1,Govt. Senior Secondary School Wali,Bathinda,Unknown,55,Higher Secondary,Punjabi
SCH0338,2026-03,39.653999999999996,17808.0,4,4,Govt. Senior Secondary School Wali,Bathinda,Unknown,55,Higher Secondary,Punjabi
SCH0339,2025-04,20.0,12203.0,4,3,Govt. Elementary School Zacharia,Jalandhar,Jalandhar-I,46,Upper Primary,Punjabi
SCH0339,2025-05,105.30000000000001,13240.0,5,5,Govt. Elementary School Zacharia,Jalandhar,Jalandhar-I,46,Upper Primary,Punjabi
SCH0339,2025-06,0.0,0.0,1,1,Govt. Elementary School Zacharia,Jalandhar,Jalandhar-I,46,Upper Primary,Punjabi
SCH0339,2025-07,42900.232,4209.0,2,2,Govt. Elementary School Zacharia,Jalandhar,Jalandhar-I,46,Upper Primary,Punjabi
SCH0339,2025-08,0.288,0.0,1,1,Govt. Elementary School Zacharia,Jalandhar,Jalandhar-I,46,Upper Primary,Punjabi
SCH0339,2025-09,80.328,7336.0,4,3,Govt. Elementary School Zacharia,Jalandhar,Jalandhar-I,46,Upper Primary,Punjabi
SCH0339,2025-11,25.6,768.0,1,1,Govt. Elementary School Zacharia,Jalandhar,Jalandhar-I,46,Upper Primary,Punjabi
SCH0339,2025-12,0.648,972.0,1,1,Govt. Elementary School Zacharia,Jalandhar,Jalandhar-I,46,Upper Primary,Punjabi
SCH0339,2026-01,26.759999999999998,777.0,2,2,Govt. Elementary School Zacharia,Jalandhar,Jalandhar-I,46,Upper Primary,Punjabi
SCH0339,2026-02,118.2,9153.0,4,4,Govt. Elementary School Zacharia,Jalandhar,Jalandhar-I,46,Upper Primary,Punjabi
SCH0339,2026-03,12600.446,6159.0,3,3,Govt. Elementary School Zacharia,Jalandhar,Jalandhar-I,46,Upper Primary,Punjabi
SCH0340,2025-04,60.449999999999996,8613.0,3,3,Govt. Elementary School Manda,Bathinda,Bathinda,51,Upper Primary,Punjabi
SCH0340,2025-05,2.384,14027.0,4,3,Govt. Elementary School Manda,Bathinda,Bathinda,51,Upper Primary,Punjabi
SCH0340,2025-06,17.6,4043.0,3,3,Govt. Elementary School Manda,Bathinda,Bathinda,51,Upper Primary,Punjabi
SCH0340,2025-07,35.972,14406.0,4,3,Govt. Elementary School Manda,Bathinda,Bathinda,51,Upper Primary,Punjabi
SCH0340,2025-08,21.5,645.0,1,1,Govt. Elementary School Manda,Bathinda,Bathinda,51,Upper Primary,Punjabi
SCH0340,2025-09,0.852,1704.0,1,1,Govt. Elementary School Manda,Bathinda,Bathinda,51,Upper Primary,Punjabi
SCH0340,2025-10,41.25,7020.0,2,2,Govt. Elementary School Manda,Bathinda,Bathinda,51,Upper Primary,Punjabi
SCH0340,2026-01,47500.0,5700.0,1,1,Govt. Elementary School Manda,Bathinda,Bathinda,51,Upper Primary,Punjabi
SCH0340,2026-02,50.8,4572.0,1,1,Govt. Elementary School Manda,Bathinda,Bathinda,51,Upper Primary,Punjabi
SCH0340,2026-03,88.5,5490.0,2,2,Govt. Elementary School Manda,Bathinda,Bathinda,51,Upper Primary,Punjabi
SCH0341,2025-04,86.9,6831.0,3,3,Govt. Elementary School Virk,Moga,Moga-I,61,Primary,Punjabi
SCH0341,2025-06,36.684,0.0,2,2,Govt. Elementary School Virk,Moga,Moga-I,61,Primary,Punjabi
SCH0341,2025-07,0.258,1809.0,2,2,Govt. Elementary School Virk,Moga,Moga-I,61,Primary,Punjabi
SCH0341,2025-08,1.02,7040.0,3,3,Govt. Elementary School Virk,Moga,Moga-I,61,Primary,Punjabi
SCH0341,2025-09,46.294,6036.0,3,3,Govt. Elementary School Virk,Moga,Moga-I,61,Primary,Punjabi
SCH0341,2025-10,88000.0,3516.0,3,3,Govt. Elementary School Virk,Moga,Moga-I,61,Primary,Punjabi
SCH0341,2025-11,0.83,3735.0,1,1,Govt. Elementary School Virk,Moga,Moga-I,61,Primary,Punjabi
SCH0341,2025-12,0.0,6516.0,2,2,Govt. Elementary School Virk,Moga,Moga-I,61,Primary,Punjabi
SCH0341,2026-01,0.0,3792.0,1,1,Govt. Elementary School Virk,Moga,Moga-I,61,Primary,Punjabi
SCH0341,2026-02,0.0,420.0,1,1,Govt. Elementary School Virk,Moga,Moga-I,61,Primary,Punjabi
SCH0341,2026-03,23.9,7506.0,2,2,Govt. Elementary School Virk,Moga,Moga-I,61,Primary,Punjabi
SCH0342,2025-04,1.158,7875.0,2,2,Govt. Senior Secondary School Kashyap,Sangrur,Sangrur,235,Upper Primary,Punjabi
SCH0342,2025-05,2.786,16473.0,4,4,Govt. Senior Secondary School Kashyap,Sangrur,Sangrur,235,Upper Primary,Punjabi
SCH0342,2025-06,37.2,5592.0,3,3,Govt. Senior Secondary School Kashyap,Sangrur,Sangrur,235,Upper Primary,Punjabi
SCH0342,2025-07,14.4,3816.0,2,1,Govt. Senior Secondary School Kashyap,Sangrur,Sangrur,235,Upper Primary,Punjabi
SCH0342,2025-09,129700.0,9058.0,4,4,Govt. Senior Secondary School Kashyap,Sangrur,Sangrur,235,Upper Primary,Punjabi
SCH0342,2025-10,64.1,2835.0,3,2,Govt. Senior Secondary School Kashyap,Sangrur,Sangrur,235,Upper Primary,Punjabi
SCH0342,2025-11,10.6,4017.0,2,2,Govt. Senior Secondary School Kashyap,Sangrur,Sangrur,235,Upper Primary,Punjabi
SCH0342,2025-12,36300.0,2631.0,2,1,Govt. Senior Secondary School Kashyap,Sangrur,Sangrur,235,Upper Primary,Punjabi
SCH0342,2026-01,0.506,3708.0,2,1,Govt. Senior Secondary School Kashyap,Sangrur,Sangrur,235,Upper Primary,Punjabi
SCH0342,2026-02,70.1,7418.0,5,4,Govt. Senior Secondary School Kashyap,Sangrur,Sangrur,235,Upper Primary,Punjabi
SCH0343,2025-05,0.518,777.0,1,1,Govt. Elementary School Bassi,Jalandhar,Jalandhar-I,354,Upper Primary,Hindi
SCH0343,2025-08,18300.732,3660.0,2,2,Govt. Elementary School Bassi,Jalandhar,Jalandhar-I,354,Upper Primary,Hindi
SCH0343,2025-09,0.56,3874.0,2,2,Govt. Elementary School Bassi,Jalandhar,Jalandhar-I,354,Upper Primary,Hindi
SCH0343,2025-10,11.8,1842.0,2,2,Govt. Elementary School Bassi,Jalandhar,Jalandhar-I,354,Upper Primary,Hindi
SCH0343,2025-11,24.31,1340.0,2,2,Govt. Elementary School Bassi,Jalandhar,Jalandhar-I,354,Upper Primary,Hindi
SCH0343,2025-12,86.4,1640.0,2,2,Govt. Elementary School Bassi,Jalandhar,Jalandhar-I,354,Upper Primary,Hindi
SCH0343,2026-01,34230.1,4980.0,2,2,Govt. Elementary School Bassi,Jalandhar,Jalandhar-I,354,Upper Primary,Hindi
SCH0343,2026-02,57600.0,5184.0,1,1,Govt. Elementary School Bassi,Jalandhar,Jalandhar-I,354,Upper Primary,Hindi
SCH0343,2026-03,36827.5,11912.0,4,4,Govt. Elementary School Bassi,Jalandhar,Jalandhar-I,354,Upper Primary,Hindi
SCH0344,2025-04,0.0,2252.0,1,1,Govt. Senior Secondary School Bala,Sangrur,Sangrur,84,Upper Primary,Hindi
SCH0344,2025-05,67000.0,3306.0,2,2,Govt. Senior Secondary School Bala,Sangrur,Sangrur,84,Upper Primary,Hindi
SCH0344,2025-06,80500.378,6195.0,3,3,Govt. Senior Secondary School Bala,Sangrur,Sangrur,84,Upper Primary,Hindi
SCH0344,2025-07,0.0,0.0,1,1,Govt. Senior Secondary School Bala,Sangrur,Sangrur,84,Upper Primary,Hindi
SCH0344,2025-08,0.7440000000000001,1116.0,2,2,Govt. Senior Secondary School Bala,Sangrur,Sangrur,84,Upper Primary,Hindi
SCH0344,2025-11,37300.392,1764.0,2,2,Govt. Senior Secondary School Bala,Sangrur,Sangrur,84,Upper Primary,Hindi
SCH0344,2025-12,44644.1,3102.0,2,1,Govt. Senior Secondary School Bala,Sangrur,Sangrur,84,Upper Primary,Hindi
SCH0344,2026-01,0.0,1328.0,1,1,Govt. Senior Secondary School Bala,Sangrur,Sangrur,84,Upper Primary,Hindi
SCH0344,2026-02,21100.652,1822.0,2,1,Govt. Senior Secondary School Bala,Sangrur,Sangrur,84,Upper Primary,Hindi
SCH0344,2026-03,0.0,4725.0,1,1,Govt. Senior Secondary School Bala,Sangrur,Sangrur,84,Upper Primary,Hindi
SCH0345,2025-04,14200.0,1680.0,3,3,Govt. Elementary School Mangal,Ludhiana,Machhiwara,440,Higher Secondary,Hindi
SCH0345,2025-05,31.4,3812.0,3,3,Govt. Elementary School Mangal,Ludhiana,Machhiwara,440,Higher Secondary,Hindi
SCH0345,2025-07,1.2,3246.0,2,2,Govt. Elementary School Mangal,Ludhiana,Machhiwara,440,Higher Secondary,Hindi
SCH0345,2025-08,59.0,6633.0,2,2,Govt. Elementary School Mangal,Ludhiana,Machhiwara,440,Higher Secondary,Hindi
SCH0345,2025-09,38.886,5301.0,3,2,Govt. Elementary School Mangal,Ludhiana,Machhiwara,440,Higher Secondary,Hindi
SCH0345,2025-11,47300.0,1419.0,1,1,Govt. Elementary School Mangal,Ludhiana,Machhiwara,440,Higher Secondary,Hindi
SCH0345,2025-12,42400.0,5088.0,1,1,Govt. Elementary School Mangal,Ludhiana,Machhiwara,440,Higher Secondary,Hindi
SCH0345,2026-01,54.4,7722.0,2,2,Govt. Elementary School Mangal,Ludhiana,Machhiwara,440,Higher Secondary,Hindi
SCH0345,2026-02,74.9,5611.0,2,2,Govt. Elementary School Mangal,Ludhiana,Machhiwara,440,Higher Secondary,Hindi
SCH0346,2025-04,0.6459999999999999,1292.0,1,1,Govt. Primary School Peri,Moga,Nihal Singh Wala,178,Secondary,English
SCH0346,2025-05,41800.0,5868.0,3,3,Govt. Primary School Peri,Moga,Nihal Singh Wala,178,Secondary,English
SCH0346,2025-06,34400.0,1376.0,1,1,Govt. Primary School Peri,Moga,Nihal Singh Wala,178,Secondary,English
SCH0346,2025-07,49900.0,9147.0,3,3,Govt. Primary School Peri,Moga,Nihal Singh Wala,178,Secondary,English
SCH0346,2025-08,50500.0,4545.0,1,1,Govt. Primary School Peri,Moga,Nihal Singh Wala,178,Secondary,English
SCH0346,2025-09,57.2,7272.0,2,2,Govt. Primary School Peri,Moga,Nihal Singh Wala,178,Secondary,English
SCH0346,2025-10,0.0,3105.0,1,1,Govt. Primary School Peri,Moga,Nihal Singh Wala,178,Secondary,English
SCH0346,2025-12,0.0,1131.0,1,1,Govt. Primary School Peri,Moga,Nihal Singh Wala,178,Secondary,English
SCH0346,2026-02,39423.2,2110.0,2,2,Govt. Primary School Peri,Moga,Nihal Singh Wala,178,Secondary,English
SCH0346,2026-03,0.0,6792.0,1,1,Govt. Primary School Peri,Moga,Nihal Singh Wala,178,Secondary,English
SCH0347,2025-04,1.818,4794.0,3,3,Govt. Primary School Mall,Ludhiana,Machhiwara,311,Upper Primary,Hindi
SCH0347,2025-06,74.73599999999999,10796.0,3,3,Govt. Primary School Mall,Ludhiana,Machhiwara,311,Upper Primary,Hindi
SCH0347,2025-07,36.016,2370.0,2,2,Govt. Primary School Mall,Ludhiana,Machhiwara,311,Upper Primary,Hindi
SCH0347,2025-08,0.0,7176.0,1,1,Govt. Primary School Mall,Ludhiana,Machhiwara,311,Upper Primary,Hindi
SCH0347,2025-10,0.0,660.0,1,1,Govt. Primary School Mall,Ludhiana,Machhiwara,311,Upper Primary,Hindi
SCH0347,2025-11,115.5,12105.0,3,3,Govt. Primary School Mall,Ludhiana,Machhiwara,311,Upper Primary,Hindi
SCH0347,2025-12,55.0,6600.0,1,1,Govt. Primary School Mall,Ludhiana,Machhiwara,311,Upper Primary,Hindi
SCH0347,2026-02,45800.0,2187.0,3,3,Govt. Primary School Mall,Ludhiana,Machhiwara,311,Upper Primary,Hindi
SCH0347,2026-03,15900.0,3031.0,2,2,Govt. Primary School Mall,Ludhiana,Machhiwara,311,Upper Primary,Hindi
SCH0348,2025-04,49738.0,6977.0,3,2,Govt. Elementary School Sarraf,Bathinda,Bathinda,431,Upper Primary,Hindi
SCH0348,2025-05,0.764,1146.0,1,1,Govt. Elementary School Sarraf,Bathinda,Bathinda,431,Upper Primary,Hindi
SCH0348,2025-06,47.104,4473.0,3,3,Govt. Elementary School Sarraf,Bathinda,Bathinda,431,Upper Primary,Hindi
SCH0348,2025-07,56800.0,6816.0,1,1,Govt. Elementary School Sarraf,Bathinda,Bathinda,431,Upper Primary,Hindi
SCH0348,2025-08,22555.026,8969.0,4,2,Govt. Elementary School Sarraf,Bathinda,Bathinda,431,Upper Primary,Hindi
SCH0348,2025-09,0.812,4329.0,2,2,Govt. Elementary School Sarraf,Bathinda,Bathinda,431,Upper Primary,Hindi
SCH0348,2025-10,21419.7,3356.0,3,3,Govt. Elementary School Sarraf,Bathinda,Bathinda,431,Upper Primary,Hindi
SCH0348,2025-11,0.626,1936.0,2,2,Govt. Elementary School Sarraf,Bathinda,Bathinda,431,Upper Primary,Hindi
SCH0348,2025-12,45.7,2694.0,2,2,Govt. Elementary School Sarraf,Bathinda,Bathinda,431,Upper Primary,Hindi
SCH0348,2026-01,46.29,6548.0,4,4,Govt. Elementary School Sarraf,Bathinda,Bathinda,431,Upper Primary,Hindi
SCH0348,2026-02,29700.0,5226.0,3,3,Govt. Elementary School Sarraf,Bathinda,Bathinda,431,Upper Primary,Hindi
SCH0348,2026-03,36500.0,6698.0,2,2,Govt. Elementary School Sarraf,Bathinda,Bathinda,431,Upper Primary,Hindi
SCH0349,2025-04,0.0,2088.0,2,2,Govt. Primary School Jaggi,Jalandhar,Jalandhar-II,343,Secondary,English
SCH0349,2025-05,1.884,3335.0,2,2,Govt. Primary School Jaggi,Jalandhar,Jalandhar-II,343,Secondary,English
SCH0349,2025-06,27.516,2827.0,2,1,Govt. Primary School Jaggi,Jalandhar,Jalandhar-II,343,Secondary,English
SCH0349,2025-07,0.262,2484.0,2,2,Govt. Primary School Jaggi,Jalandhar,Jalandhar-II,343,Secondary,English
SCH0349,2025-08,49900.0,4972.0,2,2,Govt. Primary School Jaggi,Jalandhar,Jalandhar-II,343,Secondary,English
SCH0349,2025-09,0.0,5172.0,2,2,Govt. Primary School Jaggi,Jalandhar,Jalandhar-II,343,Secondary,English
SCH0349,2025-10,0.44,1980.0,1,1,Govt. Primary School Jaggi,Jalandhar,Jalandhar-II,343,Secondary,English
SCH0349,2025-11,40.6,2686.0,2,2,Govt. Primary School Jaggi,Jalandhar,Jalandhar-II,343,Secondary,English
SCH0349,2025-12,117.30000000000001,3519.0,2,2,Govt. Primary School Jaggi,Jalandhar,Jalandhar-II,343,Secondary,English
SCH0349,2026-01,0.0,712.0,1,1,Govt. Primary School Jaggi,Jalandhar,Jalandhar-II,343,Secondary,English
SCH0349,2026-02,56351.0,4590.0,2,2,Govt. Primary School Jaggi,Jalandhar,Jalandhar-II,343,Secondary,English
SCH0350,2025-04,53.2,4788.0,1,1,Govt. Primary School Mann,Jalandhar,Unknown,292,Upper Primary,Hindi
SCH0350,2025-05,0.0,708.0,1,1,Govt. Primary School Mann,Jalandhar,Unknown,292,Upper Primary,Hindi
SCH0350,2025-06,44.9,1796.0,1,1,Govt. Primary School Mann,Jalandhar,Unknown,292,Upper Primary,Hindi
SCH0350,2025-07,0.0,2814.0,2,2,Govt. Primary School Mann,Jalandhar,Unknown,292,Upper Primary,Hindi
SCH0350,2025-08,49.800000000000004,4808.0,2,2,Govt. Primary School Mann,Jalandhar,Unknown,292,Upper Primary,Hindi
SCH0350,2025-09,33.244,2535.0,2,1,Govt. Primary School Mann,Jalandhar,Unknown,292,Upper Primary,Hindi
SCH0350,2025-12,42500.0,4953.0,2,2,Govt. Primary School Mann,Jalandhar,Unknown,292,Upper Primary,Hindi
SCH0350,2026-02,41.176,3708.0,3,3,Govt. Primary School Mann,Jalandhar,Unknown,292,Upper Primary,Hindi
SCH0350,2026-03,41.7,1251.0,1,1,Govt. Primary School Mann,Jalandhar,Unknown,292,Upper Primary,Hindi
SCH0351,2025-04,24.8,992.0,1,1,Govt. Senior Secondary School Morar,Patiala,Patiala,309,Secondary,English
SCH0351,2025-05,50815.5,4572.0,2,2,Govt. Senior Secondary School Morar,Patiala,Patiala,309,Secondary,English
SCH0351,2025-06,0.0,5148.0,1,1,Govt. Senior Secondary School Morar,Patiala,Patiala,309,Secondary,English
SCH0351,2025-07,50412.838,7401.0,4,4,Govt. Senior Secondary School Morar,Patiala,Patiala,309,Secondary,English
SCH0351,2025-08,0.0,7167.0,2,2,Govt. Senior Secondary School Morar,Patiala,Patiala,309,Secondary,English
SCH0351,2025-09,1.05,5397.0,2,2,Govt. Senior Secondary School Morar,Patiala,Patiala,309,Secondary,English
SCH0351,2025-10,52372.0,11382.0,4,4,Govt. Senior Secondary School Morar,Patiala,Patiala,309,Secondary,English
SCH0351,2025-11,91.22,11497.0,5,4,Govt. Senior Secondary School Morar,Patiala,Patiala,309,Secondary,English
SCH0351,2025-12,22700.95,6999.0,2,2,Govt. Senior Secondary School Morar,Patiala,Patiala,309,Secondary,English
SCH0351,2026-01,71900.0,8016.0,2,2,Govt. Senior Secondary School Morar,Patiala,Patiala,309,Secondary,English
SCH0351,2026-02,0.0,8808.0,2,2,Govt. Senior Secondary School Morar,Patiala,Patiala,309,Secondary,English
SCH0351,2026-03,57.040000000000006,8334.0,3,3,Govt. Senior Secondary School Morar,Patiala,Patiala,309,Secondary,English
SCH0352,2025-04,32600.0,3912.0,1,1,Govt. Middle School Jayaraman,Unknown,Nakodar,70,Upper Primary,English
SCH0352,2025-05,45.4,6849.0,2,2,Govt. Middle School Jayaraman,Unknown,Nakodar,70,Upper Primary,English
SCH0352,2025-06,26900.0,3228.0,1,1,Govt. Middle School Jayaraman,Unknown,Nakodar,70,Upper Primary,English
SCH0352,2025-07,12045.0,3471.0,3,2,Govt. Middle School Jayaraman,Unknown,Nakodar,70,Upper Primary,English
SCH0352,2025-08,16800.704,1912.0,2,2,Govt. Middle School Jayaraman,Unknown,Nakodar,70,Upper Primary,English
SCH0352,2025-10,71.1,4185.0,2,2,Govt. Middle School Jayaraman,Unknown,Nakodar,70,Upper Primary,English
SCH0352,2025-11,1.272,4872.0,2,2,Govt. Middle School Jayaraman,Unknown,Nakodar,70,Upper Primary,English
SCH0352,2025-12,52.638,8373.0,2,2,Govt. Middle School Jayaraman,Unknown,Nakodar,70,Upper Primary,English
SCH0352,2026-02,36.242,5744.0,2,1,Govt. Middle School Jayaraman,Unknown,Nakodar,70,Upper Primary,English
SCH0352,2026-03,1.008,10710.0,3,3,Govt. Middle School Jayaraman,Unknown,Nakodar,70,Upper Primary,English
SCH0353,2025-06,0.0,1536.0,1,1,Govt. Elementary School Parikh,Ferozepur,Ferozepur,212,Upper Primary,Punjabi
SCH0353,2025-07,24729.7,4236.0,4,4,Govt. Elementary School Parikh,Ferozepur,Ferozepur,212,Upper Primary,Punjabi
SCH0353,2025-08,25.5,1020.0,1,1,Govt. Elementary School Parikh,Ferozepur,Ferozepur,212,Upper Primary,Punjabi
SCH0353,2025-09,48400.0,4736.0,3,3,Govt. Elementary School Parikh,Ferozepur,Ferozepur,212,Upper Primary,Punjabi
SCH0353,2025-10,27100.0,5989.0,2,2,Govt. Elementary School Parikh,Ferozepur,Ferozepur,212,Upper Primary,Punjabi
SCH0353,2025-11,57900.0,1737.0,1,1,Govt. Elementary School Parikh,Ferozepur,Ferozepur,212,Upper Primary,Punjabi
SCH0353,2025-12,32.6,0.0,1,1,Govt. Elementary School Parikh,Ferozepur,Ferozepur,212,Upper Primary,Punjabi
SCH0353,2026-02,44.5,1335.0,1,1,Govt. Elementary School Parikh,Ferozepur,Ferozepur,212,Upper Primary,Punjabi
SCH0353,2026-03,99617.5,6075.0,4,4,Govt. Elementary School Parikh,Ferozepur,Ferozepur,212,Upper Primary,Punjabi
SCH0354,2025-04,39100.0,8141.0,3,3,Govt. Senior Secondary School Kakar,Moga,Moga-II,402,Secondary,English
SCH0354,2025-05,53.0,1590.0,1,1,Govt. Senior Secondary School Kakar,Moga,Moga-II,402,Secondary,English
SCH0354,2025-06,1.284,0.0,2,2,Govt. Senior Secondary School Kakar,Moga,Moga-II,402,Secondary,English
SCH0354,2025-07,34227.186,5152.0,4,4,Govt. Senior Secondary School Kakar,Moga,Moga-II,402,Secondary,English
SCH0354,2025-08,0.24,1440.0,1,1,Govt. Senior Secondary School Kakar,Moga,Moga-II,402,Secondary,English
SCH0354,2025-09,39748.282,16937.0,6,4,Govt. Senior Secondary School Kakar,Moga,Moga-II,402,Secondary,English
SCH0354,2025-11,1.194,1791.0,1,1,Govt. Senior Secondary School Kakar,Moga,Moga-II,402,Secondary,English
SCH0354,2025-12,39527.632,6622.0,3,3,Govt. Senior Secondary School Kakar,Moga,Moga-II,402,Secondary,English
SCH0354,2026-01,0.268,2241.0,2,2,Govt. Senior Secondary School Kakar,Moga,Moga-II,402,Secondary,English
SCH0354,2026-02,59359.700000000004,6174.0,3,3,Govt. Senior Secondary School Kakar,Moga,Moga-II,402,Secondary,English
SCH0354,2026-03,27.1,1084.0,1,1,Govt. Senior Secondary School Kakar,Moga,Moga-II,402,Secondary,English
SCH0355,2025-04,1.136,7488.0,2,2,Govt. Primary School Tripathi,Unknown,Jalandhar-II,413,Higher Secondary,English
SCH0355,2025-05,39.4,3546.0,1,1,Govt. Primary School Tripathi,Unknown,Jalandhar-II,413,Higher Secondary,English
SCH0355,2025-06,19.724,10356.0,4,4,Govt. Primary School Tripathi,Unknown,Jalandhar-II,413,Higher Secondary,English
SCH0355,2025-08,49.623999999999995,7092.0,2,1,Govt. Primary School Tripathi,Unknown,Jalandhar-II,413,Higher Secondary,English
SCH0355,2025-09,34900.0,8780.0,3,3,Govt. Primary School Tripathi,Unknown,Jalandhar-II,413,Higher Secondary,English
SCH0355,2025-10,57100.0,3283.0,2,2,Govt. Primary School Tripathi,Unknown,Jalandhar-II,413,Higher Secondary,English
SCH0355,2025-12,24300.622,2881.0,3,3,Govt. Primary School Tripathi,Unknown,Jalandhar-II,413,Higher Secondary,English
SCH0355,2026-01,58800.354,3357.0,2,1,Govt. Primary School Tripathi,Unknown,Jalandhar-II,413,Higher Secondary,English
SCH0355,2026-03,22817.0,5420.0,3,2,Govt. Primary School Tripathi,Unknown,Jalandhar-II,413,Higher Secondary,English
SCH0356,2025-04,52.64,3624.0,2,2,Govt. Middle School Brahmbhatt,Patiala,Patiala,294,Primary,Punjabi
SCH0356,2025-06,0.22,330.0,1,1,Govt. Middle School Brahmbhatt,Patiala,Patiala,294,Primary,Punjabi
SCH0356,2025-07,46.4,1856.0,1,1,Govt. Middle School Brahmbhatt,Patiala,Patiala,294,Primary,Punjabi
SCH0356,2025-08,55.8,5825.0,3,3,Govt. Middle School Brahmbhatt,Patiala,Patiala,294,Primary,Punjabi
SCH0356,2025-10,1.012,0.0,1,1,Govt. Middle School Brahmbhatt,Patiala,Patiala,294,Primary,Punjabi
SCH0356,2025-11,33148.726,7045.0,3,2,Govt. Middle School Brahmbhatt,Patiala,Patiala,294,Primary,Punjabi
SCH0356,2025-12,11.0,440.0,1,1,Govt. Middle School Brahmbhatt,Patiala,Patiala,294,Primary,Punjabi
SCH0356,2026-01,0.236,354.0,1,1,Govt. Middle School Brahmbhatt,Patiala,Patiala,294,Primary,Punjabi
SCH0356,2026-03,38.7,4644.0,1,1,Govt. Middle School Brahmbhatt,Patiala,Patiala,294,Primary,Punjabi
SCH0357,2025-04,42.746,8117.0,3,3,Govt. Middle School Bhatti,Moga,Nihal Singh Wala,45,Upper Primary,Punjabi
SCH0357,2025-05,22.408,4353.0,3,3,Govt. Middle School Bhatti,Moga,Nihal Singh Wala,45,Upper Primary,Punjabi
SCH0357,2025-06,46326.8,5239.0,2,2,Govt. Middle School Bhatti,Moga,Nihal Singh Wala,45,Upper Primary,Punjabi
SCH0357,2025-09,81.714,6984.0,3,3,Govt. Middle School Bhatti,Moga,Nihal Singh Wala,45,Upper Primary,Punjabi
SCH0357,2025-10,49800.98,8420.0,3,3,Govt. Middle School Bhatti,Moga,Nihal Singh Wala,45,Upper Primary,Punjabi
SCH0357,2025-11,1.106,14276.0,3,3,Govt. Middle School Bhatti,Moga,Nihal Singh Wala,45,Upper Primary,Punjabi
SCH0357,2025-12,12744.5,9123.0,3,2,Govt. Middle School Bhatti,Moga,Nihal Singh Wala,45,Upper Primary,Punjabi
SCH0357,2026-01,35.0,1400.0,2,2,Govt. Middle School Bhatti,Moga,Nihal Singh Wala,45,Upper Primary,Punjabi
SCH0357,2026-02,1.132,2264.0,1,1,Govt. Middle School Bhatti,Moga,Nihal Singh Wala,45,Upper Primary,Punjabi
SCH0358,2025-04,31.8,1710.0,2,2,Govt. Elementary School Panchal,Ludhiana,Ludhiana-I,237,Higher Secondary,Punjabi
SCH0358,2025-05,19400.0,1746.0,1,1,Govt. Elementary School Panchal,Ludhiana,Ludhiana-I,237,Higher Secondary,Punjabi
SCH0358,2025-06,27.0,1080.0,1,1,Govt. Elementary School Panchal,Ludhiana,Ludhiana-I,237,Higher Secondary,Punjabi
SCH0358,2025-07,34555.142,12966.0,4,2,Govt. Elementary School Panchal,Ludhiana,Ludhiana-I,237,Higher Secondary,Punjabi
SCH0358,2025-08,1.026,4428.0,2,2,Govt. Elementary School Panchal,Ludhiana,Ludhiana-I,237,Higher Secondary,Punjabi
SCH0358,2025-09,56.118,8943.0,3,3,Govt. Elementary School Panchal,Ludhiana,Ludhiana-I,237,Higher Secondary,Punjabi
SCH0358,2025-11,26500.212,1113.0,2,2,Govt. Elementary School Panchal,Ludhiana,Ludhiana-I,237,Higher Secondary,Punjabi
SCH0358,2026-01,12437.7,5875.0,3,3,Govt. Elementary School Panchal,Ludhiana,Ludhiana-I,237,Higher Secondary,Punjabi
SCH0358,2026-02,28.7,6548.0,2,2,Govt. Elementary School Panchal,Ludhiana,Ludhiana-I,237,Higher Secondary,Punjabi
SCH0359,2025-05,0.0,4524.0,1,1,Govt. Primary School Bhavsar,Moga,Nihal Singh Wala,91,Upper Primary,Punjabi
SCH0359,2025-07,37.7,1131.0,1,1,Govt. Primary School Bhavsar,Moga,Nihal Singh Wala,91,Upper Primary,Punjabi
SCH0359,2025-08,0.0,616.0,1,1,Govt. Primary School Bhavsar,Moga,Nihal Singh Wala,91,Upper Primary,Punjabi
SCH0359,2025-09,74.104,3994.0,3,3,Govt. Primary School Bhavsar,Moga,Nihal Singh Wala,91,Upper Primary,Punjabi
SCH0359,2025-10,12.5,3999.0,2,2,Govt. Primary School Bhavsar,Moga,Nihal Singh Wala,91,Upper Primary,Punjabi
SCH0359,2025-11,39.0,1560.0,1,1,Govt. Primary School Bhavsar,Moga,Nihal Singh Wala,91,Upper Primary,Punjabi
SCH0359,2025-12,96200.0,5208.0,2,2,Govt. Primary School Bhavsar,Moga,Nihal Singh Wala,91,Upper Primary,Punjabi
SCH0359,2026-01,22000.564,6723.0,3,3,Govt. Primary School Bhavsar,Moga,Nihal Singh Wala,91,Upper Primary,Punjabi
SCH0359,2026-02,31.3,939.0,1,1,Govt. Primary School Bhavsar,Moga,Nihal Singh Wala,91,Upper Primary,Punjabi
SCH0359,2026-03,0.0,556.0,1,1,Govt. Primary School Bhavsar,Moga,Nihal Singh Wala,91,Upper Primary,Punjabi
SCH0360,2025-04,14435.6,6000.0,2,2,Govt. Senior Secondary School Bhat,Bathinda,Bathinda,203,Primary,Hindi
SCH0360,2025-06,19.4,582.0,1,1,Govt. Senior Secondary School Bhat,Bathinda,Bathinda,203,Primary,Hindi
SCH0360,2025-08,98.0,5820.0,2,2,Govt. Senior Secondary School Bhat,Bathinda,Bathinda,203,Primary,Hindi
SCH0360,2025-09,38800.0,1552.0,1,1,Govt. Senior Secondary School Bhat,Bathinda,Bathinda,203,Primary,Hindi
SCH0360,2025-10,45000.38,2691.0,3,3,Govt. Senior Secondary School Bhat,Bathinda,Bathinda,203,Primary,Hindi
SCH0360,2025-11,0.22,1320.0,1,1,Govt. Senior Secondary School Bhat,Bathinda,Bathinda,203,Primary,Hindi
SCH0360,2025-12,16800.0,0.0,1,1,Govt. Senior Secondary School Bhat,Bathinda,Bathinda,203,Primary,Hindi
SCH0360,2026-01,0.0,1695.0,1,1,Govt. Senior Secondary School Bhat,Bathinda,Bathinda,203,Primary,Hindi
SCH0360,2026-02,0.828,2712.0,2,2,Govt. Senior Secondary School Bhat,Bathinda,Bathinda,203,Primary,Hindi
SCH0360,2026-03,1.104,1656.0,1,1,Govt. Senior Secondary School Bhat,Bathinda,Bathinda,203,Primary,Hindi
SCH0361,2025-05,0.0,468.0,1,1,Govt. Elementary School Bumb,Amritsar,Amritsar-I,213,Higher Secondary,Hindi
SCH0361,2025-06,91435.44,13713.0,5,3,Govt. Elementary School Bumb,Amritsar,Amritsar-I,213,Higher Secondary,Hindi
SCH0361,2025-07,30930.4,8058.0,3,3,Govt. Elementary School Bumb,Amritsar,Amritsar-I,213,Higher Secondary,Hindi
SCH0361,2025-08,30.262,6267.0,3,3,Govt. Elementary School Bumb,Amritsar,Amritsar-I,213,Higher Secondary,Hindi
SCH0361,2025-09,0.0,1026.0,1,1,Govt. Elementary School Bumb,Amritsar,Amritsar-I,213,Higher Secondary,Hindi
SCH0361,2025-10,53.4,6594.0,2,2,Govt. Elementary School Bumb,Amritsar,Amritsar-I,213,Higher Secondary,Hindi
SCH0361,2025-11,34.5,1440.0,2,2,Govt. Elementary School Bumb,Amritsar,Amritsar-I,213,Higher Secondary,Hindi
SCH0361,2025-12,59.6,7152.0,1,1,Govt. Elementary School Bumb,Amritsar,Amritsar-I,213,Higher Secondary,Hindi
SCH0361,2026-01,0.0,7005.0,2,1,Govt. Elementary School Bumb,Amritsar,Amritsar-I,213,Higher Secondary,Hindi
SCH0361,2026-02,53000.55,7460.0,2,2,Govt. Elementary School Bumb,Amritsar,Amritsar-I,213,Higher Secondary,Hindi
SCH0361,2026-03,22900.0,2061.0,1,1,Govt. Elementary School Bumb,Amritsar,Amritsar-I,213,Higher Secondary,Hindi
SCH0362,2025-04,10747.7,3264.0,3,3,Govt. Elementary School Sinha,Ferozepur,Zira,67,Upper Primary,Hindi
SCH0362,2025-06,26500.0,6024.0,2,2,Govt. Elementary School Sinha,Ferozepur,Zira,67,Upper Primary,Hindi
SCH0362,2025-07,0.0,3084.0,1,1,Govt. Elementary School Sinha,Ferozepur,Zira,67,Upper Primary,Hindi
SCH0362,2025-08,34700.0,3496.0,3,2,Govt. Elementary School Sinha,Ferozepur,Zira,67,Upper Primary,Hindi
SCH0362,2025-09,0.99,4455.0,1,1,Govt. Elementary School Sinha,Ferozepur,Zira,67,Upper Primary,Hindi
SCH0362,2025-10,41.3,6516.0,2,2,Govt. Elementary School Sinha,Ferozepur,Zira,67,Upper Primary,Hindi
SCH0362,2026-01,0.966,1449.0,1,1,Govt. Elementary School Sinha,Ferozepur,Zira,67,Upper Primary,Hindi
SCH0362,2026-03,55400.0,3046.0,2,2,Govt. Elementary School Sinha,Ferozepur,Zira,67,Upper Primary,Hindi
SCH0363,2025-04,0.892,1784.0,1,1,Govt. Elementary School Sankar,Bathinda,Rampura Phul,192,Primary,English
SCH0363,2025-07,0.0,3213.0,1,1,Govt. Elementary School Sankar,Bathinda,Rampura Phul,192,Primary,English
SCH0363,2025-08,30.3,3081.0,2,2,Govt. Elementary School Sankar,Bathinda,Rampura Phul,192,Primary,English
SCH0363,2025-09,72923.1,13892.0,6,5,Govt. Elementary School Sankar,Bathinda,Rampura Phul,192,Primary,English
SCH0363,2025-11,0.344,5364.0,2,2,Govt. Elementary School Sankar,Bathinda,Rampura Phul,192,Primary,English
SCH0363,2025-12,25559.9,3416.0,2,2,Govt. Elementary School Sankar,Bathinda,Rampura Phul,192,Primary,English
SCH0363,2026-01,54300.0,0.0,1,1,Govt. Elementary School Sankar,Bathinda,Rampura Phul,192,Primary,English
SCH0363,2026-02,0.344,3900.0,2,2,Govt. Elementary School Sankar,Bathinda,Rampura Phul,192,Primary,English
SCH0363,2026-03,64.1,7790.0,3,3,Govt. Elementary School Sankar,Bathinda,Rampura Phul,192,Primary,English
SCH0364,2025-04,32.1,3852.0,1,1,Govt. Primary School Chowdhury,Ludhiana,Machhiwara,84,Higher Secondary,English
SCH0364,2025-05,43.9,8641.0,3,3,Govt. Primary School Chowdhury,Ludhiana,Machhiwara,84,Higher Secondary,English
SCH0364,2025-06,0.0,1104.0,1,1,Govt. Primary School Chowdhury,Ludhiana,Machhiwara,84,Higher Secondary,English
SCH0364,2025-07,46.698,8921.0,4,3,Govt. Primary School Chowdhury,Ludhiana,Machhiwara,84,Higher Secondary,English
SCH0364,2025-08,15658.6,12021.0,4,4,Govt. Primary School Chowdhury,Ludhiana,Machhiwara,84,Higher Secondary,English
SCH0364,2025-09,31.686,14883.0,4,4,Govt. Primary School Chowdhury,Ludhiana,Machhiwara,84,Higher Secondary,English
SCH0364,2025-10,29900.88,5348.0,2,2,Govt. Primary School Chowdhury,Ludhiana,Machhiwara,84,Higher Secondary,English
SCH0364,2025-11,0.0,1516.0,1,1,Govt. Primary School Chowdhury,Ludhiana,Machhiwara,84,Higher Secondary,English
SCH0364,2025-12,46747.7,12045.0,3,3,Govt. Primary School Chowdhury,Ludhiana,Machhiwara,84,Higher Secondary,English
SCH0364,2026-01,1.11,1326.0,2,1,Govt. Primary School Chowdhury,Ludhiana,Machhiwara,84,Higher Secondary,English
SCH0364,2026-02,49.7,0.0,1,1,Govt. Primary School Chowdhury,Ludhiana,Machhiwara,84,Higher Secondary,English
SCH0364,2026-03,0.0,5832.0,2,2,Govt. Primary School Chowdhury,Ludhiana,Machhiwara,84,Higher Secondary,English
SCH0365,2025-04,51864.799999999996,4277.0,3,2,Govt. Middle School Bhavsar,Amritsar,Unknown,99,Higher Secondary,Hindi
SCH0365,2025-05,0.328,7268.0,2,2,Govt. Middle School Bhavsar,Amritsar,Unknown,99,Higher Secondary,Hindi
SCH0365,2025-06,13353.3,6009.0,4,4,Govt. Middle School Bhavsar,Amritsar,Unknown,99,Higher Secondary,Hindi
SCH0365,2025-11,91.30000000000001,2739.0,2,2,Govt. Middle School Bhavsar,Amritsar,Unknown,99,Higher Secondary,Hindi
SCH0365,2025-12,1.006,3740.0,2,2,Govt. Middle School Bhavsar,Amritsar,Unknown,99,Higher Secondary,Hindi
SCH0365,2026-01,44.8,7153.0,3,3,Govt. Middle School Bhavsar,Amritsar,Unknown,99,Higher Secondary,Hindi
SCH0365,2026-02,57987.6,12107.0,3,2,Govt. Middle School Bhavsar,Amritsar,Unknown,99,Higher Secondary,Hindi
SCH0365,2026-03,0.388,2864.0,2,2,Govt. Middle School Bhavsar,Amritsar,Unknown,99,Higher Secondary,Hindi
SCH0366,2025-04,22.0,2338.0,2,2,Govt. Primary School Hari,Ferozepur,Zira,229,Secondary,Punjabi
SCH0366,2025-05,105.6,11031.0,2,2,Govt. Primary School Hari,Ferozepur,Zira,229,Secondary,Punjabi
SCH0366,2025-06,0.94,4230.0,1,1,Govt. Primary School Hari,Ferozepur,Zira,229,Secondary,Punjabi
SCH0366,2025-07,0.0,3084.0,1,1,Govt. Primary School Hari,Ferozepur,Zira,229,Secondary,Punjabi
SCH0366,2025-08,0.5539999999999999,3846.0,2,2,Govt. Primary School Hari,Ferozepur,Zira,229,Secondary,Punjabi
SCH0366,2025-09,32.6,1304.0,1,1,Govt. Primary School Hari,Ferozepur,Zira,229,Secondary,Punjabi
SCH0366,2025-10,20800.0,2664.0,2,2,Govt. Primary School Hari,Ferozepur,Zira,229,Secondary,Punjabi
SCH0366,2025-11,0.0,2412.0,1,1,Govt. Primary School Hari,Ferozepur,Zira,229,Secondary,Punjabi
SCH0366,2025-12,49200.976,18147.0,4,4,Govt. Primary School Hari,Ferozepur,Zira,229,Secondary,Punjabi
SCH0366,2026-01,52.51,16125.0,3,2,Govt. Primary School Hari,Ferozepur,Zira,229,Secondary,Punjabi
SCH0366,2026-03,19500.524,4804.0,3,3,Govt. Primary School Hari,Ferozepur,Zira,229,Secondary,Punjabi
SCH0367,2025-04,29.246,3972.0,3,3,Govt. Primary School Vala,Bathinda,Unknown,177,Upper Primary,English
SCH0367,2025-05,57658.1,8655.0,2,2,Govt. Primary School Vala,Bathinda,Unknown,177,Upper Primary,English
SCH0367,2025-06,22101.042,10251.0,3,2,Govt. Primary School Vala,Bathinda,Unknown,177,Upper Primary,English
SCH0367,2025-07,50.4,2420.0,2,2,Govt. Primary School Vala,Bathinda,Unknown,177,Upper Primary,English
SCH0367,2025-08,48.9,4401.0,1,1,Govt. Primary School Vala,Bathinda,Unknown,177,Upper Primary,English
SCH0367,2025-09,70.4,6472.0,2,2,Govt. Primary School Vala,Bathinda,Unknown,177,Upper Primary,English
SCH0367,2025-10,54640.5,10851.0,3,3,Govt. Primary School Vala,Bathinda,Unknown,177,Upper Primary,English
SCH0367,2025-12,19335.7,7227.0,3,3,Govt. Primary School Vala,Bathinda,Unknown,177,Upper Primary,English
SCH0367,2026-01,18300.0,2196.0,1,1,Govt. Primary School Vala,Bathinda,Unknown,177,Upper Primary,English
SCH0367,2026-03,55932.6,7965.0,2,1,Govt. Primary School Vala,Bathinda,Unknown,177,Upper Primary,English
SCH0368,2025-04,44.5,6165.0,2,2,Govt. Elementary School Raman,Ferozepur,Zira,323,Higher Secondary,Punjabi
SCH0368,2025-05,1.468,9180.0,3,3,Govt. Elementary School Raman,Ferozepur,Zira,323,Higher Secondary,Punjabi
SCH0368,2025-06,37.3,3027.0,2,2,Govt. Elementary School Raman,Ferozepur,Zira,323,Higher Secondary,Punjabi
SCH0368,2025-09,17757.78,11378.0,6,2,Govt. Elementary School Raman,Ferozepur,Zira,323,Higher Secondary,Punjabi
SCH0368,2025-10,54119.616,9078.0,4,3,Govt. Elementary School Raman,Ferozepur,Zira,323,Higher Secondary,Punjabi
SCH0368,2025-11,37900.852,2841.0,2,2,Govt. Elementary School Raman,Ferozepur,Zira,323,Higher Secondary,Punjabi
SCH0368,2025-12,16530.4,5340.0,3,3,Govt. Elementary School Raman,Ferozepur,Zira,323,Higher Secondary,Punjabi
SCH0368,2026-01,0.544,1088.0,1,1,Govt. Elementary School Raman,Ferozepur,Zira,323,Higher Secondary,Punjabi
SCH0368,2026-03,22.290000000000003,8466.0,3,3,Govt. Elementary School Raman,Ferozepur,Zira,323,Higher Secondary,Punjabi
SCH0369,2025-04,56.098,3165.0,3,3,Govt. Senior Secondary School Naik,Patiala,Rajpura,193,Primary,Punjabi
SCH0369,2025-05,60241.9,7804.0,3,3,Govt. Senior Secondary School Naik,Patiala,Rajpura,193,Primary,Punjabi
SCH0369,2025-06,0.0,1854.0,1,1,Govt. Senior Secondary School Naik,Patiala,Rajpura,193,Primary,Punjabi
SCH0369,2025-07,51.0,3894.0,3,2,Govt. Senior Secondary School Naik,Patiala,Rajpura,193,Primary,Punjabi
SCH0369,2025-08,0.5660000000000001,5119.0,2,2,Govt. Senior Secondary School Naik,Patiala,Rajpura,193,Primary,Punjabi
SCH0369,2025-10,20.3,812.0,1,1,Govt. Senior Secondary School Naik,Patiala,Rajpura,193,Primary,Punjabi
SCH0369,2025-11,0.902,7648.0,3,3,Govt. Senior Secondary School Naik,Patiala,Rajpura,193,Primary,Punjabi
SCH0369,2026-01,37901.872,7780.0,3,2,Govt. Senior Secondary School Naik,Patiala,Rajpura,193,Primary,Punjabi
SCH0369,2026-02,107.60000000000001,11892.0,5,4,Govt. Senior Secondary School Naik,Patiala,Rajpura,193,Primary,Punjabi
SCH0370,2025-05,22.42,12156.0,3,2,Govt. Primary School Pant,Jalandhar,Jalandhar-II,148,Upper Primary,Punjabi
SCH0370,2025-07,59.2,8443.0,3,3,Govt. Primary School Pant,Jalandhar,Jalandhar-II,148,Upper Primary,Punjabi
SCH0370,2025-08,56001.04,2600.0,3,3,Govt. Primary School Pant,Jalandhar,Jalandhar-II,148,Upper Primary,Punjabi
SCH0370,2025-09,32400.0,3888.0,1,1,Govt. Primary School Pant,Jalandhar,Jalandhar-II,148,Upper Primary,Punjabi
SCH0370,2025-10,46.0,3488.0,2,1,Govt. Primary School Pant,Jalandhar,Jalandhar-II,148,Upper Primary,Punjabi
SCH0370,2025-11,52.6,6312.0,1,1,Govt. Primary School Pant,Jalandhar,Jalandhar-II,148,Upper Primary,Punjabi
SCH0370,2025-12,23.8,2856.0,1,1,Govt. Primary School Pant,Jalandhar,Jalandhar-II,148,Upper Primary,Punjabi
SCH0370,2026-01,0.0,1575.0,1,1,Govt. Primary School Pant,Jalandhar,Jalandhar-II,148,Upper Primary,Punjabi
SCH0370,2026-02,0.696,2184.0,2,2,Govt. Primary School Pant,Jalandhar,Jalandhar-II,148,Upper Primary,Punjabi
SCH0370,2026-03,0.342,1539.0,1,1,Govt. Primary School Pant,Jalandhar,Jalandhar-II,148,Upper Primary,Punjabi
SCH0371,2025-04,1.034,1551.0,1,1,Govt. Elementary School Baral,Patiala,Nabha,344,Primary,English
SCH0371,2025-05,32300.0,4371.0,2,2,Govt. Elementary School Baral,Patiala,Nabha,344,Primary,English
SCH0371,2025-06,46433.7,9612.0,2,2,Govt. Elementary School Baral,Patiala,Nabha,344,Primary,English
SCH0371,2025-07,41124.0,4437.0,5,4,Govt. Elementary School Baral,Patiala,Nabha,344,Primary,English
SCH0371,2025-08,0.4,4632.0,2,2,Govt. Elementary School Baral,Patiala,Nabha,344,Primary,English
SCH0371,2025-09,24.178,6200.0,2,2,Govt. Elementary School Baral,Patiala,Nabha,344,Primary,English
SCH0371,2025-10,0.0,5171.0,3,3,Govt. Elementary School Baral,Patiala,Nabha,344,Primary,English
SCH0371,2025-12,49054.335999999996,11214.0,3,3,Govt. Elementary School Baral,Patiala,Nabha,344,Primary,English
SCH0371,2026-01,0.0,1052.0,1,1,Govt. Elementary School Baral,Patiala,Nabha,344,Primary,English
SCH0371,2026-03,56.6,2048.0,2,2,Govt. Elementary School Baral,Patiala,Nabha,344,Primary,English
SCH0372,2025-04,1.564,5233.0,2,2,Govt. Senior Secondary School Mody,Sangrur,Sangrur,442,Higher Secondary,Hindi
SCH0372,2025-05,13.1,1572.0,1,1,Govt. Senior Secondary School Mody,Sangrur,Sangrur,442,Higher Secondary,Hindi
SCH0372,2025-06,0.0,1620.0,1,1,Govt. Senior Secondary School Mody,Sangrur,Sangrur,442,Higher Secondary,Hindi
SCH0372,2025-07,48500.0,1455.0,1,1,Govt. Senior Secondary School Mody,Sangrur,Sangrur,442,Higher Secondary,Hindi
SCH0372,2025-08,55.7,7008.0,2,2,Govt. Senior Secondary School Mody,Sangrur,Sangrur,442,Higher Secondary,Hindi
SCH0372,2025-09,0.298,1788.0,1,1,Govt. Senior Secondary School Mody,Sangrur,Sangrur,442,Higher Secondary,Hindi
SCH0372,2025-10,0.762,3429.0,1,1,Govt. Senior Secondary School Mody,Sangrur,Sangrur,442,Higher Secondary,Hindi
SCH0372,2025-11,0.0,1640.0,1,1,Govt. Senior Secondary School Mody,Sangrur,Sangrur,442,Higher Secondary,Hindi
SCH0372,2025-12,43.14600000000001,6562.0,3,3,Govt. Senior Secondary School Mody,Sangrur,Sangrur,442,Higher Secondary,Hindi
SCH0372,2026-01,46340.4,7172.0,2,2,Govt. Senior Secondary School Mody,Sangrur,Sangrur,442,Higher Secondary,Hindi
SCH0372,2026-03,43.89,4695.0,2,2,Govt. Senior Secondary School Mody,Sangrur,Sangrur,442,Higher Secondary,Hindi
SCH0373,2025-04,13400.0,536.0,1,1,Govt. Middle School Soman,Amritsar,Amritsar-I,328,Secondary,English
SCH0373,2025-05,0.44,11956.0,4,3,Govt. Middle School Soman,Amritsar,Amritsar-I,328,Secondary,English
SCH0373,2025-08,78.742,7365.0,3,3,Govt. Middle School Soman,Amritsar,Amritsar-I,328,Secondary,English
SCH0373,2025-09,36.7,1251.0,2,2,Govt. Middle School Soman,Amritsar,Amritsar-I,328,Secondary,English
SCH0373,2025-10,0.7879999999999999,3226.0,2,1,Govt. Middle School Soman,Amritsar,Amritsar-I,328,Secondary,English
SCH0373,2025-11,1.182,2364.0,1,1,Govt. Middle School Soman,Amritsar,Amritsar-I,328,Secondary,English
SCH0373,2025-12,12.120000000000001,2106.0,2,2,Govt. Middle School Soman,Amritsar,Amritsar-I,328,Secondary,English
SCH0373,2026-02,42700.0,5124.0,1,1,Govt. Middle School Soman,Amritsar,Amritsar-I,328,Secondary,English
SCH0373,2026-03,89.9,7372.0,2,2,Govt. Middle School Soman,Amritsar,Amritsar-I,328,Secondary,English
SCH0374,2025-04,15800.0,1930.0,2,2,Govt. Elementary School Yohannan,Ferozepur,Mamdot,332,Primary,Hindi
SCH0374,2025-05,53800.0,2152.0,1,1,Govt. Elementary School Yohannan,Ferozepur,Mamdot,332,Primary,Hindi
SCH0374,2025-06,52.004,6139.0,3,3,Govt. Elementary School Yohannan,Ferozepur,Mamdot,332,Primary,Hindi
SCH0374,2025-07,26.6,3978.0,2,2,Govt. Elementary School Yohannan,Ferozepur,Mamdot,332,Primary,Hindi
SCH0374,2025-08,0.6759999999999999,1014.0,2,2,Govt. Elementary School Yohannan,Ferozepur,Mamdot,332,Primary,Hindi
SCH0374,2025-09,16.4,8543.0,2,2,Govt. Elementary School Yohannan,Ferozepur,Mamdot,332,Primary,Hindi
SCH0374,2025-10,45220.1,6027.0,2,2,Govt. Elementary School Yohannan,Ferozepur,Mamdot,332,Primary,Hindi
SCH0374,2025-11,39.3,3537.0,1,1,Govt. Elementary School Yohannan,Ferozepur,Mamdot,332,Primary,Hindi
SCH0374,2025-12,51.2,6144.0,1,1,Govt. Elementary School Yohannan,Ferozepur,Mamdot,332,Primary,Hindi
SCH0374,2026-01,0.958,1916.0,1,1,Govt. Elementary School Yohannan,Ferozepur,Mamdot,332,Primary,Hindi
SCH0374,2026-02,58.334,4103.0,3,3,Govt. Elementary School Yohannan,Ferozepur,Mamdot,332,Primary,Hindi
SCH0374,2026-03,0.34,0.0,1,1,Govt. Elementary School Yohannan,Ferozepur,Mamdot,332,Primary,Hindi
SCH0375,2025-04,0.0,8883.0,2,2,Govt. Primary School Karan,Ferozepur,Ferozepur,242,Secondary,English
SCH0375,2025-06,40.1,3609.0,1,1,Govt. Primary School Karan,Ferozepur,Ferozepur,242,Secondary,English
SCH0375,2025-07,40969.1,9752.0,4,3,Govt. Primary School Karan,Ferozepur,Ferozepur,242,Secondary,English
SCH0375,2025-08,0.0,6528.0,1,1,Govt. Primary School Karan,Ferozepur,Ferozepur,242,Secondary,English
SCH0375,2025-09,46800.0,1404.0,1,1,Govt. Primary School Karan,Ferozepur,Ferozepur,242,Secondary,English
SCH0375,2025-10,23.665999999999997,1197.0,2,2,Govt. Primary School Karan,Ferozepur,Ferozepur,242,Secondary,English
SCH0375,2025-11,55716.3,652.0,2,2,Govt. Primary School Karan,Ferozepur,Ferozepur,242,Secondary,English
SCH0375,2025-12,36000.0,1080.0,1,1,Govt. Primary School Karan,Ferozepur,Ferozepur,242,Secondary,English
SCH0375,2026-01,36911.4,4347.0,2,2,Govt. Primary School Karan,Ferozepur,Ferozepur,242,Secondary,English
SCH0375,2026-02,34225.7,6648.0,3,3,Govt. Primary School Karan,Ferozepur,Ferozepur,242,Secondary,English
SCH0375,2026-03,30.4,1743.0,2,2,Govt. Primary School Karan,Ferozepur,Ferozepur,242,Secondary,English
SCH0376,2025-04,0.0,5354.0,2,2,Govt. Elementary School Talwar,Moga,Moga-I,212,Secondary,Punjabi
SCH0376,2025-05,55124.0,5664.0,3,3,Govt. Elementary School Talwar,Moga,Moga-I,212,Secondary,Punjabi
SCH0376,2025-06,43074.5,4087.0,3,3,Govt. Elementary School Talwar,Moga,Moga-I,212,Secondary,Punjabi
SCH0376,2025-07,0.0,1080.0,1,1,Govt. Elementary School Talwar,Moga,Moga-I,212,Secondary,Punjabi
SCH0376,2025-08,0.536,804.0,1,1,Govt. Elementary School Talwar,Moga,Moga-I,212,Secondary,Punjabi
SCH0376,2025-09,1.064,5358.0,2,2,Govt. Elementary School Talwar,Moga,Moga-I,212,Secondary,Punjabi
SCH0376,2025-10,50316.414,8610.0,6,5,Govt. Elementary School Talwar,Moga,Moga-I,212,Secondary,Punjabi
SCH0376,2025-11,0.496,5946.0,2,2,Govt. Elementary School Talwar,Moga,Moga-I,212,Secondary,Punjabi
SCH0376,2025-12,28.7,9452.0,3,3,Govt. Elementary School Talwar,Moga,Moga-I,212,Secondary,Punjabi
SCH0376,2026-01,34600.0,1384.0,1,1,Govt. Elementary School Talwar,Moga,Moga-I,212,Secondary,Punjabi
SCH0376,2026-02,26.9,2421.0,1,1,Govt. Elementary School Talwar,Moga,Moga-I,212,Secondary,Punjabi
SCH0377,2025-04,0.258,387.0,1,1,Govt. Middle School Gandhi,Patiala,Nabha,193,Higher Secondary,Punjabi
SCH0377,2025-05,61.5,6030.0,2,2,Govt. Middle School Gandhi,Patiala,Nabha,193,Higher Secondary,Punjabi
SCH0377,2025-06,51.248000000000005,4809.0,2,2,Govt. Middle School Gandhi,Patiala,Nabha,193,Higher Secondary,Punjabi
SCH0377,2025-07,0.0,5244.0,1,1,Govt. Middle School Gandhi,Patiala,Nabha,193,Higher Secondary,Punjabi
SCH0377,2025-08,0.974,4383.0,1,1,Govt. Middle School Gandhi,Patiala,Nabha,193,Higher Secondary,Punjabi
SCH0377,2025-10,37.1,1484.0,1,1,Govt. Middle School Gandhi,Patiala,Nabha,193,Higher Secondary,Punjabi
SCH0377,2025-12,14300.0,1287.0,1,1,Govt. Middle School Gandhi,Patiala,Nabha,193,Higher Secondary,Punjabi
SCH0377,2026-01,35600.502,3327.0,2,2,Govt. Middle School Gandhi,Patiala,Nabha,193,Higher Secondary,Punjabi
SCH0377,2026-02,27.1,6466.0,2,2,Govt. Middle School Gandhi,Patiala,Nabha,193,Higher Secondary,Punjabi
SCH0377,2026-03,0.802,3570.0,2,2,Govt. Middle School Gandhi,Patiala,Nabha,193,Higher Secondary,Punjabi
SCH0378,2025-04,10900.0,3144.0,2,2,Govt. Middle School Mitter,Amritsar,Amritsar-II,266,Higher Secondary,Hindi
SCH0378,2025-05,1.8800000000000001,6848.0,2,2,Govt. Middle School Mitter,Amritsar,Amritsar-II,266,Higher Secondary,Hindi
SCH0378,2025-07,137.9,14136.0,4,4,Govt. Middle School Mitter,Amritsar,Amritsar-II,266,Higher Secondary,Hindi
SCH0378,2025-08,55.5,2220.0,1,1,Govt. Middle School Mitter,Amritsar,Amritsar-II,266,Higher Secondary,Hindi
SCH0378,2025-09,50100.0,6517.0,2,2,Govt. Middle School Mitter,Amritsar,Amritsar-II,266,Higher Secondary,Hindi
SCH0378,2025-12,15700.752,0.0,2,2,Govt. Middle School Mitter,Amritsar,Amritsar-II,266,Higher Secondary,Hindi
SCH0378,2026-01,48500.0,4713.0,2,2,Govt. Middle School Mitter,Amritsar,Amritsar-II,266,Higher Secondary,Hindi
SCH0378,2026-02,34413.208,5424.0,3,3,Govt. Middle School Mitter,Amritsar,Amritsar-II,266,Higher Secondary,Hindi
SCH0378,2026-03,41047.6,10632.0,2,2,Govt. Middle School Mitter,Amritsar,Amritsar-II,266,Higher Secondary,Hindi
SCH0379,2025-04,49900.0,1497.0,1,1,Govt. Primary School Balay,Jalandhar,Jalandhar-I,199,Higher Secondary,Hindi
SCH0379,2025-05,0.942,13548.0,4,4,Govt. Primary School Balay,Jalandhar,Jalandhar-I,199,Higher Secondary,Hindi
SCH0379,2025-06,1.034,1095.0,2,2,Govt. Primary School Balay,Jalandhar,Jalandhar-I,199,Higher Secondary,Hindi
SCH0379,2025-09,32955.9,5677.0,3,3,Govt. Primary School Balay,Jalandhar,Jalandhar-I,199,Higher Secondary,Hindi
SCH0379,2025-10,0.0,2020.0,1,1,Govt. Primary School Balay,Jalandhar,Jalandhar-I,199,Higher Secondary,Hindi
SCH0379,2025-11,11.0,1320.0,1,1,Govt. Primary School Balay,Jalandhar,Jalandhar-I,199,Higher Secondary,Hindi
SCH0379,2026-02,19339.9,5971.0,3,3,Govt. Primary School Balay,Jalandhar,Jalandhar-I,199,Higher Secondary,Hindi
SCH0379,2026-03,0.0,5700.0,1,1,Govt. Primary School Balay,Jalandhar,Jalandhar-I,199,Higher Secondary,Hindi
SCH0380,2025-04,0.0,3816.0,1,1,Govt. Middle School Minhas,Ludhiana,Ludhiana-II,56,Secondary,Punjabi
SCH0380,2025-05,74.9,2653.0,2,2,Govt. Middle School Minhas,Ludhiana,Ludhiana-II,56,Secondary,Punjabi
SCH0380,2025-06,55500.0,6660.0,1,1,Govt. Middle School Minhas,Ludhiana,Ludhiana-II,56,Secondary,Punjabi
SCH0380,2025-07,21.836,4391.0,3,2,Govt. Middle School Minhas,Ludhiana,Ludhiana-II,56,Secondary,Punjabi
SCH0380,2025-08,63.300000000000004,5319.0,4,3,Govt. Middle School Minhas,Ludhiana,Ludhiana-II,56,Secondary,Punjabi
SCH0380,2025-11,49.5,1980.0,1,1,Govt. Middle School Minhas,Ludhiana,Ludhiana-II,56,Secondary,Punjabi
SCH0380,2026-02,26900.0,4293.0,2,2,Govt. Middle School Minhas,Ludhiana,Ludhiana-II,56,Secondary,Punjabi
SCH0380,2026-03,1.038,7653.0,2,2,Govt. Middle School Minhas,Ludhiana,Ludhiana-II,56,Secondary,Punjabi
SCH0381,2025-04,0.504,3024.0,1,1,Govt. Elementary School Varma,Unknown,Ferozepur,388,Secondary,Punjabi
SCH0381,2025-05,57800.0,6936.0,1,1,Govt. Elementary School Varma,Unknown,Ferozepur,388,Secondary,Punjabi
SCH0381,2025-07,16000.0,1920.0,1,1,Govt. Elementary School Varma,Unknown,Ferozepur,388,Secondary,Punjabi
SCH0381,2025-08,59100.0,6252.0,2,2,Govt. Elementary School Varma,Unknown,Ferozepur,388,Secondary,Punjabi
SCH0381,2025-09,52000.774,5563.0,2,2,Govt. Elementary School Varma,Unknown,Ferozepur,388,Secondary,Punjabi
SCH0381,2025-10,11000.0,330.0,1,1,Govt. Elementary School Varma,Unknown,Ferozepur,388,Secondary,Punjabi
SCH0381,2025-11,41900.0,3771.0,1,1,Govt. Elementary School Varma,Unknown,Ferozepur,388,Secondary,Punjabi
SCH0381,2025-12,103.4,14673.0,4,4,Govt. Elementary School Varma,Unknown,Ferozepur,388,Secondary,Punjabi
SCH0381,2026-01,27038.5,13259.0,4,4,Govt. Elementary School Varma,Unknown,Ferozepur,388,Secondary,Punjabi
SCH0381,2026-02,31.4,942.0,1,1,Govt. Elementary School Varma,Unknown,Ferozepur,388,Secondary,Punjabi
SCH0382,2025-04,79348.2,4244.0,3,3,Govt. Primary School Lanka,Moga,Bagha Purana,123,Secondary,Punjabi
SCH0382,2025-07,34800.0,5487.0,2,2,Govt. Primary School Lanka,Moga,Bagha Purana,123,Secondary,Punjabi
SCH0382,2025-10,101500.0,10039.0,3,3,Govt. Primary School Lanka,Moga,Bagha Purana,123,Secondary,Punjabi
SCH0382,2025-12,0.388,2397.0,2,2,Govt. Primary School Lanka,Moga,Bagha Purana,123,Secondary,Punjabi
SCH0382,2026-01,90.4,6361.0,2,2,Govt. Primary School Lanka,Moga,Bagha Purana,123,Secondary,Punjabi
SCH0382,2026-02,45658.51,9849.0,4,4,Govt. Primary School Lanka,Moga,Bagha Purana,123,Secondary,Punjabi
SCH0382,2026-03,0.382,1719.0,1,1,Govt. Primary School Lanka,Moga,Bagha Purana,123,Secondary,Punjabi
SCH0383,2025-04,53.2,6513.0,2,2,Govt. Senior Secondary School Sama,Ludhiana,Ludhiana-II,332,Upper Primary,English
SCH0383,2025-06,38355.8,6270.0,2,2,Govt. Senior Secondary School Sama,Ludhiana,Ludhiana-II,332,Upper Primary,English
SCH0383,2025-07,28.7,861.0,1,1,Govt. Senior Secondary School Sama,Ludhiana,Ludhiana-II,332,Upper Primary,English
SCH0383,2025-08,0.0,4500.0,1,1,Govt. Senior Secondary School Sama,Ludhiana,Ludhiana-II,332,Upper Primary,English
SCH0383,2025-09,0.0,0.0,1,1,Govt. Senior Secondary School Sama,Ludhiana,Ludhiana-II,332,Upper Primary,English
SCH0383,2025-10,0.0,0.0,1,1,Govt. Senior Secondary School Sama,Ludhiana,Ludhiana-II,332,Upper Primary,English
SCH0383,2025-11,24832.573999999997,5844.0,4,3,Govt. Senior Secondary School Sama,Ludhiana,Ludhiana-II,332,Upper Primary,English
SCH0383,2025-12,0.662,1324.0,1,1,Govt. Senior Secondary School Sama,Ludhiana,Ludhiana-II,332,Upper Primary,English
SCH0383,2026-01,33623.8,7266.0,4,4,Govt. Senior Secondary School Sama,Ludhiana,Ludhiana-II,332,Upper Primary,English
SCH0383,2026-03,11411.736,4449.0,4,4,Govt. Senior Secondary School Sama,Ludhiana,Ludhiana-II,332,Upper Primary,English
SCH0384,2025-04,44.4,3996.0,1,1,Govt. Senior Secondary School Parekh,Ferozepur,Ferozepur,439,Primary,Hindi
SCH0384,2025-05,0.884,5304.0,1,1,Govt. Senior Secondary School Parekh,Ferozepur,Ferozepur,439,Primary,Hindi
SCH0384,2025-06,0.0,3339.0,1,1,Govt. Senior Secondary School Parekh,Ferozepur,Ferozepur,439,Primary,Hindi
SCH0384,2025-07,22000.44,5848.0,4,3,Govt. Senior Secondary School Parekh,Ferozepur,Ferozepur,439,Primary,Hindi
SCH0384,2025-08,1.106,6636.0,1,1,Govt. Senior Secondary School Parekh,Ferozepur,Ferozepur,439,Primary,Hindi
SCH0384,2025-09,0.868,1736.0,1,1,Govt. Senior Secondary School Parekh,Ferozepur,Ferozepur,439,Primary,Hindi
SCH0384,2025-10,93.6,6129.0,2,2,Govt. Senior Secondary School Parekh,Ferozepur,Ferozepur,439,Primary,Hindi
SCH0384,2025-11,0.0,1998.0,1,1,Govt. Senior Secondary School Parekh,Ferozepur,Ferozepur,439,Primary,Hindi
SCH0384,2025-12,14.4,432.0,1,1,Govt. Senior Secondary School Parekh,Ferozepur,Ferozepur,439,Primary,Hindi
SCH0384,2026-01,0.0,4923.0,1,1,Govt. Senior Secondary School Parekh,Ferozepur,Ferozepur,439,Primary,Hindi
SCH0384,2026-02,48400.0,5808.0,1,1,Govt. Senior Secondary School Parekh,Ferozepur,Ferozepur,439,Primary,Hindi
SCH0384,2026-03,27401.024,7074.0,2,2,Govt. Senior Secondary School Parekh,Ferozepur,Ferozepur,439,Primary,Hindi
SCH0385,2025-06,1.072,3156.0,2,2,Govt. Middle School Mane,Ludhiana,Ludhiana-II,169,Secondary,Punjabi
SCH0385,2025-07,52.458,6933.0,2,2,Govt. Middle School Mane,Ludhiana,Ludhiana-II,169,Secondary,Punjabi
SCH0385,2025-08,0.828,1242.0,1,1,Govt. Middle School Mane,Ludhiana,Ludhiana-II,169,Secondary,Punjabi
SCH0385,2025-09,1.128,1692.0,1,1,Govt. Middle School Mane,Ludhiana,Ludhiana-II,169,Secondary,Punjabi
SCH0385,2025-10,23.092,6168.0,2,2,Govt. Middle School Mane,Ludhiana,Ludhiana-II,169,Secondary,Punjabi
SCH0385,2025-11,24.9,2535.0,2,2,Govt. Middle School Mane,Ludhiana,Ludhiana-II,169,Secondary,Punjabi
SCH0385,2025-12,0.636,1272.0,1,1,Govt. Middle School Mane,Ludhiana,Ludhiana-II,169,Secondary,Punjabi
SCH0385,2026-01,14.3,1287.0,1,1,Govt. Middle School Mane,Ludhiana,Ludhiana-II,169,Secondary,Punjabi
SCH0385,2026-02,0.0,0.0,1,1,Govt. Middle School Mane,Ludhiana,Ludhiana-II,169,Secondary,Punjabi
SCH0385,2026-03,35100.0,4341.0,2,2,Govt. Middle School Mane,Ludhiana,Ludhiana-II,169,Secondary,Punjabi
SCH0386,2025-04,0.542,2439.0,1,1,Govt. Elementary School Sama,Moga,Nihal Singh Wala,169,Secondary,Punjabi
SCH0386,2025-05,77.30000000000001,11991.0,3,3,Govt. Elementary School Sama,Moga,Nihal Singh Wala,169,Secondary,Punjabi
SCH0386,2025-06,0.0,4572.0,1,1,Govt. Elementary School Sama,Moga,Nihal Singh Wala,169,Secondary,Punjabi
SCH0386,2025-07,62728.3,13823.0,7,5,Govt. Elementary School Sama,Moga,Nihal Singh Wala,169,Secondary,Punjabi
SCH0386,2025-08,0.352,2472.0,2,1,Govt. Elementary School Sama,Moga,Nihal Singh Wala,169,Secondary,Punjabi
SCH0386,2025-09,0.0,12324.0,2,2,Govt. Elementary School Sama,Moga,Nihal Singh Wala,169,Secondary,Punjabi
SCH0386,2025-10,18951.4,5382.0,2,2,Govt. Elementary School Sama,Moga,Nihal Singh Wala,169,Secondary,Punjabi
SCH0386,2025-11,44.456,4820.0,3,3,Govt. Elementary School Sama,Moga,Nihal Singh Wala,169,Secondary,Punjabi
SCH0386,2025-12,74200.0,8424.0,3,3,Govt. Elementary School Sama,Moga,Nihal Singh Wala,169,Secondary,Punjabi
SCH0386,2026-01,57400.328,7134.0,2,2,Govt. Elementary School Sama,Moga,Nihal Singh Wala,169,Secondary,Punjabi
SCH0386,2026-02,21.7,1953.0,1,1,Govt. Elementary School Sama,Moga,Nihal Singh Wala,169,Secondary,Punjabi
SCH0386,2026-03,24152.2,7707.0,5,3,Govt. Elementary School Sama,Moga,Nihal Singh Wala,169,Secondary,Punjabi
SCH0387,2025-04,52900.0,7374.0,3,3,Govt. Middle School Varty,Moga,Bagha Purana,192,Higher Secondary,English
SCH0387,2025-05,59.5,2380.0,1,1,Govt. Middle School Varty,Moga,Bagha Purana,192,Higher Secondary,English
SCH0387,2025-06,55.434,19364.0,5,4,Govt. Middle School Varty,Moga,Bagha Purana,192,Higher Secondary,English
SCH0387,2025-07,31136.468,8372.0,3,3,Govt. Middle School Varty,Moga,Bagha Purana,192,Higher Secondary,English
SCH0387,2025-09,73500.0,5580.0,2,2,Govt. Middle School Varty,Moga,Bagha Purana,192,Higher Secondary,English
SCH0387,2025-10,0.0,5595.0,2,2,Govt. Middle School Varty,Moga,Bagha Purana,192,Higher Secondary,English
SCH0387,2025-11,20.8,624.0,1,1,Govt. Middle School Varty,Moga,Bagha Purana,192,Higher Secondary,English
SCH0387,2025-12,12.922,6465.0,2,2,Govt. Middle School Varty,Moga,Bagha Purana,192,Higher Secondary,English
SCH0387,2026-01,64700.0,5823.0,2,2,Govt. Middle School Varty,Moga,Bagha Purana,192,Higher Secondary,English
SCH0387,2026-02,0.0,2184.0,1,1,Govt. Middle School Varty,Moga,Bagha Purana,192,Higher Secondary,English
SCH0387,2026-03,12800.0,1152.0,1,1,Govt. Middle School Varty,Moga,Bagha Purana,192,Higher Secondary,English
SCH0388,2025-04,23693.3,7010.0,4,4,Govt. Elementary School Saini,Bathinda,Rampura Phul,136,Upper Primary,Hindi
SCH0388,2025-05,46.2,1848.0,1,1,Govt. Elementary School Saini,Bathinda,Rampura Phul,136,Upper Primary,Hindi
SCH0388,2025-07,54860.4,7628.0,3,3,Govt. Elementary School Saini,Bathinda,Rampura Phul,136,Upper Primary,Hindi
SCH0388,2025-09,1.13,10359.0,2,2,Govt. Elementary School Saini,Bathinda,Rampura Phul,136,Upper Primary,Hindi
SCH0388,2025-10,57358.403999999995,9258.0,4,3,Govt. Elementary School Saini,Bathinda,Rampura Phul,136,Upper Primary,Hindi
SCH0388,2025-11,0.612,2754.0,1,1,Govt. Elementary School Saini,Bathinda,Rampura Phul,136,Upper Primary,Hindi
SCH0388,2025-12,36143.6,7173.0,2,2,Govt. Elementary School Saini,Bathinda,Rampura Phul,136,Upper Primary,Hindi
SCH0388,2026-01,22.5,2903.0,2,2,Govt. Elementary School Saini,Bathinda,Rampura Phul,136,Upper Primary,Hindi
SCH0388,2026-02,0.984,5904.0,1,1,Govt. Elementary School Saini,Bathinda,Rampura Phul,136,Upper Primary,Hindi
SCH0388,2026-03,17100.0,3787.0,2,2,Govt. Elementary School Saini,Bathinda,Rampura Phul,136,Upper Primary,Hindi
SCH0389,2025-04,18.7,9351.0,3,3,Govt. Primary School Borra,Ludhiana,Machhiwara,191,Higher Secondary,Hindi
SCH0389,2025-06,35.412,6142.0,4,3,Govt. Primary School Borra,Ludhiana,Machhiwara,191,Higher Secondary,Hindi
SCH0389,2025-07,0.0,3153.0,3,3,Govt. Primary School Borra,Ludhiana,Machhiwara,191,Higher Secondary,Hindi
SCH0389,2025-08,20.247999999999998,2910.0,2,2,Govt. Primary School Borra,Ludhiana,Machhiwara,191,Higher Secondary,Hindi
SCH0389,2025-10,37.1,1113.0,1,1,Govt. Primary School Borra,Ludhiana,Machhiwara,191,Higher Secondary,Hindi
SCH0389,2025-11,0.0,2322.0,1,1,Govt. Primary School Borra,Ludhiana,Machhiwara,191,Higher Secondary,Hindi
SCH0389,2025-12,47600.28,6972.0,2,2,Govt. Primary School Borra,Ludhiana,Machhiwara,191,Higher Secondary,Hindi
SCH0389,2026-01,48.0,2877.0,2,2,Govt. Primary School Borra,Ludhiana,Machhiwara,191,Higher Secondary,Hindi
SCH0390,2025-04,11300.0,1017.0,1,1,Govt. Middle School Dutt,Patiala,Samana,411,Higher Secondary,Hindi
SCH0390,2025-05,0.0,2097.0,1,1,Govt. Middle School Dutt,Patiala,Samana,411,Higher Secondary,Hindi
SCH0390,2025-06,49763.6,7867.0,5,4,Govt. Middle School Dutt,Patiala,Samana,411,Higher Secondary,Hindi
SCH0390,2025-07,10.5,945.0,1,1,Govt. Middle School Dutt,Patiala,Samana,411,Higher Secondary,Hindi
SCH0390,2025-08,0.356,1083.0,3,3,Govt. Middle School Dutt,Patiala,Samana,411,Higher Secondary,Hindi
SCH0390,2025-09,17.1,5409.0,2,2,Govt. Middle School Dutt,Patiala,Samana,411,Higher Secondary,Hindi
SCH0390,2025-10,43.318,2502.0,3,2,Govt. Middle School Dutt,Patiala,Samana,411,Higher Secondary,Hindi
SCH0390,2025-11,47637.2,9060.0,2,2,Govt. Middle School Dutt,Patiala,Samana,411,Higher Secondary,Hindi
SCH0390,2025-12,0.354,2124.0,1,1,Govt. Middle School Dutt,Patiala,Samana,411,Higher Secondary,Hindi
SCH0390,2026-01,0.7559999999999999,6960.0,2,2,Govt. Middle School Dutt,Patiala,Samana,411,Higher Secondary,Hindi
SCH0390,2026-02,44400.938,12369.0,3,3,Govt. Middle School Dutt,Patiala,Samana,411,Higher Secondary,Hindi
SCH0391,2025-04,26800.0,3216.0,1,1,Govt. Senior Secondary School Lad,Jalandhar,Nakodar,89,Secondary,English
SCH0391,2025-05,45.046,10236.0,2,1,Govt. Senior Secondary School Lad,Jalandhar,Nakodar,89,Secondary,English
SCH0391,2025-06,0.0,309.0,1,1,Govt. Senior Secondary School Lad,Jalandhar,Nakodar,89,Secondary,English
SCH0391,2025-07,0.0,1662.0,1,1,Govt. Senior Secondary School Lad,Jalandhar,Nakodar,89,Secondary,English
SCH0391,2025-08,44.992,3393.0,3,3,Govt. Senior Secondary School Lad,Jalandhar,Nakodar,89,Secondary,English
SCH0391,2025-09,79.8,5094.0,2,2,Govt. Senior Secondary School Lad,Jalandhar,Nakodar,89,Secondary,English
SCH0391,2025-10,0.0,3753.0,1,1,Govt. Senior Secondary School Lad,Jalandhar,Nakodar,89,Secondary,English
SCH0391,2025-11,0.0,1497.0,1,1,Govt. Senior Secondary School Lad,Jalandhar,Nakodar,89,Secondary,English
SCH0391,2025-12,52.8,3912.0,2,2,Govt. Senior Secondary School Lad,Jalandhar,Nakodar,89,Secondary,English
SCH0391,2026-01,1.078,6468.0,1,1,Govt. Senior Secondary School Lad,Jalandhar,Nakodar,89,Secondary,English
SCH0391,2026-02,20300.0,812.0,1,1,Govt. Senior Secondary School Lad,Jalandhar,Nakodar,89,Secondary,English
SCH0391,2026-03,82.8,6048.0,2,2,Govt. Senior Secondary School Lad,Jalandhar,Nakodar,89,Secondary,English
SCH0392,2025-05,51994.0,6765.0,4,3,Govt. Middle School Kara,Amritsar,Amritsar-II,221,Secondary,Hindi
SCH0392,2025-06,0.326,1467.0,1,1,Govt. Middle School Kara,Amritsar,Amritsar-II,221,Secondary,Hindi
SCH0392,2025-07,52925.6,9608.0,4,3,Govt. Middle School Kara,Amritsar,Amritsar-II,221,Secondary,Hindi
SCH0392,2025-08,20300.0,1252.0,2,2,Govt. Middle School Kara,Amritsar,Amritsar-II,221,Secondary,Hindi
SCH0392,2025-09,54.112,5994.0,5,4,Govt. Middle School Kara,Amritsar,Amritsar-II,221,Secondary,Hindi
SCH0392,2025-10,17100.0,5022.0,2,2,Govt. Middle School Kara,Amritsar,Amritsar-II,221,Secondary,Hindi
SCH0392,2025-11,1.01,1749.0,2,2,Govt. Middle School Kara,Amritsar,Amritsar-II,221,Secondary,Hindi
SCH0392,2025-12,47639.4,3480.0,2,2,Govt. Middle School Kara,Amritsar,Amritsar-II,221,Secondary,Hindi
SCH0392,2026-01,0.596,6276.0,3,3,Govt. Middle School Kara,Amritsar,Amritsar-II,221,Secondary,Hindi
SCH0392,2026-03,36.6,5310.0,2,2,Govt. Middle School Kara,Amritsar,Amritsar-II,221,Secondary,Hindi
SCH0393,2025-04,55097.4,9248.0,4,3,Govt. Senior Secondary School Bava,Bathinda,Talwandi Sabo,100,Primary,Punjabi
SCH0393,2025-05,43700.0,1311.0,1,1,Govt. Senior Secondary School Bava,Bathinda,Talwandi Sabo,100,Primary,Punjabi
SCH0393,2025-07,47.3,10082.0,3,3,Govt. Senior Secondary School Bava,Bathinda,Talwandi Sabo,100,Primary,Punjabi
SCH0393,2025-09,70.46600000000001,6510.0,3,3,Govt. Senior Secondary School Bava,Bathinda,Talwandi Sabo,100,Primary,Punjabi
SCH0393,2025-10,0.0,2871.0,2,2,Govt. Senior Secondary School Bava,Bathinda,Talwandi Sabo,100,Primary,Punjabi
SCH0393,2025-11,0.882,1104.0,2,2,Govt. Senior Secondary School Bava,Bathinda,Talwandi Sabo,100,Primary,Punjabi
SCH0393,2026-01,38.599999999999994,1265.0,2,2,Govt. Senior Secondary School Bava,Bathinda,Talwandi Sabo,100,Primary,Punjabi
SCH0393,2026-03,0.0,3204.0,1,1,Govt. Senior Secondary School Bava,Bathinda,Talwandi Sabo,100,Primary,Punjabi
SCH0394,2025-04,1.014,1521.0,1,1,Govt. Senior Secondary School Bala,Bathinda,Talwandi Sabo,67,Upper Primary,Hindi
SCH0394,2025-05,49.0,7617.0,2,2,Govt. Senior Secondary School Bala,Bathinda,Talwandi Sabo,67,Upper Primary,Hindi
SCH0394,2025-06,0.28,1680.0,1,1,Govt. Senior Secondary School Bala,Bathinda,Talwandi Sabo,67,Upper Primary,Hindi
SCH0394,2025-07,0.0,3262.0,3,3,Govt. Senior Secondary School Bala,Bathinda,Talwandi Sabo,67,Upper Primary,Hindi
SCH0394,2025-08,10400.696,4176.0,2,2,Govt. Senior Secondary School Bala,Bathinda,Talwandi Sabo,67,Upper Primary,Hindi
SCH0394,2025-09,57800.0,6936.0,1,1,Govt. Senior Secondary School Bala,Bathinda,Talwandi Sabo,67,Upper Primary,Hindi
SCH0394,2025-10,0.408,612.0,1,1,Govt. Senior Secondary School Bala,Bathinda,Talwandi Sabo,67,Upper Primary,Hindi
SCH0394,2025-11,119.0,7932.0,3,2,Govt. Senior Secondary School Bala,Bathinda,Talwandi Sabo,67,Upper Primary,Hindi
SCH0394,2025-12,11200.0,7176.0,2,2,Govt. Senior Secondary School Bala,Bathinda,Talwandi Sabo,67,Upper Primary,Hindi
SCH0394,2026-01,39.906,7485.0,3,2,Govt. Senior Secondary School Bala,Bathinda,Talwandi Sabo,67,Upper Primary,Hindi
SCH0394,2026-02,0.722,3249.0,1,1,Govt. Senior Secondary School Bala,Bathinda,Talwandi Sabo,67,Upper Primary,Hindi
SCH0395,2025-04,26800.0,4578.0,3,3,Govt. Elementary School Bose,Sangrur,Sunam,201,Upper Primary,Hindi
SCH0395,2025-06,48100.0,4329.0,1,1,Govt. Elementary School Bose,Sangrur,Sunam,201,Upper Primary,Hindi
SCH0395,2025-07,0.0,1476.0,1,1,Govt. Elementary School Bose,Sangrur,Sunam,201,Upper Primary,Hindi
SCH0395,2025-08,1.096,1644.0,1,1,Govt. Elementary School Bose,Sangrur,Sunam,201,Upper Primary,Hindi
SCH0395,2025-09,0.0,2252.0,1,1,Govt. Elementary School Bose,Sangrur,Sunam,201,Upper Primary,Hindi
SCH0395,2025-10,58.7,1761.0,1,1,Govt. Elementary School Bose,Sangrur,Sunam,201,Upper Primary,Hindi
SCH0395,2025-11,25701.084,9150.0,3,3,Govt. Elementary School Bose,Sangrur,Sunam,201,Upper Primary,Hindi
SCH0395,2025-12,0.842,4308.0,2,2,Govt. Elementary School Bose,Sangrur,Sunam,201,Upper Primary,Hindi
SCH0395,2026-01,0.0,1827.0,1,1,Govt. Elementary School Bose,Sangrur,Sunam,201,Upper Primary,Hindi
SCH0396,2025-05,73.7,2481.0,2,2,Govt. Senior Secondary School Deshmukh,Moga,Moga-I,42,Upper Primary,Hindi
SCH0396,2025-06,51.0,4590.0,1,1,Govt. Senior Secondary School Deshmukh,Moga,Moga-I,42,Upper Primary,Hindi
SCH0396,2025-08,0.0,5625.0,2,2,Govt. Senior Secondary School Deshmukh,Moga,Moga-I,42,Upper Primary,Hindi
SCH0396,2025-09,16401.28,8336.0,3,2,Govt. Senior Secondary School Deshmukh,Moga,Moga-I,42,Upper Primary,Hindi
SCH0396,2025-11,0.0,2160.0,1,1,Govt. Senior Secondary School Deshmukh,Moga,Moga-I,42,Upper Primary,Hindi
SCH0396,2025-12,0.0,3820.0,3,3,Govt. Senior Secondary School Deshmukh,Moga,Moga-I,42,Upper Primary,Hindi
SCH0396,2026-01,59921.95,12943.0,4,3,Govt. Senior Secondary School Deshmukh,Moga,Moga-I,42,Upper Primary,Hindi
SCH0396,2026-02,55400.464,5000.0,2,2,Govt. Senior Secondary School Deshmukh,Moga,Moga-I,42,Upper Primary,Hindi
SCH0396,2026-03,44400.662,9300.0,2,2,Govt. Senior Secondary School Deshmukh,Moga,Moga-I,42,Upper Primary,Hindi
SCH0397,2025-04,1.524,6516.0,2,2,Govt. Elementary School Raghavan,Sangrur,Sangrur,106,Higher Secondary,Punjabi
SCH0397,2025-05,11113.014,5835.0,3,3,Govt. Elementary School Raghavan,Sangrur,Sangrur,106,Higher Secondary,Punjabi
SCH0397,2025-06,37000.0,2838.0,3,3,Govt. Elementary School Raghavan,Sangrur,Sangrur,106,Higher Secondary,Punjabi
SCH0397,2025-07,58730.932,7652.0,4,4,Govt. Elementary School Raghavan,Sangrur,Sangrur,106,Higher Secondary,Punjabi
SCH0397,2025-08,59859.4,8922.0,2,2,Govt. Elementary School Raghavan,Sangrur,Sangrur,106,Higher Secondary,Punjabi
SCH0397,2025-09,46.828,3496.0,2,2,Govt. Elementary School Raghavan,Sangrur,Sangrur,106,Higher Secondary,Punjabi
SCH0397,2025-10,23.5,4324.0,2,2,Govt. Elementary School Raghavan,Sangrur,Sangrur,106,Higher Secondary,Punjabi
SCH0397,2025-11,17600.314,2588.0,2,2,Govt. Elementary School Raghavan,Sangrur,Sangrur,106,Higher Secondary,Punjabi
SCH0397,2025-12,44.8,4032.0,1,1,Govt. Elementary School Raghavan,Sangrur,Sangrur,106,Higher Secondary,Punjabi
SCH0397,2026-02,0.0,2460.0,1,1,Govt. Elementary School Raghavan,Sangrur,Sangrur,106,Higher Secondary,Punjabi
SCH0397,2026-03,12433.8,6560.0,3,2,Govt. Elementary School Raghavan,Sangrur,Sangrur,106,Higher Secondary,Punjabi
SCH0398,2025-04,0.0,1064.0,1,1,Govt. Primary School Narasimhan,Patiala,Samana,47,Upper Primary,Hindi
SCH0398,2025-05,0.202,303.0,1,1,Govt. Primary School Narasimhan,Patiala,Samana,47,Upper Primary,Hindi
SCH0398,2025-06,11700.0,1404.0,1,1,Govt. Primary School Narasimhan,Patiala,Samana,47,Upper Primary,Hindi
SCH0398,2025-07,36600.942,8946.0,2,2,Govt. Primary School Narasimhan,Patiala,Samana,47,Upper Primary,Hindi
SCH0398,2025-08,51490.494,12099.0,4,3,Govt. Primary School Narasimhan,Patiala,Samana,47,Upper Primary,Hindi
SCH0398,2025-09,14300.0,7911.0,3,3,Govt. Primary School Narasimhan,Patiala,Samana,47,Upper Primary,Hindi
SCH0398,2025-10,0.0,2642.0,2,2,Govt. Primary School Narasimhan,Patiala,Samana,47,Upper Primary,Hindi
SCH0398,2025-11,0.0,1359.0,1,1,Govt. Primary School Narasimhan,Patiala,Samana,47,Upper Primary,Hindi
SCH0398,2026-01,90.3,3139.0,2,2,Govt. Primary School Narasimhan,Patiala,Samana,47,Upper Primary,Hindi
SCH0398,2026-02,36701.65,13165.0,4,4,Govt. Primary School Narasimhan,Patiala,Samana,47,Upper Primary,Hindi
SCH0398,2026-03,37.388000000000005,8576.0,2,2,Govt. Primary School Narasimhan,Patiala,Samana,47,Upper Primary,Hindi
SCH0399,2025-04,0.0,876.0,1,1,Govt. Middle School Konda,Patiala,Samana,199,Higher Secondary,Punjabi
SCH0399,2025-05,12.6,5236.0,3,3,Govt. Middle School Konda,Patiala,Samana,199,Higher Secondary,Punjabi
SCH0399,2025-06,15700.0,0.0,1,1,Govt. Middle School Konda,Patiala,Samana,199,Higher Secondary,Punjabi
SCH0399,2025-07,87.8,4155.0,3,3,Govt. Middle School Konda,Patiala,Samana,199,Higher Secondary,Punjabi
SCH0399,2025-08,45.331999999999994,16711.0,5,4,Govt. Middle School Konda,Patiala,Samana,199,Higher Secondary,Punjabi
SCH0399,2025-09,0.0,1086.0,2,2,Govt. Middle School Konda,Patiala,Samana,199,Higher Secondary,Punjabi
SCH0399,2025-10,0.0,6333.0,3,3,Govt. Middle School Konda,Patiala,Samana,199,Higher Secondary,Punjabi
SCH0399,2025-11,1.068,6408.0,1,1,Govt. Middle School Konda,Patiala,Samana,199,Higher Secondary,Punjabi
SCH0399,2026-01,1.184,9732.0,2,2,Govt. Middle School Konda,Patiala,Samana,199,Higher Secondary,Punjabi
SCH0399,2026-02,19538.4,6363.0,2,2,Govt. Middle School Konda,Patiala,Samana,199,Higher Secondary,Punjabi
SCH0400,2025-04,25.1,2259.0,1,1,Govt. Senior Secondary School Sastry,Bathinda,Rampura Phul,273,Secondary,Punjabi
SCH0400,2025-05,35.8,3222.0,1,1,Govt. Senior Secondary School Sastry,Bathinda,Rampura Phul,273,Secondary,Punjabi
SCH0400,2025-06,10900.0,1308.0,1,1,Govt. Senior Secondary School Sastry,Bathinda,Rampura Phul,273,Secondary,Punjabi
SCH0400,2025-08,0.0,1304.0,1,1,Govt. Senior Secondary School Sastry,Bathinda,Rampura Phul,273,Secondary,Punjabi
SCH0400,2025-10,0.0,2573.0,2,2,Govt. Senior Secondary School Sastry,Bathinda,Rampura Phul,273,Secondary,Punjabi
SCH0400,2026-01,0.0,648.0,1,1,Govt. Senior Secondary School Sastry,Bathinda,Rampura Phul,273,Secondary,Punjabi
SCH0400,2026-02,48.6,4374.0,1,1,Govt. Senior Secondary School Sastry,Bathinda,Rampura Phul,273,Secondary,Punjabi
SCH0400,2026-03,11400.0,3612.0,2,2,Govt. Senior Secondary School Sastry,Bathinda,Rampura Phul,273,Secondary,Punjabi
SCH0401,2025-04,2.9579999999999997,8365.0,3,3,Govt. Senior Secondary School Sunder,Moga,Moga-II,124,Higher Secondary,Hindi
SCH0401,2025-05,55700.0,6905.0,2,2,Govt. Senior Secondary School Sunder,Moga,Moga-II,124,Higher Secondary,Hindi
SCH0401,2025-06,25900.0,2331.0,1,1,Govt. Senior Secondary School Sunder,Moga,Moga-II,124,Higher Secondary,Hindi
SCH0401,2025-07,15.491999999999999,3536.0,2,2,Govt. Senior Secondary School Sunder,Moga,Moga-II,124,Higher Secondary,Hindi
SCH0401,2025-08,64956.1,11658.0,4,3,Govt. Senior Secondary School Sunder,Moga,Moga-II,124,Higher Secondary,Hindi
SCH0401,2025-09,0.0,4239.0,1,1,Govt. Senior Secondary School Sunder,Moga,Moga-II,124,Higher Secondary,Hindi
SCH0401,2025-11,52.722,7047.0,3,2,Govt. Senior Secondary School Sunder,Moga,Moga-II,124,Higher Secondary,Hindi
SCH0401,2026-01,11446.9,2775.0,2,2,Govt. Senior Secondary School Sunder,Moga,Moga-II,124,Higher Secondary,Hindi
SCH0401,2026-02,31829.2,5738.0,3,3,Govt. Senior Secondary School Sunder,Moga,Moga-II,124,Higher Secondary,Hindi
SCH0401,2026-03,1.128,5076.0,1,1,Govt. Senior Secondary School Sunder,Moga,Moga-II,124,Higher Secondary,Hindi
SCH0402,2025-04,34100.552,6576.0,3,3,Govt. Primary School Chakraborty,Patiala,Patiala,341,Primary,English
SCH0402,2025-05,66.3,7956.0,2,2,Govt. Primary School Chakraborty,Patiala,Patiala,341,Primary,English
SCH0402,2025-06,11000.0,3224.0,3,3,Govt. Primary School Chakraborty,Patiala,Patiala,341,Primary,English
SCH0402,2025-08,59800.0,7176.0,1,1,Govt. Primary School Chakraborty,Patiala,Patiala,341,Primary,English
SCH0402,2025-09,36.7,4404.0,1,1,Govt. Primary School Chakraborty,Patiala,Patiala,341,Primary,English
SCH0402,2025-11,17214.9,2144.0,2,1,Govt. Primary School Chakraborty,Patiala,Patiala,341,Primary,English
SCH0402,2026-01,1.464,7479.0,2,2,Govt. Primary School Chakraborty,Patiala,Patiala,341,Primary,English
SCH0402,2026-03,1.068,9676.0,3,3,Govt. Primary School Chakraborty,Patiala,Patiala,341,Primary,English
SCH0403,2025-06,12300.0,1107.0,1,1,Govt. Primary School Garde,Ludhiana,Ludhiana-I,378,Primary,Punjabi
SCH0403,2025-07,59.4,2376.0,1,1,Govt. Primary School Garde,Ludhiana,Ludhiana-I,378,Primary,Punjabi
SCH0403,2025-08,49.182,7875.0,2,2,Govt. Primary School Garde,Ludhiana,Ludhiana-I,378,Primary,Punjabi
SCH0403,2025-10,38.5,4500.0,2,2,Govt. Primary School Garde,Ludhiana,Ludhiana-I,378,Primary,Punjabi
SCH0403,2025-11,45200.9,7208.0,2,2,Govt. Primary School Garde,Ludhiana,Ludhiana-I,378,Primary,Punjabi
SCH0403,2025-12,11.8,823.0,2,2,Govt. Primary School Garde,Ludhiana,Ludhiana-I,378,Primary,Punjabi
SCH0403,2026-02,22100.0,8343.0,3,3,Govt. Primary School Garde,Ludhiana,Ludhiana-I,378,Primary,Punjabi
SCH0403,2026-03,33.4,4584.0,2,2,Govt. Primary School Garde,Ludhiana,Ludhiana-I,378,Primary,Punjabi
SCH0404,2025-04,60600.0,9060.0,4,4,Govt. Primary School Keer,Amritsar,Ajnala,282,Upper Primary,Punjabi
SCH0404,2025-05,1.06,1182.0,2,2,Govt. Primary School Keer,Amritsar,Ajnala,282,Upper Primary,Punjabi
SCH0404,2025-06,1.058,0.0,2,2,Govt. Primary School Keer,Amritsar,Ajnala,282,Upper Primary,Punjabi
SCH0404,2025-08,0.574,9426.0,3,2,Govt. Primary School Keer,Amritsar,Ajnala,282,Upper Primary,Punjabi
SCH0404,2025-09,1.092,2184.0,1,1,Govt. Primary School Keer,Amritsar,Ajnala,282,Upper Primary,Punjabi
SCH0404,2025-10,33200.0,2988.0,1,1,Govt. Primary School Keer,Amritsar,Ajnala,282,Upper Primary,Punjabi
SCH0404,2026-01,114.922,9007.0,4,3,Govt. Primary School Keer,Amritsar,Ajnala,282,Upper Primary,Punjabi
SCH0404,2026-02,0.978,3690.0,2,2,Govt. Primary School Keer,Amritsar,Ajnala,282,Upper Primary,Punjabi
SCH0404,2026-03,36701.814,5096.0,3,2,Govt. Primary School Keer,Amritsar,Ajnala,282,Upper Primary,Punjabi
SCH0405,2025-04,12700.0,1143.0,1,1,Govt. Primary School Agarwal,Bathinda,Maur,254,Primary,Punjabi
SCH0405,2025-05,0.0,712.0,1,1,Govt. Primary School Agarwal,Bathinda,Maur,254,Primary,Punjabi
SCH0405,2025-06,47627.2,6800.0,2,2,Govt. Primary School Agarwal,Bathinda,Maur,254,Primary,Punjabi
SCH0405,2025-08,79.342,7945.0,5,4,Govt. Primary School Agarwal,Bathinda,Maur,254,Primary,Punjabi
SCH0405,2025-09,15100.396,5780.0,4,4,Govt. Primary School Agarwal,Bathinda,Maur,254,Primary,Punjabi
SCH0405,2025-10,29.7,2700.0,2,2,Govt. Primary School Agarwal,Bathinda,Maur,254,Primary,Punjabi
SCH0405,2025-12,38.716,8172.0,3,3,Govt. Primary School Agarwal,Bathinda,Maur,254,Primary,Punjabi
SCH0405,2026-01,64500.0,3429.0,2,2,Govt. Primary School Agarwal,Bathinda,Maur,254,Primary,Punjabi
SCH0405,2026-02,48.8,0.0,1,1,Govt. Primary School Agarwal,Bathinda,Maur,254,Primary,Punjabi
SCH0405,2026-03,0.404,5692.0,2,2,Govt. Primary School Agarwal,Bathinda,Maur,254,Primary,Punjabi
SCH0406,2025-04,31.9,1276.0,1,1,Govt. Senior Secondary School Bhattacharyya,Sangrur,Sunam,351,Secondary,Punjabi
SCH0406,2025-05,0.61,6350.0,2,2,Govt. Senior Secondary School Bhattacharyya,Sangrur,Sunam,351,Secondary,Punjabi
SCH0406,2025-06,44311.3,5004.0,2,2,Govt. Senior Secondary School Bhattacharyya,Sangrur,Sunam,351,Secondary,Punjabi
SCH0406,2025-07,83401.026,7716.0,4,2,Govt. Senior Secondary School Bhattacharyya,Sangrur,Sunam,351,Secondary,Punjabi
SCH0406,2025-08,0.43,860.0,1,1,Govt. Senior Secondary School Bhattacharyya,Sangrur,Sunam,351,Secondary,Punjabi
SCH0406,2025-09,0.5720000000000001,5668.0,2,2,Govt. Senior Secondary School Bhattacharyya,Sangrur,Sunam,351,Secondary,Punjabi
SCH0406,2025-10,34.462,3753.0,2,2,Govt. Senior Secondary School Bhattacharyya,Sangrur,Sunam,351,Secondary,Punjabi
SCH0406,2025-11,59643.1,8445.0,2,2,Govt. Senior Secondary School Bhattacharyya,Sangrur,Sunam,351,Secondary,Punjabi
SCH0406,2025-12,34.9,1396.0,1,1,Govt. Senior Secondary School Bhattacharyya,Sangrur,Sunam,351,Secondary,Punjabi
SCH0406,2026-01,58.9,4645.0,3,3,Govt. Senior Secondary School Bhattacharyya,Sangrur,Sunam,351,Secondary,Punjabi
SCH0406,2026-02,0.0,8428.0,2,2,Govt. Senior Secondary School Bhattacharyya,Sangrur,Sunam,351,Secondary,Punjabi
SCH0406,2026-03,0.4379999999999999,657.0,1,1,Govt. Senior Secondary School Bhattacharyya,Sangrur,Sunam,351,Secondary,Punjabi
SCH0407,2025-05,22.834,1268.0,3,3,Govt. Elementary School Mitter,Bathinda,Maur,60,Upper Primary,Punjabi
SCH0407,2025-06,0.43,860.0,1,1,Govt. Elementary School Mitter,Bathinda,Maur,60,Upper Primary,Punjabi
SCH0407,2025-07,51300.0,2052.0,1,1,Govt. Elementary School Mitter,Bathinda,Maur,60,Upper Primary,Punjabi
SCH0407,2025-09,25.5,1020.0,1,1,Govt. Elementary School Mitter,Bathinda,Maur,60,Upper Primary,Punjabi
SCH0407,2025-10,0.526,789.0,1,1,Govt. Elementary School Mitter,Bathinda,Maur,60,Upper Primary,Punjabi
SCH0407,2025-11,53.4,10320.0,2,2,Govt. Elementary School Mitter,Bathinda,Maur,60,Upper Primary,Punjabi
SCH0407,2026-01,1.448,6123.0,2,2,Govt. Elementary School Mitter,Bathinda,Maur,60,Upper Primary,Punjabi
SCH0407,2026-02,0.0,3960.0,1,1,Govt. Elementary School Mitter,Bathinda,Maur,60,Upper Primary,Punjabi
SCH0408,2025-04,57.4,6888.0,1,1,Govt. Primary School Salvi,Ludhiana,Ludhiana-I,96,Higher Secondary,Punjabi
SCH0408,2025-05,28.9,5394.0,2,2,Govt. Primary School Salvi,Ludhiana,Ludhiana-I,96,Higher Secondary,Punjabi
SCH0408,2025-06,105000.0,5452.0,3,3,Govt. Primary School Salvi,Ludhiana,Ludhiana-I,96,Higher Secondary,Punjabi
SCH0408,2025-07,21301.518,5346.0,3,2,Govt. Primary School Salvi,Ludhiana,Ludhiana-I,96,Higher Secondary,Punjabi
SCH0408,2025-08,55.9,6708.0,1,1,Govt. Primary School Salvi,Ludhiana,Ludhiana-I,96,Higher Secondary,Punjabi
SCH0408,2025-10,39.0,5037.0,2,2,Govt. Primary School Salvi,Ludhiana,Ludhiana-I,96,Higher Secondary,Punjabi
SCH0408,2025-11,52400.0,7008.0,2,2,Govt. Primary School Salvi,Ludhiana,Ludhiana-I,96,Higher Secondary,Punjabi
SCH0408,2026-01,0.0,1968.0,1,1,Govt. Primary School Salvi,Ludhiana,Ludhiana-I,96,Higher Secondary,Punjabi
SCH0408,2026-02,57.2,3518.0,2,2,Govt. Primary School Salvi,Ludhiana,Ludhiana-I,96,Higher Secondary,Punjabi
SCH0408,2026-03,73.94399999999999,19654.0,5,5,Govt. Primary School Salvi,Ludhiana,Ludhiana-I,96,Higher Secondary,Punjabi
SCH0409,2025-04,0.0,2934.0,1,1,Govt. Primary School Puri,Amritsar,Unknown,369,Secondary,Hindi
SCH0409,2025-06,0.0,489.0,1,1,Govt. Primary School Puri,Amritsar,Unknown,369,Secondary,Hindi
SCH0409,2025-07,0.0,8256.0,2,2,Govt. Primary School Puri,Amritsar,Unknown,369,Secondary,Hindi
SCH0409,2025-08,77001.81,16622.0,5,4,Govt. Primary School Puri,Amritsar,Unknown,369,Secondary,Hindi
SCH0409,2025-09,48.506,2586.0,3,2,Govt. Primary School Puri,Amritsar,Unknown,369,Secondary,Hindi
SCH0409,2025-12,19.6,2568.0,2,2,Govt. Primary School Puri,Amritsar,Unknown,369,Secondary,Hindi
SCH0409,2026-02,45500.0,1365.0,1,1,Govt. Primary School Puri,Amritsar,Unknown,369,Secondary,Hindi
SCH0409,2026-03,42600.0,6759.0,3,3,Govt. Primary School Puri,Amritsar,Unknown,369,Secondary,Hindi
SCH0410,2025-04,35.7,6903.0,3,3,Govt. Primary School Bath,Ludhiana,Unknown,224,Secondary,Punjabi
SCH0410,2025-07,27800.0,1112.0,1,1,Govt. Primary School Bath,Ludhiana,Unknown,224,Secondary,Punjabi
SCH0410,2025-09,0.0,2316.0,1,1,Govt. Primary School Bath,Ludhiana,Unknown,224,Secondary,Punjabi
SCH0410,2025-10,34700.0,3123.0,1,1,Govt. Primary School Bath,Ludhiana,Unknown,224,Secondary,Punjabi
SCH0410,2025-11,19.4,3488.0,2,2,Govt. Primary School Bath,Ludhiana,Unknown,224,Secondary,Punjabi
SCH0410,2025-12,29.0,2610.0,1,1,Govt. Primary School Bath,Ludhiana,Unknown,224,Secondary,Punjabi
SCH0410,2026-01,20200.784,3600.0,2,2,Govt. Primary School Bath,Ludhiana,Unknown,224,Secondary,Punjabi
SCH0410,2026-02,55.8,7446.0,2,2,Govt. Primary School Bath,Ludhiana,Unknown,224,Secondary,Punjabi
SCH0410,2026-03,35.0,1400.0,1,1,Govt. Primary School Bath,Ludhiana,Unknown,224,Secondary,Punjabi
SCH0411,2025-04,38646.6,6564.0,3,3,Govt. Elementary School Narayanan,Ludhiana,Ludhiana-II,379,Secondary,English
SCH0411,2025-05,0.0,4551.0,2,2,Govt. Elementary School Narayanan,Ludhiana,Ludhiana-II,379,Secondary,English
SCH0411,2025-06,0.984,7336.0,4,4,Govt. Elementary School Narayanan,Ludhiana,Ludhiana-II,379,Secondary,English
SCH0411,2025-07,0.0,3933.0,1,1,Govt. Elementary School Narayanan,Ludhiana,Ludhiana-II,379,Secondary,English
SCH0411,2025-08,22.27,3935.0,3,3,Govt. Elementary School Narayanan,Ludhiana,Ludhiana-II,379,Secondary,English
SCH0411,2025-09,101.496,9012.0,3,2,Govt. Elementary School Narayanan,Ludhiana,Ludhiana-II,379,Secondary,English
SCH0411,2025-11,29900.0,1697.0,2,2,Govt. Elementary School Narayanan,Ludhiana,Ludhiana-II,379,Secondary,English
SCH0411,2025-12,37200.0,1488.0,1,1,Govt. Elementary School Narayanan,Ludhiana,Ludhiana-II,379,Secondary,English
SCH0411,2026-01,0.0,5376.0,1,1,Govt. Elementary School Narayanan,Ludhiana,Ludhiana-II,379,Secondary,English
SCH0411,2026-02,0.62,5400.0,2,2,Govt. Elementary School Narayanan,Ludhiana,Ludhiana-II,379,Secondary,English
SCH0411,2026-03,52242.068,7828.0,3,3,Govt. Elementary School Narayanan,Ludhiana,Ludhiana-II,379,Secondary,English
SCH0412,2025-04,0.0,3312.0,1,1,Govt. Elementary School Anand,Amritsar,Ajnala,215,Higher Secondary,Punjabi
SCH0412,2025-05,10101.096,4245.0,3,3,Govt. Elementary School Anand,Amritsar,Ajnala,215,Higher Secondary,Punjabi
SCH0412,2025-06,40600.0,4872.0,1,1,Govt. Elementary School Anand,Amritsar,Ajnala,215,Higher Secondary,Punjabi
SCH0412,2025-07,41924.966,10709.0,4,3,Govt. Elementary School Anand,Amritsar,Ajnala,215,Higher Secondary,Punjabi
SCH0412,2025-08,0.0,3060.0,1,1,Govt. Elementary School Anand,Amritsar,Ajnala,215,Higher Secondary,Punjabi
SCH0412,2025-10,11061.542,8661.0,4,4,Govt. Elementary School Anand,Amritsar,Ajnala,215,Higher Secondary,Punjabi
SCH0412,2025-11,0.0,4932.0,1,1,Govt. Elementary School Anand,Amritsar,Ajnala,215,Higher Secondary,Punjabi
SCH0412,2025-12,17.8,2241.0,2,2,Govt. Elementary School Anand,Amritsar,Ajnala,215,Higher Secondary,Punjabi
SCH0412,2026-01,10.6,954.0,1,1,Govt. Elementary School Anand,Amritsar,Ajnala,215,Higher Secondary,Punjabi
SCH0412,2026-02,1.5640000000000003,4980.0,3,3,Govt. Elementary School Anand,Amritsar,Ajnala,215,Higher Secondary,Punjabi
SCH0412,2026-03,0.0,1602.0,1,1,Govt. Elementary School Anand,Amritsar,Ajnala,215,Higher Secondary,Punjabi
SCH0413,2025-04,0.0,4590.0,1,1,Govt. Primary School Bhatnagar,Sangrur,Dhuri,372,Upper Primary,Hindi
SCH0413,2025-05,31801.112,3178.0,2,2,Govt. Primary School Bhatnagar,Sangrur,Dhuri,372,Upper Primary,Hindi
SCH0413,2025-06,0.816,4896.0,1,1,Govt. Primary School Bhatnagar,Sangrur,Dhuri,372,Upper Primary,Hindi
SCH0413,2025-07,50700.0,6084.0,1,1,Govt. Primary School Bhatnagar,Sangrur,Dhuri,372,Upper Primary,Hindi
SCH0413,2025-08,87.6,10188.0,3,3,Govt. Primary School Bhatnagar,Sangrur,Dhuri,372,Upper Primary,Hindi
SCH0413,2025-09,18814.7,7212.0,4,4,Govt. Primary School Bhatnagar,Sangrur,Dhuri,372,Upper Primary,Hindi
SCH0413,2025-11,51751.9,3108.0,2,2,Govt. Primary School Bhatnagar,Sangrur,Dhuri,372,Upper Primary,Hindi
SCH0413,2025-12,13946.0,556.0,2,2,Govt. Primary School Bhatnagar,Sangrur,Dhuri,372,Upper Primary,Hindi
SCH0413,2026-01,31740.386,9060.0,3,2,Govt. Primary School Bhatnagar,Sangrur,Dhuri,372,Upper Primary,Hindi
SCH0413,2026-03,15.558,1434.0,3,2,Govt. Primary School Bhatnagar,Sangrur,Dhuri,372,Upper Primary,Hindi
SCH0414,2025-04,53101.130000000005,7884.0,3,3,Govt. Elementary School Goyal,Amritsar,Tarn Taran,342,Higher Secondary,Hindi
SCH0414,2025-06,22542.302,2203.0,5,3,Govt. Elementary School Goyal,Amritsar,Tarn Taran,342,Higher Secondary,Hindi
SCH0414,2025-07,0.0,1200.0,1,1,Govt. Elementary School Goyal,Amritsar,Tarn Taran,342,Higher Secondary,Hindi
SCH0414,2025-08,22.9,2061.0,1,1,Govt. Elementary School Goyal,Amritsar,Tarn Taran,342,Higher Secondary,Hindi
SCH0414,2025-10,0.0,1803.0,2,2,Govt. Elementary School Goyal,Amritsar,Tarn Taran,342,Higher Secondary,Hindi
SCH0414,2025-11,0.0,1509.0,1,1,Govt. Elementary School Goyal,Amritsar,Tarn Taran,342,Higher Secondary,Hindi
SCH0414,2025-12,24.1,6069.0,2,2,Govt. Elementary School Goyal,Amritsar,Tarn Taran,342,Higher Secondary,Hindi
SCH0414,2026-01,38.8,4656.0,2,2,Govt. Elementary School Goyal,Amritsar,Tarn Taran,342,Higher Secondary,Hindi
SCH0415,2025-04,28.1,4626.0,2,2,Govt. Elementary School Mandal,Ludhiana,Unknown,287,Primary,English
SCH0415,2025-05,58300.674,4782.0,2,2,Govt. Elementary School Mandal,Ludhiana,Unknown,287,Primary,English
SCH0415,2025-06,12.6,378.0,1,1,Govt. Elementary School Mandal,Ludhiana,Unknown,287,Primary,English
SCH0415,2025-07,1.042,6252.0,1,1,Govt. Elementary School Mandal,Ludhiana,Unknown,287,Primary,English
SCH0415,2025-08,48.224,6244.0,2,2,Govt. Elementary School Mandal,Ludhiana,Unknown,287,Primary,English
SCH0415,2025-10,32400.0,5990.0,3,3,Govt. Elementary School Mandal,Ludhiana,Unknown,287,Primary,English
SCH0415,2025-11,0.54,1764.0,3,3,Govt. Elementary School Mandal,Ludhiana,Unknown,287,Primary,English
SCH0415,2025-12,41.8,5988.0,2,2,Govt. Elementary School Mandal,Ludhiana,Unknown,287,Primary,English
SCH0415,2026-01,1.15,2831.0,3,3,Govt. Elementary School Mandal,Ludhiana,Unknown,287,Primary,English
SCH0415,2026-03,26.148,2720.0,3,3,Govt. Elementary School Mandal,Ludhiana,Unknown,287,Primary,English
SCH0416,2025-04,0.486,6647.0,4,3,Govt. Middle School Batra,Moga,Moga-I,400,Upper Primary,Hindi
SCH0416,2025-05,92.4,1584.0,2,2,Govt. Middle School Batra,Moga,Moga-I,400,Upper Primary,Hindi
SCH0416,2025-07,50.336,472.0,2,2,Govt. Middle School Batra,Moga,Moga-I,400,Upper Primary,Hindi
SCH0416,2025-08,0.0,2313.0,1,1,Govt. Middle School Batra,Moga,Moga-I,400,Upper Primary,Hindi
SCH0416,2025-09,0.388,3154.0,2,2,Govt. Middle School Batra,Moga,Moga-I,400,Upper Primary,Hindi
SCH0416,2026-01,0.0,2092.0,3,3,Govt. Middle School Batra,Moga,Moga-I,400,Upper Primary,Hindi
SCH0416,2026-03,53152.5,6300.0,2,2,Govt. Middle School Batra,Moga,Moga-I,400,Upper Primary,Hindi
SCH0417,2025-05,0.0,3192.0,1,1,Govt. Elementary School Ahuja,Amritsar,Tarn Taran,378,Higher Secondary,Hindi
SCH0417,2025-06,37.944,2166.0,2,2,Govt. Elementary School Ahuja,Amritsar,Tarn Taran,378,Higher Secondary,Hindi
SCH0417,2025-08,18.4,552.0,1,1,Govt. Elementary School Ahuja,Amritsar,Tarn Taran,378,Higher Secondary,Hindi
SCH0417,2025-09,12300.0,369.0,1,1,Govt. Elementary School Ahuja,Amritsar,Tarn Taran,378,Higher Secondary,Hindi
SCH0417,2025-10,0.0,3372.0,2,2,Govt. Elementary School Ahuja,Amritsar,Tarn Taran,378,Higher Secondary,Hindi
SCH0417,2025-11,23.310000000000002,4032.0,2,2,Govt. Elementary School Ahuja,Amritsar,Tarn Taran,378,Higher Secondary,Hindi
SCH0417,2025-12,0.0,5832.0,1,1,Govt. Elementary School Ahuja,Amritsar,Tarn Taran,378,Higher Secondary,Hindi
SCH0417,2026-01,74900.0,6121.0,3,2,Govt. Elementary School Ahuja,Amritsar,Tarn Taran,378,Higher Secondary,Hindi
SCH0417,2026-03,0.284,1704.0,1,1,Govt. Elementary School Ahuja,Amritsar,Tarn Taran,378,Higher Secondary,Hindi
SCH0418,2025-04,0.0,4896.0,1,1,Govt. Senior Secondary School Comar,Ludhiana,Unknown,369,Higher Secondary,Punjabi
SCH0418,2025-05,1.958,9024.0,3,3,Govt. Senior Secondary School Comar,Ludhiana,Unknown,369,Higher Secondary,Punjabi
SCH0418,2025-06,18.142000000000003,11108.0,3,3,Govt. Senior Secondary School Comar,Ludhiana,Unknown,369,Higher Secondary,Punjabi
SCH0418,2025-09,33.9,4068.0,1,1,Govt. Senior Secondary School Comar,Ludhiana,Unknown,369,Higher Secondary,Punjabi
SCH0418,2025-11,67.3,4323.0,3,2,Govt. Senior Secondary School Comar,Ludhiana,Unknown,369,Higher Secondary,Punjabi
SCH0418,2025-12,0.516,3426.0,2,2,Govt. Senior Secondary School Comar,Ludhiana,Unknown,369,Higher Secondary,Punjabi
SCH0418,2026-01,24000.0,3168.0,2,2,Govt. Senior Secondary School Comar,Ludhiana,Unknown,369,Higher Secondary,Punjabi
SCH0418,2026-02,29.3,3516.0,1,1,Govt. Senior Secondary School Comar,Ludhiana,Unknown,369,Higher Secondary,Punjabi
SCH0418,2026-03,64500.0,6732.0,2,2,Govt. Senior Secondary School Comar,Ludhiana,Unknown,369,Higher Secondary,Punjabi
SCH0419,2025-04,34715.8,1041.0,2,2,Govt. Elementary School Sarkar,Moga,Moga-II,209,Primary,Hindi
SCH0419,2025-05,0.326,5814.0,2,2,Govt. Elementary School Sarkar,Moga,Moga-II,209,Primary,Hindi
SCH0419,2025-06,0.616,18081.0,4,3,Govt. Elementary School Sarkar,Moga,Moga-II,209,Primary,Hindi
SCH0419,2025-07,25131.914,5232.0,4,3,Govt. Elementary School Sarkar,Moga,Moga-II,209,Primary,Hindi
SCH0419,2025-08,1.09,5736.0,3,3,Govt. Elementary School Sarkar,Moga,Moga-II,209,Primary,Hindi
SCH0419,2025-09,0.556,1112.0,1,1,Govt. Elementary School Sarkar,Moga,Moga-II,209,Primary,Hindi
SCH0419,2025-10,68500.0,4797.0,2,2,Govt. Elementary School Sarkar,Moga,Moga-II,209,Primary,Hindi
SCH0419,2025-11,26800.0,2412.0,1,1,Govt. Elementary School Sarkar,Moga,Moga-II,209,Primary,Hindi
SCH0419,2026-01,50600.0,7494.0,4,4,Govt. Elementary School Sarkar,Moga,Moga-II,209,Primary,Hindi
SCH0419,2026-03,40500.0,5490.0,3,2,Govt. Elementary School Sarkar,Moga,Moga-II,209,Primary,Hindi
SCH0420,2025-04,16352.5,8455.0,4,4,Govt. Elementary School Nair,Amritsar,Tarn Taran,267,Higher Secondary,Punjabi
SCH0420,2025-05,38.344,2025.0,2,2,Govt. Elementary School Nair,Amritsar,Tarn Taran,267,Higher Secondary,Punjabi
SCH0420,2025-08,1.164,5238.0,1,1,Govt. Elementary School Nair,Amritsar,Tarn Taran,267,Higher Secondary,Punjabi
SCH0420,2025-09,35640.142,7776.0,4,3,Govt. Elementary School Nair,Amritsar,Tarn Taran,267,Higher Secondary,Punjabi
SCH0420,2025-10,0.578,7564.0,2,2,Govt. Elementary School Nair,Amritsar,Tarn Taran,267,Higher Secondary,Punjabi
SCH0420,2025-11,0.596,2682.0,1,1,Govt. Elementary School Nair,Amritsar,Tarn Taran,267,Higher Secondary,Punjabi
SCH0420,2025-12,1.056,4060.0,2,2,Govt. Elementary School Nair,Amritsar,Tarn Taran,267,Higher Secondary,Punjabi
SCH0420,2026-02,56900.0,5121.0,1,1,Govt. Elementary School Nair,Amritsar,Tarn Taran,267,Higher Secondary,Punjabi
SCH0420,2026-03,27.2,3668.0,2,2,Govt. Elementary School Nair,Amritsar,Tarn Taran,267,Higher Secondary,Punjabi
SCH0421,2025-04,41.4,8022.0,2,2,Govt. Primary School Behl,Sangrur,Sangrur,92,Primary,Hindi
SCH0421,2025-05,0.0,1712.0,1,1,Govt. Primary School Behl,Sangrur,Sangrur,92,Primary,Hindi
SCH0421,2025-06,0.0,1224.0,1,1,Govt. Primary School Behl,Sangrur,Sangrur,92,Primary,Hindi
SCH0421,2025-07,43618.200000000004,9324.0,4,4,Govt. Primary School Behl,Sangrur,Sangrur,92,Primary,Hindi
SCH0421,2025-08,27700.0,831.0,1,1,Govt. Primary School Behl,Sangrur,Sangrur,92,Primary,Hindi
SCH0421,2025-09,31.2,1248.0,1,1,Govt. Primary School Behl,Sangrur,Sangrur,92,Primary,Hindi
SCH0421,2025-10,10400.0,1480.0,2,2,Govt. Primary School Behl,Sangrur,Sangrur,92,Primary,Hindi
SCH0421,2025-11,0.736,4815.0,3,3,Govt. Primary School Behl,Sangrur,Sangrur,92,Primary,Hindi
SCH0421,2025-12,101.556,9216.0,3,2,Govt. Primary School Behl,Sangrur,Sangrur,92,Primary,Hindi
SCH0421,2026-01,84.146,7136.0,3,3,Govt. Primary School Behl,Sangrur,Sangrur,92,Primary,Hindi
SCH0421,2026-02,57.7,6924.0,1,1,Govt. Primary School Behl,Sangrur,Sangrur,92,Primary,Hindi
SCH0422,2025-04,69316.446,13986.0,6,6,Govt. Primary School Rajan,Bathinda,Maur,375,Secondary,Punjabi
SCH0422,2025-06,54.872,9966.0,2,2,Govt. Primary School Rajan,Bathinda,Maur,375,Secondary,Punjabi
SCH0422,2025-07,0.8859999999999999,1772.0,1,1,Govt. Primary School Rajan,Bathinda,Maur,375,Secondary,Punjabi
SCH0422,2025-08,112.7,9148.0,2,2,Govt. Primary School Rajan,Bathinda,Maur,375,Secondary,Punjabi
SCH0422,2025-09,18800.0,8936.0,4,3,Govt. Primary School Rajan,Bathinda,Maur,375,Secondary,Punjabi
SCH0422,2025-11,34332.882,8977.0,4,3,Govt. Primary School Rajan,Bathinda,Maur,375,Secondary,Punjabi
SCH0422,2025-12,0.0,700.0,1,1,Govt. Primary School Rajan,Bathinda,Maur,375,Secondary,Punjabi
SCH0422,2026-01,1.182,5319.0,1,1,Govt. Primary School Rajan,Bathinda,Maur,375,Secondary,Punjabi
SCH0422,2026-02,43.2,5184.0,1,1,Govt. Primary School Rajan,Bathinda,Maur,375,Secondary,Punjabi
SCH0423,2025-04,149155.2,10684.0,5,5,Govt. Senior Secondary School Master,Moga,Unknown,406,Higher Secondary,English
SCH0423,2025-05,0.0,1530.0,1,1,Govt. Senior Secondary School Master,Moga,Unknown,406,Higher Secondary,English
SCH0423,2025-06,12.7,1143.0,2,2,Govt. Senior Secondary School Master,Moga,Unknown,406,Higher Secondary,English
SCH0423,2025-07,1.136,6816.0,1,1,Govt. Senior Secondary School Master,Moga,Unknown,406,Higher Secondary,English
SCH0423,2025-08,0.66,990.0,2,2,Govt. Senior Secondary School Master,Moga,Unknown,406,Higher Secondary,English
SCH0423,2025-09,0.0,1596.0,1,1,Govt. Senior Secondary School Master,Moga,Unknown,406,Higher Secondary,English
SCH0423,2025-11,35.5,0.0,1,1,Govt. Senior Secondary School Master,Moga,Unknown,406,Higher Secondary,English
SCH0423,2025-12,74.88,8121.0,3,2,Govt. Senior Secondary School Master,Moga,Unknown,406,Higher Secondary,English
SCH0423,2026-01,48101.112,7996.0,2,2,Govt. Senior Secondary School Master,Moga,Unknown,406,Higher Secondary,English
SCH0423,2026-02,41.9,4679.0,3,3,Govt. Senior Secondary School Master,Moga,Unknown,406,Higher Secondary,English
SCH0424,2025-04,1.54,9696.0,3,3,Govt. Elementary School Baral,Bathinda,Rampura Phul,399,Upper Primary,Hindi
SCH0424,2025-05,0.418,4578.0,2,2,Govt. Elementary School Baral,Bathinda,Rampura Phul,399,Upper Primary,Hindi
SCH0424,2025-06,0.216,972.0,1,1,Govt. Elementary School Baral,Bathinda,Rampura Phul,399,Upper Primary,Hindi
SCH0424,2025-07,0.3,450.0,1,1,Govt. Elementary School Baral,Bathinda,Rampura Phul,399,Upper Primary,Hindi
SCH0424,2025-08,1.086,7964.0,3,3,Govt. Elementary School Baral,Bathinda,Rampura Phul,399,Upper Primary,Hindi
SCH0424,2025-09,56.0,2240.0,1,1,Govt. Elementary School Baral,Bathinda,Rampura Phul,399,Upper Primary,Hindi
SCH0424,2025-10,1.18,7425.0,2,1,Govt. Elementary School Baral,Bathinda,Rampura Phul,399,Upper Primary,Hindi
SCH0424,2025-11,55014.404,8092.0,4,4,Govt. Elementary School Baral,Bathinda,Rampura Phul,399,Upper Primary,Hindi
SCH0424,2025-12,0.0,5247.0,1,1,Govt. Elementary School Baral,Bathinda,Rampura Phul,399,Upper Primary,Hindi
SCH0424,2026-01,11600.0,3528.0,2,2,Govt. Elementary School Baral,Bathinda,Rampura Phul,399,Upper Primary,Hindi
SCH0424,2026-02,52.5,6319.0,3,2,Govt. Elementary School Baral,Bathinda,Rampura Phul,399,Upper Primary,Hindi
SCH0424,2026-03,0.0,1388.0,1,1,Govt. Elementary School Baral,Bathinda,Rampura Phul,399,Upper Primary,Hindi
SCH0425,2025-04,0.0,0.0,1,1,Govt. Senior Secondary School Wason,Patiala,Nabha,101,Higher Secondary,Punjabi
SCH0425,2025-05,0.522,0.0,1,1,Govt. Senior Secondary School Wason,Patiala,Nabha,101,Higher Secondary,Punjabi
SCH0425,2025-06,0.0,5592.0,1,1,Govt. Senior Secondary School Wason,Patiala,Nabha,101,Higher Secondary,Punjabi
SCH0425,2025-07,20400.99,5067.0,2,2,Govt. Senior Secondary School Wason,Patiala,Nabha,101,Higher Secondary,Punjabi
SCH0425,2025-08,29.1,3492.0,1,1,Govt. Senior Secondary School Wason,Patiala,Nabha,101,Higher Secondary,Punjabi
SCH0425,2025-09,51.01,8793.0,3,3,Govt. Senior Secondary School Wason,Patiala,Nabha,101,Higher Secondary,Punjabi
SCH0425,2025-10,47.4,4266.0,1,1,Govt. Senior Secondary School Wason,Patiala,Nabha,101,Higher Secondary,Punjabi
SCH0425,2025-11,0.4379999999999999,2145.0,2,2,Govt. Senior Secondary School Wason,Patiala,Nabha,101,Higher Secondary,Punjabi
SCH0425,2026-02,31234.688000000002,20928.0,5,4,Govt. Senior Secondary School Wason,Patiala,Nabha,101,Higher Secondary,Punjabi
SCH0425,2026-03,0.0,3807.0,1,1,Govt. Senior Secondary School Wason,Patiala,Nabha,101,Higher Secondary,Punjabi
SCH0426,2025-04,28000.674,2188.0,2,2,Govt. Elementary School Andra,Ferozepur,Ferozepur,364,Primary,Hindi
SCH0426,2025-05,0.0,3444.0,1,1,Govt. Elementary School Andra,Ferozepur,Ferozepur,364,Primary,Hindi
SCH0426,2025-06,49.852,14756.0,4,4,Govt. Elementary School Andra,Ferozepur,Ferozepur,364,Primary,Hindi
SCH0426,2025-08,0.0,3708.0,1,1,Govt. Elementary School Andra,Ferozepur,Ferozepur,364,Primary,Hindi
SCH0426,2025-09,0.708,5880.0,2,2,Govt. Elementary School Andra,Ferozepur,Ferozepur,364,Primary,Hindi
SCH0426,2025-10,39851.5,5127.0,2,2,Govt. Elementary School Andra,Ferozepur,Ferozepur,364,Primary,Hindi
SCH0426,2025-11,19300.346,3008.0,2,2,Govt. Elementary School Andra,Ferozepur,Ferozepur,364,Primary,Hindi
SCH0426,2025-12,29.6,1626.0,2,2,Govt. Elementary School Andra,Ferozepur,Ferozepur,364,Primary,Hindi
SCH0426,2026-02,26730.6,9804.0,3,3,Govt. Elementary School Andra,Ferozepur,Ferozepur,364,Primary,Hindi
SCH0426,2026-03,0.0,5928.0,1,1,Govt. Elementary School Andra,Ferozepur,Ferozepur,364,Primary,Hindi
SCH0427,2025-04,26900.0,5112.0,2,2,Govt. Elementary School Mangat,Jalandhar,Phillaur,42,Primary,Punjabi
SCH0427,2025-06,58300.93,7107.0,2,2,Govt. Elementary School Mangat,Jalandhar,Phillaur,42,Primary,Punjabi
SCH0427,2025-07,56.2,6744.0,1,1,Govt. Elementary School Mangat,Jalandhar,Phillaur,42,Primary,Punjabi
SCH0427,2025-08,0.0,372.0,1,1,Govt. Elementary School Mangat,Jalandhar,Phillaur,42,Primary,Punjabi
SCH0427,2025-09,108.8,5962.0,3,3,Govt. Elementary School Mangat,Jalandhar,Phillaur,42,Primary,Punjabi
SCH0427,2025-10,62.084,3984.0,3,3,Govt. Elementary School Mangat,Jalandhar,Phillaur,42,Primary,Punjabi
SCH0427,2025-12,46.118,9081.0,3,3,Govt. Elementary School Mangat,Jalandhar,Phillaur,42,Primary,Punjabi
SCH0427,2026-01,105400.0,8880.0,2,2,Govt. Elementary School Mangat,Jalandhar,Phillaur,42,Primary,Punjabi
SCH0427,2026-02,0.0,1748.0,1,1,Govt. Elementary School Mangat,Jalandhar,Phillaur,42,Primary,Punjabi
SCH0427,2026-03,41.05,6112.0,2,2,Govt. Elementary School Mangat,Jalandhar,Phillaur,42,Primary,Punjabi
SCH0428,2025-04,51200.0,1536.0,1,1,Govt. Middle School Swamy,Jalandhar,Jalandhar-II,414,Primary,Punjabi
SCH0428,2025-05,59101.04,7044.0,2,2,Govt. Middle School Swamy,Jalandhar,Jalandhar-II,414,Primary,Punjabi
SCH0428,2025-07,80100.0,6868.0,2,1,Govt. Middle School Swamy,Jalandhar,Jalandhar-II,414,Primary,Punjabi
SCH0428,2025-09,0.0,2997.0,1,1,Govt. Middle School Swamy,Jalandhar,Jalandhar-II,414,Primary,Punjabi
SCH0428,2025-10,0.482,5718.0,2,2,Govt. Middle School Swamy,Jalandhar,Jalandhar-II,414,Primary,Punjabi
SCH0428,2025-12,47983.926,4775.0,4,3,Govt. Middle School Swamy,Jalandhar,Jalandhar-II,414,Primary,Punjabi
SCH0428,2026-01,1.184,7104.0,1,1,Govt. Middle School Swamy,Jalandhar,Jalandhar-II,414,Primary,Punjabi
SCH0428,2026-02,48529.3,2334.0,3,3,Govt. Middle School Swamy,Jalandhar,Jalandhar-II,414,Primary,Punjabi
SCH0428,2026-03,38250.0,4938.0,2,2,Govt. Middle School Swamy,Jalandhar,Jalandhar-II,414,Primary,Punjabi
SCH0429,2025-06,115.578,16773.0,6,4,Govt. Elementary School Narain,Ferozepur,Zira,180,Secondary,Hindi
SCH0429,2025-07,0.856,5136.0,1,1,Govt. Elementary School Narain,Ferozepur,Zira,180,Secondary,Hindi
SCH0429,2025-08,45.4,1362.0,1,1,Govt. Elementary School Narain,Ferozepur,Zira,180,Secondary,Hindi
SCH0429,2025-10,51800.0,5798.0,2,1,Govt. Elementary School Narain,Ferozepur,Zira,180,Secondary,Hindi
SCH0429,2025-12,79300.0,7604.0,2,2,Govt. Elementary School Narain,Ferozepur,Zira,180,Secondary,Hindi
SCH0429,2026-01,34642.7,3092.0,2,2,Govt. Elementary School Narain,Ferozepur,Zira,180,Secondary,Hindi
SCH0429,2026-02,0.0,4734.0,1,1,Govt. Elementary School Narain,Ferozepur,Zira,180,Secondary,Hindi
SCH0429,2026-03,0.324,1458.0,1,1,Govt. Elementary School Narain,Ferozepur,Zira,180,Secondary,Hindi
SCH0430,2025-05,0.0,1188.0,1,1,Govt. Senior Secondary School Dutt,Ferozepur,Makhu,399,Secondary,Hindi
SCH0430,2025-06,25801.212000000003,5571.0,3,3,Govt. Senior Secondary School Dutt,Ferozepur,Makhu,399,Secondary,Hindi
SCH0430,2025-07,91.614,4128.0,3,3,Govt. Senior Secondary School Dutt,Ferozepur,Makhu,399,Secondary,Hindi
SCH0430,2025-08,70014.0,6320.0,3,3,Govt. Senior Secondary School Dutt,Ferozepur,Makhu,399,Secondary,Hindi
SCH0430,2025-09,0.0,1611.0,1,1,Govt. Senior Secondary School Dutt,Ferozepur,Makhu,399,Secondary,Hindi
SCH0430,2025-10,59647.0,3198.0,2,2,Govt. Senior Secondary School Dutt,Ferozepur,Makhu,399,Secondary,Hindi
SCH0430,2025-11,44.424,7257.0,3,3,Govt. Senior Secondary School Dutt,Ferozepur,Makhu,399,Secondary,Hindi
SCH0430,2025-12,17101.094,4240.0,3,3,Govt. Senior Secondary School Dutt,Ferozepur,Makhu,399,Secondary,Hindi
SCH0430,2026-01,40.4,3636.0,1,1,Govt. Senior Secondary School Dutt,Ferozepur,Makhu,399,Secondary,Hindi
SCH0430,2026-02,33.522000000000006,2780.0,3,3,Govt. Senior Secondary School Dutt,Ferozepur,Makhu,399,Secondary,Hindi
SCH0431,2025-04,0.0,3228.0,1,1,Govt. Middle School Sarin,Bathinda,Rampura Phul,384,Upper Primary,English
SCH0431,2025-06,1.032,4077.0,2,2,Govt. Middle School Sarin,Bathinda,Rampura Phul,384,Upper Primary,English
SCH0431,2025-07,0.0,0.0,1,1,Govt. Middle School Sarin,Bathinda,Rampura Phul,384,Upper Primary,English
SCH0431,2025-08,0.0,450.0,1,1,Govt. Middle School Sarin,Bathinda,Rampura Phul,384,Upper Primary,English
SCH0431,2025-09,33400.0,3006.0,1,1,Govt. Middle School Sarin,Bathinda,Rampura Phul,384,Upper Primary,English
SCH0431,2025-10,27.172,5803.0,5,4,Govt. Middle School Sarin,Bathinda,Rampura Phul,384,Upper Primary,English
SCH0431,2025-11,37.814,1743.0,2,2,Govt. Middle School Sarin,Bathinda,Rampura Phul,384,Upper Primary,English
SCH0431,2025-12,22.0,7134.0,3,3,Govt. Middle School Sarin,Bathinda,Rampura Phul,384,Upper Primary,English
SCH0431,2026-01,126.6,10704.0,3,3,Govt. Middle School Sarin,Bathinda,Rampura Phul,384,Upper Primary,English
SCH0431,2026-03,32700.344,6648.0,3,3,Govt. Middle School Sarin,Bathinda,Rampura Phul,384,Upper Primary,English
SCH0432,2025-05,0.0,2372.0,1,1,Govt. Elementary School Sura,Sangrur,Dhuri,385,Secondary,Hindi
SCH0432,2025-06,0.0,4376.0,2,2,Govt. Elementary School Sura,Sangrur,Dhuri,385,Secondary,Hindi
SCH0432,2025-08,50.2,6024.0,2,2,Govt. Elementary School Sura,Sangrur,Dhuri,385,Secondary,Hindi
SCH0432,2025-09,0.784,1176.0,1,1,Govt. Elementary School Sura,Sangrur,Dhuri,385,Secondary,Hindi
SCH0432,2025-10,0.0,1164.0,1,1,Govt. Elementary School Sura,Sangrur,Dhuri,385,Secondary,Hindi
SCH0432,2025-11,0.0,5265.0,2,1,Govt. Elementary School Sura,Sangrur,Dhuri,385,Secondary,Hindi
SCH0432,2025-12,72.3,6713.0,3,3,Govt. Elementary School Sura,Sangrur,Dhuri,385,Secondary,Hindi
SCH0432,2026-01,0.0,3840.0,1,1,Govt. Elementary School Sura,Sangrur,Dhuri,385,Secondary,Hindi
SCH0432,2026-03,31000.0,1240.0,1,1,Govt. Elementary School Sura,Sangrur,Dhuri,385,Secondary,Hindi
SCH0433,2025-04,0.0,2144.0,1,1,Govt. Senior Secondary School Hayre,Amritsar,Amritsar-I,235,Primary,English
SCH0433,2025-05,35.4,1416.0,1,1,Govt. Senior Secondary School Hayre,Amritsar,Amritsar-I,235,Primary,English
SCH0433,2025-06,0.252,1134.0,1,1,Govt. Senior Secondary School Hayre,Amritsar,Amritsar-I,235,Primary,English
SCH0433,2025-07,0.0,0.0,1,1,Govt. Senior Secondary School Hayre,Amritsar,Amritsar-I,235,Primary,English
SCH0433,2025-08,40100.0,17600.0,4,3,Govt. Senior Secondary School Hayre,Amritsar,Amritsar-I,235,Primary,English
SCH0433,2025-09,33.9,4588.0,2,2,Govt. Senior Secondary School Hayre,Amritsar,Amritsar-I,235,Primary,English
SCH0433,2025-10,1.14,5130.0,2,2,Govt. Senior Secondary School Hayre,Amritsar,Amritsar-I,235,Primary,English
SCH0433,2025-11,18.558,8966.0,3,3,Govt. Senior Secondary School Hayre,Amritsar,Amritsar-I,235,Primary,English
SCH0433,2026-01,14.9,1341.0,1,1,Govt. Senior Secondary School Hayre,Amritsar,Amritsar-I,235,Primary,English
SCH0433,2026-02,0.5920000000000001,3552.0,1,1,Govt. Senior Secondary School Hayre,Amritsar,Amritsar-I,235,Primary,English
SCH0434,2025-04,52600.574,7173.0,2,2,Govt. Primary School Bandi,Jalandhar,Jalandhar-I,393,Upper Primary,Punjabi
SCH0434,2025-06,31.106,2915.0,2,2,Govt. Primary School Bandi,Jalandhar,Jalandhar-I,393,Upper Primary,Punjabi
SCH0434,2025-07,12234.17,3503.0,3,2,Govt. Primary School Bandi,Jalandhar,Jalandhar-I,393,Upper Primary,Punjabi
SCH0434,2025-08,27401.042,13005.0,3,3,Govt. Primary School Bandi,Jalandhar,Jalandhar-I,393,Upper Primary,Punjabi
SCH0434,2025-09,34.6,7098.0,3,3,Govt. Primary School Bandi,Jalandhar,Jalandhar-I,393,Upper Primary,Punjabi
SCH0434,2025-10,46726.2,11109.0,4,4,Govt. Primary School Bandi,Jalandhar,Jalandhar-I,393,Upper Primary,Punjabi
SCH0434,2025-11,39300.0,1179.0,1,1,Govt. Primary School Bandi,Jalandhar,Jalandhar-I,393,Upper Primary,Punjabi
SCH0434,2025-12,14400.0,2328.0,2,2,Govt. Primary School Bandi,Jalandhar,Jalandhar-I,393,Upper Primary,Punjabi
SCH0434,2026-02,0.348,6390.0,3,3,Govt. Primary School Bandi,Jalandhar,Jalandhar-I,393,Upper Primary,Punjabi
SCH0434,2026-03,49.8,1494.0,1,1,Govt. Primary School Bandi,Jalandhar,Jalandhar-I,393,Upper Primary,Punjabi
SCH0435,2025-05,0.0,5028.0,1,1,Govt. Middle School Rama,Amritsar,Amritsar-II,420,Higher Secondary,Punjabi
SCH0435,2025-06,0.0,2691.0,2,2,Govt. Middle School Rama,Amritsar,Amritsar-II,420,Higher Secondary,Punjabi
SCH0435,2025-07,0.546,2457.0,1,1,Govt. Middle School Rama,Amritsar,Amritsar-II,420,Higher Secondary,Punjabi
SCH0435,2025-09,0.898,1796.0,1,1,Govt. Middle School Rama,Amritsar,Amritsar-II,420,Higher Secondary,Punjabi
SCH0435,2025-10,95.69,10519.0,4,4,Govt. Middle School Rama,Amritsar,Amritsar-II,420,Higher Secondary,Punjabi
SCH0435,2025-11,56.936,8660.0,3,2,Govt. Middle School Rama,Amritsar,Amritsar-II,420,Higher Secondary,Punjabi
SCH0435,2025-12,49600.0,7105.0,2,2,Govt. Middle School Rama,Amritsar,Amritsar-II,420,Higher Secondary,Punjabi
SCH0435,2026-01,10.9,1690.0,2,2,Govt. Middle School Rama,Amritsar,Amritsar-II,420,Higher Secondary,Punjabi
SCH0435,2026-02,30.7,1228.0,1,1,Govt. Middle School Rama,Amritsar,Amritsar-II,420,Higher Secondary,Punjabi
SCH0435,2026-03,20436.4,2720.0,3,3,Govt. Middle School Rama,Amritsar,Amritsar-II,420,Higher Secondary,Punjabi
SCH0436,2025-05,29.804000000000002,8088.0,3,3,Govt. Primary School Joshi,Ferozepur,Unknown,253,Secondary,English
SCH0436,2025-07,53553.5,6966.0,4,2,Govt. Primary School Joshi,Ferozepur,Unknown,253,Secondary,English
SCH0436,2025-08,46540.758,6642.0,3,3,Govt. Primary School Joshi,Ferozepur,Unknown,253,Secondary,English
SCH0436,2025-09,46.8,6912.0,2,2,Govt. Primary School Joshi,Ferozepur,Unknown,253,Secondary,English
SCH0436,2025-10,34.4,1032.0,1,1,Govt. Primary School Joshi,Ferozepur,Unknown,253,Secondary,English
SCH0436,2025-12,38.848,7178.0,4,3,Govt. Primary School Joshi,Ferozepur,Unknown,253,Secondary,English
SCH0436,2026-01,22.5,675.0,1,1,Govt. Primary School Joshi,Ferozepur,Unknown,253,Secondary,English
SCH0436,2026-02,21.6,4725.0,2,2,Govt. Primary School Joshi,Ferozepur,Unknown,253,Secondary,English
SCH0436,2026-03,119.7,12972.0,3,3,Govt. Primary School Joshi,Ferozepur,Unknown,253,Secondary,English
SCH0437,2025-05,0.0,6972.0,1,1,Govt. Senior Secondary School Loyal,Patiala,Rajpura,155,Secondary,Hindi
SCH0437,2025-06,39.3,3588.0,2,2,Govt. Senior Secondary School Loyal,Patiala,Rajpura,155,Secondary,Hindi
SCH0437,2025-07,10300.0,412.0,1,1,Govt. Senior Secondary School Loyal,Patiala,Rajpura,155,Secondary,Hindi
SCH0437,2025-08,12560.1,9048.0,4,4,Govt. Senior Secondary School Loyal,Patiala,Rajpura,155,Secondary,Hindi
SCH0437,2025-09,0.0,2652.0,1,1,Govt. Senior Secondary School Loyal,Patiala,Rajpura,155,Secondary,Hindi
SCH0437,2025-10,55700.0,5013.0,2,2,Govt. Senior Secondary School Loyal,Patiala,Rajpura,155,Secondary,Hindi
SCH0437,2025-11,0.84,3636.0,2,2,Govt. Senior Secondary School Loyal,Patiala,Rajpura,155,Secondary,Hindi
SCH0437,2025-12,0.0,2664.0,1,1,Govt. Senior Secondary School Loyal,Patiala,Rajpura,155,Secondary,Hindi
SCH0437,2026-01,96.30000000000001,8037.0,2,2,Govt. Senior Secondary School Loyal,Patiala,Rajpura,155,Secondary,Hindi
SCH0437,2026-02,86.1,5649.0,2,2,Govt. Senior Secondary School Loyal,Patiala,Rajpura,155,Secondary,Hindi
SCH0437,2026-03,44.4,5328.0,1,1,Govt. Senior Secondary School Loyal,Patiala,Rajpura,155,Secondary,Hindi
SCH0438,2025-06,0.944,1888.0,1,1,Govt. Senior Secondary School Chacko,Bathinda,Talwandi Sabo,130,Primary,Punjabi
SCH0438,2025-08,37.0,3330.0,1,1,Govt. Senior Secondary School Chacko,Bathinda,Talwandi Sabo,130,Primary,Punjabi
SCH0438,2025-09,11.8,3108.0,2,2,Govt. Senior Secondary School Chacko,Bathinda,Talwandi Sabo,130,Primary,Punjabi
SCH0438,2025-10,35344.5,4512.0,2,2,Govt. Senior Secondary School Chacko,Bathinda,Talwandi Sabo,130,Primary,Punjabi
SCH0438,2025-11,15500.0,620.0,1,1,Govt. Senior Secondary School Chacko,Bathinda,Talwandi Sabo,130,Primary,Punjabi
SCH0438,2025-12,45900.51,6426.0,2,2,Govt. Senior Secondary School Chacko,Bathinda,Talwandi Sabo,130,Primary,Punjabi
SCH0438,2026-02,57.3,1719.0,1,1,Govt. Senior Secondary School Chacko,Bathinda,Talwandi Sabo,130,Primary,Punjabi
SCH0438,2026-03,25155.6,15468.0,4,3,Govt. Senior Secondary School Chacko,Bathinda,Talwandi Sabo,130,Primary,Punjabi
SCH0439,2025-05,42.8,1284.0,1,1,Govt. Middle School Sankar,Ferozepur,Unknown,259,Secondary,Punjabi
SCH0439,2025-06,18.8,7592.0,2,2,Govt. Middle School Sankar,Ferozepur,Unknown,259,Secondary,Punjabi
SCH0439,2025-08,15.214,17903.0,5,4,Govt. Middle School Sankar,Ferozepur,Unknown,259,Secondary,Punjabi
SCH0439,2025-09,0.826,1652.0,1,1,Govt. Middle School Sankar,Ferozepur,Unknown,259,Secondary,Punjabi
SCH0439,2025-10,41.9,8719.0,3,3,Govt. Middle School Sankar,Ferozepur,Unknown,259,Secondary,Punjabi
SCH0439,2025-11,55900.0,5031.0,1,1,Govt. Middle School Sankar,Ferozepur,Unknown,259,Secondary,Punjabi
SCH0439,2025-12,1.01,6060.0,1,1,Govt. Middle School Sankar,Ferozepur,Unknown,259,Secondary,Punjabi
SCH0439,2026-01,0.0,5976.0,1,1,Govt. Middle School Sankar,Ferozepur,Unknown,259,Secondary,Punjabi
SCH0439,2026-02,0.0,1854.0,1,1,Govt. Middle School Sankar,Ferozepur,Unknown,259,Secondary,Punjabi
SCH0439,2026-03,39201.172,1758.0,2,2,Govt. Middle School Sankar,Ferozepur,Unknown,259,Secondary,Punjabi
SCH0440,2025-04,75000.0,8590.0,3,2,Govt. Middle School Devan,Jalandhar,Jalandhar-I,118,Primary,Hindi
SCH0440,2025-05,50.8,2032.0,1,1,Govt. Middle School Devan,Jalandhar,Jalandhar-I,118,Primary,Hindi
SCH0440,2025-06,36.7,3303.0,1,1,Govt. Middle School Devan,Jalandhar,Jalandhar-I,118,Primary,Hindi
SCH0440,2025-07,56.722,6687.0,3,3,Govt. Middle School Devan,Jalandhar,Jalandhar-I,118,Primary,Hindi
SCH0440,2025-08,21000.0,6313.0,4,3,Govt. Middle School Devan,Jalandhar,Jalandhar-I,118,Primary,Hindi
SCH0440,2025-10,47.002,8276.0,3,3,Govt. Middle School Devan,Jalandhar,Jalandhar-I,118,Primary,Hindi
SCH0440,2025-11,12.302000000000001,4074.0,2,2,Govt. Middle School Devan,Jalandhar,Jalandhar-I,118,Primary,Hindi
SCH0440,2025-12,38.5,1540.0,1,1,Govt. Middle School Devan,Jalandhar,Jalandhar-I,118,Primary,Hindi
SCH0440,2026-01,37.208,11248.0,3,2,Govt. Middle School Devan,Jalandhar,Jalandhar-I,118,Primary,Hindi
SCH0440,2026-02,47445.4,3468.0,3,3,Govt. Middle School Devan,Jalandhar,Jalandhar-I,118,Primary,Hindi
SCH0440,2026-03,24500.608,7764.0,3,3,Govt. Middle School Devan,Jalandhar,Jalandhar-I,118,Primary,Hindi
SCH0441,2025-04,0.0,2295.0,1,1,Govt. Primary School Gara,Moga,Moga-I,441,Upper Primary,Hindi
SCH0441,2025-05,80.3,4324.0,3,3,Govt. Primary School Gara,Moga,Moga-I,441,Upper Primary,Hindi
SCH0441,2025-06,0.0,3438.0,1,1,Govt. Primary School Gara,Moga,Moga-I,441,Upper Primary,Hindi
SCH0441,2025-08,23.0,0.0,1,1,Govt. Primary School Gara,Moga,Moga-I,441,Upper Primary,Hindi
SCH0441,2025-09,43101.876,14838.0,3,3,Govt. Primary School Gara,Moga,Moga-I,441,Upper Primary,Hindi
SCH0441,2025-10,49000.0,1470.0,1,1,Govt. Primary School Gara,Moga,Moga-I,441,Upper Primary,Hindi
SCH0441,2025-11,0.294,1764.0,1,1,Govt. Primary School Gara,Moga,Moga-I,441,Upper Primary,Hindi
SCH0441,2025-12,47500.0,5700.0,1,1,Govt. Primary School Gara,Moga,Moga-I,441,Upper Primary,Hindi
SCH0441,2026-01,45.8,1832.0,1,1,Govt. Primary School Gara,Moga,Moga-I,441,Upper Primary,Hindi
SCH0441,2026-03,123.5,5681.0,3,3,Govt. Primary School Gara,Moga,Moga-I,441,Upper Primary,Hindi
SCH0442,2025-04,20.7,2484.0,1,1,Govt. Middle School Karpe,Ferozepur,Mamdot,87,Upper Primary,Hindi
SCH0442,2025-06,52.8,6336.0,1,1,Govt. Middle School Karpe,Ferozepur,Mamdot,87,Upper Primary,Hindi
SCH0442,2025-07,36900.0,3321.0,1,1,Govt. Middle School Karpe,Ferozepur,Mamdot,87,Upper Primary,Hindi
SCH0442,2025-08,0.0,876.0,1,1,Govt. Middle School Karpe,Ferozepur,Mamdot,87,Upper Primary,Hindi
SCH0442,2025-09,23.0,2070.0,1,1,Govt. Middle School Karpe,Ferozepur,Mamdot,87,Upper Primary,Hindi
SCH0442,2025-10,0.0,3996.0,1,1,Govt. Middle School Karpe,Ferozepur,Mamdot,87,Upper Primary,Hindi
SCH0442,2025-11,29400.0,3186.0,2,2,Govt. Middle School Karpe,Ferozepur,Mamdot,87,Upper Primary,Hindi
SCH0442,2025-12,0.0,4590.0,1,1,Govt. Middle School Karpe,Ferozepur,Mamdot,87,Upper Primary,Hindi
SCH0442,2026-01,44000.0,1760.0,1,1,Govt. Middle School Karpe,Ferozepur,Mamdot,87,Upper Primary,Hindi
SCH0442,2026-02,41.1,2493.0,3,3,Govt. Middle School Karpe,Ferozepur,Mamdot,87,Upper Primary,Hindi
SCH0442,2026-03,0.0,1748.0,1,1,Govt. Middle School Karpe,Ferozepur,Mamdot,87,Upper Primary,Hindi
SCH0443,2025-04,25.412,5205.0,3,3,Govt. Senior Secondary School Chakrabarti,Sangrur,Sangrur,98,Higher Secondary,English
SCH0443,2025-05,80.2,4326.0,2,2,Govt. Senior Secondary School Chakrabarti,Sangrur,Sangrur,98,Higher Secondary,English
SCH0443,2025-06,0.0,3951.0,1,1,Govt. Senior Secondary School Chakrabarti,Sangrur,Sangrur,98,Higher Secondary,English
SCH0443,2025-07,33300.612,6339.0,3,3,Govt. Senior Secondary School Chakrabarti,Sangrur,Sangrur,98,Higher Secondary,English
SCH0443,2025-08,0.6920000000000001,2325.0,2,2,Govt. Senior Secondary School Chakrabarti,Sangrur,Sangrur,98,Higher Secondary,English
SCH0443,2025-10,112965.1,12065.0,4,3,Govt. Senior Secondary School Chakrabarti,Sangrur,Sangrur,98,Higher Secondary,English
SCH0443,2025-11,1.508,5664.0,2,1,Govt. Senior Secondary School Chakrabarti,Sangrur,Sangrur,98,Higher Secondary,English
SCH0443,2025-12,17252.262,6621.0,3,3,Govt. Senior Secondary School Chakrabarti,Sangrur,Sangrur,98,Higher Secondary,English
SCH0443,2026-01,60.8,6729.0,3,3,Govt. Senior Secondary School Chakrabarti,Sangrur,Sangrur,98,Higher Secondary,English
SCH0443,2026-02,0.0,7056.0,1,1,Govt. Senior Secondary School Chakrabarti,Sangrur,Sangrur,98,Higher Secondary,English
SCH0443,2026-03,30400.0,2458.0,2,2,Govt. Senior Secondary School Chakrabarti,Sangrur,Sangrur,98,Higher Secondary,English
SCH0444,2025-04,18.919999999999998,552.0,2,2,Govt. Middle School Setty,Ferozepur,Ferozepur,237,Secondary,Hindi
SCH0444,2025-05,24252.0,6858.0,2,2,Govt. Middle School Setty,Ferozepur,Ferozepur,237,Secondary,Hindi
SCH0444,2025-06,18.61,7461.0,4,3,Govt. Middle School Setty,Ferozepur,Ferozepur,237,Secondary,Hindi
SCH0444,2025-08,0.0,450.0,1,1,Govt. Middle School Setty,Ferozepur,Ferozepur,237,Secondary,Hindi
SCH0444,2025-09,34335.3,5307.0,3,3,Govt. Middle School Setty,Ferozepur,Ferozepur,237,Secondary,Hindi
SCH0444,2025-10,0.41,2460.0,1,1,Govt. Middle School Setty,Ferozepur,Ferozepur,237,Secondary,Hindi
SCH0444,2025-11,70.578,4113.0,4,3,Govt. Middle School Setty,Ferozepur,Ferozepur,237,Secondary,Hindi
SCH0444,2025-12,13.3,1197.0,1,1,Govt. Middle School Setty,Ferozepur,Ferozepur,237,Secondary,Hindi
SCH0444,2026-01,93.1,4992.0,3,3,Govt. Middle School Setty,Ferozepur,Ferozepur,237,Secondary,Hindi
SCH0444,2026-02,13900.0,1668.0,1,1,Govt. Middle School Setty,Ferozepur,Ferozepur,237,Secondary,Hindi
SCH0444,2026-03,12123.9,2635.0,2,2,Govt. Middle School Setty,Ferozepur,Ferozepur,237,Secondary,Hindi
SCH0445,2025-04,48.9,6045.0,2,2,Govt. Primary School Wason,Sangrur,Dhuri,62,Upper Primary,Hindi
SCH0445,2025-05,132.8,7340.0,3,2,Govt. Primary School Wason,Sangrur,Dhuri,62,Upper Primary,Hindi
SCH0445,2025-06,0.696,7128.0,2,2,Govt. Primary School Wason,Sangrur,Dhuri,62,Upper Primary,Hindi
SCH0445,2025-07,0.0,1386.0,1,1,Govt. Primary School Wason,Sangrur,Dhuri,62,Upper Primary,Hindi
SCH0445,2025-08,15100.0,1489.0,2,2,Govt. Primary School Wason,Sangrur,Dhuri,62,Upper Primary,Hindi
SCH0445,2025-09,0.3720000000000001,6128.0,2,2,Govt. Primary School Wason,Sangrur,Dhuri,62,Upper Primary,Hindi
SCH0445,2025-10,88936.3,8521.0,4,4,Govt. Primary School Wason,Sangrur,Dhuri,62,Upper Primary,Hindi
SCH0445,2025-11,28501.134,9369.0,2,2,Govt. Primary School Wason,Sangrur,Dhuri,62,Upper Primary,Hindi
SCH0445,2025-12,0.924,5544.0,1,1,Govt. Primary School Wason,Sangrur,Dhuri,62,Upper Primary,Hindi
SCH0445,2026-01,23.6,5784.0,2,1,Govt. Primary School Wason,Sangrur,Dhuri,62,Upper Primary,Hindi
SCH0445,2026-02,15050.5,2865.0,2,2,Govt. Primary School Wason,Sangrur,Dhuri,62,Upper Primary,Hindi
SCH0445,2026-03,16558.184,11376.0,4,4,Govt. Primary School Wason,Sangrur,Dhuri,62,Upper Primary,Hindi
SCH0446,2025-04,0.258,516.0,1,1,Govt. Elementary School Kala,Ludhiana,Ludhiana-I,147,Upper Primary,Hindi
SCH0446,2025-05,0.332,8400.0,2,2,Govt. Elementary School Kala,Ludhiana,Ludhiana-I,147,Upper Primary,Hindi
SCH0446,2025-06,0.398,0.0,1,1,Govt. Elementary School Kala,Ludhiana,Ludhiana-I,147,Upper Primary,Hindi
SCH0446,2025-07,66645.3,9351.0,3,3,Govt. Elementary School Kala,Ludhiana,Ludhiana-I,147,Upper Primary,Hindi
SCH0446,2025-08,11.2,6556.0,2,1,Govt. Elementary School Kala,Ludhiana,Ludhiana-I,147,Upper Primary,Hindi
SCH0446,2025-10,12.0,1440.0,1,1,Govt. Elementary School Kala,Ludhiana,Ludhiana-I,147,Upper Primary,Hindi
SCH0446,2025-11,39749.2,2667.0,2,1,Govt. Elementary School Kala,Ludhiana,Ludhiana-I,147,Upper Primary,Hindi
SCH0446,2025-12,51.9,15894.0,4,3,Govt. Elementary School Kala,Ludhiana,Ludhiana-I,147,Upper Primary,Hindi
SCH0446,2026-03,1.016,2991.0,2,2,Govt. Elementary School Kala,Ludhiana,Ludhiana-I,147,Upper Primary,Hindi
SCH0447,2025-04,46.262,12408.0,3,3,Govt. Middle School Dash,Ferozepur,Unknown,422,Primary,Punjabi
SCH0447,2025-05,57400.0,2296.0,1,1,Govt. Middle School Dash,Ferozepur,Unknown,422,Primary,Punjabi
SCH0447,2025-06,133.7,12476.0,3,2,Govt. Middle School Dash,Ferozepur,Unknown,422,Primary,Punjabi
SCH0447,2025-07,53.5,6980.0,2,2,Govt. Middle School Dash,Ferozepur,Unknown,422,Primary,Punjabi
SCH0447,2025-08,0.0,8892.0,2,2,Govt. Middle School Dash,Ferozepur,Unknown,422,Primary,Punjabi
SCH0447,2025-09,21.3,852.0,1,1,Govt. Middle School Dash,Ferozepur,Unknown,422,Primary,Punjabi
SCH0447,2025-10,0.0,2232.0,1,1,Govt. Middle School Dash,Ferozepur,Unknown,422,Primary,Punjabi
SCH0447,2025-11,34.4,10152.0,2,2,Govt. Middle School Dash,Ferozepur,Unknown,422,Primary,Punjabi
SCH0447,2025-12,42.6,1704.0,1,1,Govt. Middle School Dash,Ferozepur,Unknown,422,Primary,Punjabi
SCH0447,2026-01,11337.566,5292.0,3,3,Govt. Middle School Dash,Ferozepur,Unknown,422,Primary,Punjabi
SCH0447,2026-02,57.892,7350.0,2,2,Govt. Middle School Dash,Ferozepur,Unknown,422,Primary,Punjabi
SCH0447,2026-03,32502.156,15315.0,3,3,Govt. Middle School Dash,Ferozepur,Unknown,422,Primary,Punjabi
SCH0448,2025-05,36445.2,4909.0,3,3,Govt. Senior Secondary School Sandal,Ludhiana,Ludhiana-II,446,Primary,Punjabi
SCH0448,2025-06,49.3,4853.0,2,2,Govt. Senior Secondary School Sandal,Ludhiana,Ludhiana-II,446,Primary,Punjabi
SCH0448,2025-07,62300.534,13312.0,6,5,Govt. Senior Secondary School Sandal,Ludhiana,Ludhiana-II,446,Primary,Punjabi
SCH0448,2025-08,41745.9,7758.0,3,2,Govt. Senior Secondary School Sandal,Ludhiana,Ludhiana-II,446,Primary,Punjabi
SCH0448,2025-09,0.0,4896.0,1,1,Govt. Senior Secondary School Sandal,Ludhiana,Ludhiana-II,446,Primary,Punjabi
SCH0448,2025-10,31900.0,1276.0,1,1,Govt. Senior Secondary School Sandal,Ludhiana,Ludhiana-II,446,Primary,Punjabi
SCH0448,2025-11,0.0,1119.0,1,1,Govt. Senior Secondary School Sandal,Ludhiana,Ludhiana-II,446,Primary,Punjabi
SCH0448,2025-12,0.0,1776.0,1,1,Govt. Senior Secondary School Sandal,Ludhiana,Ludhiana-II,446,Primary,Punjabi
SCH0448,2026-01,23700.0,948.0,1,1,Govt. Senior Secondary School Sandal,Ludhiana,Ludhiana-II,446,Primary,Punjabi
SCH0448,2026-02,45.81,3888.0,3,3,Govt. Senior Secondary School Sandal,Ludhiana,Ludhiana-II,446,Primary,Punjabi
SCH0448,2026-03,61.2,5139.0,2,2,Govt. Senior Secondary School Sandal,Ludhiana,Ludhiana-II,446,Primary,Punjabi
SCH0449,2025-04,104.5,1557.0,2,2,Govt. Primary School Keer,Ferozepur,Mamdot,362,Secondary,Hindi
SCH0449,2025-05,18900.0,2268.0,1,1,Govt. Primary School Keer,Ferozepur,Mamdot,362,Secondary,Hindi
SCH0449,2025-06,0.95,1425.0,1,1,Govt. Primary School Keer,Ferozepur,Mamdot,362,Secondary,Hindi
SCH0449,2025-07,0.0,1140.0,1,1,Govt. Primary School Keer,Ferozepur,Mamdot,362,Secondary,Hindi
SCH0449,2025-09,0.0,2056.0,1,1,Govt. Primary School Keer,Ferozepur,Mamdot,362,Secondary,Hindi
SCH0449,2025-10,0.0,3393.0,1,1,Govt. Primary School Keer,Ferozepur,Mamdot,362,Secondary,Hindi
SCH0449,2025-11,51850.668000000005,5282.0,3,2,Govt. Primary School Keer,Ferozepur,Mamdot,362,Secondary,Hindi
SCH0449,2025-12,29100.0,2352.0,2,2,Govt. Primary School Keer,Ferozepur,Mamdot,362,Secondary,Hindi
SCH0449,2026-01,0.918,10413.0,2,2,Govt. Primary School Keer,Ferozepur,Mamdot,362,Secondary,Hindi
SCH0449,2026-02,47700.0,1431.0,1,1,Govt. Primary School Keer,Ferozepur,Mamdot,362,Secondary,Hindi
SCH0449,2026-03,31436.458,8682.0,3,2,Govt. Primary School Keer,Ferozepur,Mamdot,362,Secondary,Hindi
SCH0450,2025-06,59200.0,2368.0,1,1,Govt. Primary School Kurian,Amritsar,Amritsar-I,398,Secondary,English
SCH0450,2025-07,78748.1,11412.0,3,2,Govt. Primary School Kurian,Amritsar,Amritsar-I,398,Secondary,English
SCH0450,2025-08,16300.0,1386.0,2,2,Govt. Primary School Kurian,Amritsar,Amritsar-I,398,Secondary,English
SCH0450,2025-11,53.9,11043.0,3,3,Govt. Primary School Kurian,Amritsar,Amritsar-I,398,Secondary,English
SCH0450,2025-12,14.6,438.0,1,1,Govt. Primary School Kurian,Amritsar,Amritsar-I,398,Secondary,English
SCH0450,2026-01,12.9,2589.0,2,2,Govt. Primary School Kurian,Amritsar,Amritsar-I,398,Secondary,English
SCH0450,2026-02,35400.726,3267.0,2,2,Govt. Primary School Kurian,Amritsar,Amritsar-I,398,Secondary,English
SCH0450,2026-03,52523.5,7842.0,4,4,Govt. Primary School Kurian,Amritsar,Amritsar-I,398,Secondary,English
SCH0451,2025-04,45.192,4080.0,3,3,Govt. Primary School Dasgupta,Amritsar,Ajnala,431,Higher Secondary,Hindi
SCH0451,2025-05,46100.0,1383.0,1,1,Govt. Primary School Dasgupta,Amritsar,Ajnala,431,Higher Secondary,Hindi
SCH0451,2025-06,0.8,3600.0,1,1,Govt. Primary School Dasgupta,Amritsar,Ajnala,431,Higher Secondary,Hindi
SCH0451,2025-07,1.364,2596.0,2,2,Govt. Primary School Dasgupta,Amritsar,Ajnala,431,Higher Secondary,Hindi
SCH0451,2025-09,54.9,7052.0,5,4,Govt. Primary School Dasgupta,Amritsar,Ajnala,431,Higher Secondary,Hindi
SCH0451,2025-10,0.0,2084.0,1,1,Govt. Primary School Dasgupta,Amritsar,Ajnala,431,Higher Secondary,Hindi
SCH0451,2025-11,10100.0,1212.0,1,1,Govt. Primary School Dasgupta,Amritsar,Ajnala,431,Higher Secondary,Hindi
SCH0451,2025-12,10500.0,945.0,1,1,Govt. Primary School Dasgupta,Amritsar,Ajnala,431,Higher Secondary,Hindi
SCH0451,2026-01,47600.0,4284.0,1,1,Govt. Primary School Dasgupta,Amritsar,Ajnala,431,Higher Secondary,Hindi
SCH0451,2026-02,33000.0,1320.0,1,1,Govt. Primary School Dasgupta,Amritsar,Ajnala,431,Higher Secondary,Hindi
SCH0451,2026-03,38400.0,3456.0,1,1,Govt. Primary School Dasgupta,Amritsar,Ajnala,431,Higher Secondary,Hindi
SCH0452,2025-05,81.0,16908.0,3,3,Govt. Senior Secondary School Jaggi,Patiala,Nabha,422,Secondary,English
SCH0452,2025-06,1.078,1617.0,1,1,Govt. Senior Secondary School Jaggi,Patiala,Nabha,422,Secondary,English
SCH0452,2025-07,10841.86,5348.0,4,3,Govt. Senior Secondary School Jaggi,Patiala,Nabha,422,Secondary,English
SCH0452,2025-08,31400.0,1256.0,1,1,Govt. Senior Secondary School Jaggi,Patiala,Nabha,422,Secondary,English
SCH0452,2025-09,0.532,798.0,1,1,Govt. Senior Secondary School Jaggi,Patiala,Nabha,422,Secondary,English
SCH0452,2025-10,28.5,5706.0,2,2,Govt. Senior Secondary School Jaggi,Patiala,Nabha,422,Secondary,English
SCH0452,2025-11,53.9,4851.0,1,1,Govt. Senior Secondary School Jaggi,Patiala,Nabha,422,Secondary,English
SCH0452,2025-12,122.2,16638.0,4,2,Govt. Senior Secondary School Jaggi,Patiala,Nabha,422,Secondary,English
SCH0452,2026-01,58.502,6679.0,3,3,Govt. Senior Secondary School Jaggi,Patiala,Nabha,422,Secondary,English
SCH0452,2026-02,0.0,3078.0,1,1,Govt. Senior Secondary School Jaggi,Patiala,Nabha,422,Secondary,English
SCH0452,2026-03,1.1360000000000001,3311.0,3,3,Govt. Senior Secondary School Jaggi,Patiala,Nabha,422,Secondary,English
SCH0453,2025-05,0.63,6534.0,2,2,Govt. Primary School Mahal,Unknown,Ludhiana-II,103,Higher Secondary,English
SCH0453,2025-06,34800.0,1044.0,1,1,Govt. Primary School Mahal,Unknown,Ludhiana-II,103,Higher Secondary,English
SCH0453,2025-08,0.0,1524.0,1,1,Govt. Primary School Mahal,Unknown,Ludhiana-II,103,Higher Secondary,English
SCH0453,2025-10,25500.0,3060.0,1,1,Govt. Primary School Mahal,Unknown,Ludhiana-II,103,Higher Secondary,English
SCH0453,2025-11,38100.852,13050.0,3,3,Govt. Primary School Mahal,Unknown,Ludhiana-II,103,Higher Secondary,English
SCH0453,2025-12,0.716,3222.0,1,1,Govt. Primary School Mahal,Unknown,Ludhiana-II,103,Higher Secondary,English
SCH0454,2025-05,57.5,3060.0,2,2,Govt. Senior Secondary School Bala,Patiala,Rajpura,370,Upper Primary,English
SCH0454,2025-06,82.9,8646.0,2,2,Govt. Senior Secondary School Bala,Patiala,Rajpura,370,Upper Primary,English
SCH0454,2025-07,58.76,4875.0,5,4,Govt. Senior Secondary School Bala,Patiala,Rajpura,370,Upper Primary,English
SCH0454,2025-08,28641.2,6234.0,3,3,Govt. Senior Secondary School Bala,Patiala,Rajpura,370,Upper Primary,English
SCH0454,2025-09,42719.8,5916.0,2,2,Govt. Senior Secondary School Bala,Patiala,Rajpura,370,Upper Primary,English
SCH0454,2025-10,21400.0,1651.0,2,2,Govt. Senior Secondary School Bala,Patiala,Rajpura,370,Upper Primary,English
SCH0454,2025-11,51.4,4626.0,1,1,Govt. Senior Secondary School Bala,Patiala,Rajpura,370,Upper Primary,English
SCH0454,2025-12,0.638,2871.0,1,1,Govt. Senior Secondary School Bala,Patiala,Rajpura,370,Upper Primary,English
SCH0454,2026-01,11.9,4564.0,4,3,Govt. Senior Secondary School Bala,Patiala,Rajpura,370,Upper Primary,English
SCH0454,2026-03,2.24,6654.0,3,3,Govt. Senior Secondary School Bala,Patiala,Rajpura,370,Upper Primary,English
SCH0455,2025-04,0.674,2235.0,2,2,Govt. Elementary School Borah,Patiala,Patiala,132,Primary,Punjabi
SCH0455,2025-05,41771.642,16436.0,6,6,Govt. Elementary School Borah,Patiala,Patiala,132,Primary,Punjabi
SCH0455,2025-06,44.1,1323.0,1,1,Govt. Elementary School Borah,Patiala,Patiala,132,Primary,Punjabi
SCH0455,2025-07,59.5,6856.0,3,3,Govt. Elementary School Borah,Patiala,Patiala,132,Primary,Punjabi
SCH0455,2025-08,14.806000000000001,6646.0,5,5,Govt. Elementary School Borah,Patiala,Patiala,132,Primary,Punjabi
SCH0455,2025-09,48.9,5868.0,1,1,Govt. Elementary School Borah,Patiala,Patiala,132,Primary,Punjabi
SCH0455,2025-10,0.0,2976.0,1,1,Govt. Elementary School Borah,Patiala,Patiala,132,Primary,Punjabi
SCH0455,2026-01,55.5,6705.0,2,2,Govt. Elementary School Borah,Patiala,Patiala,132,Primary,Punjabi
SCH0455,2026-02,11100.0,333.0,2,2,Govt. Elementary School Borah,Patiala,Patiala,132,Primary,Punjabi
SCH0456,2025-04,44.1,5019.0,3,3,Govt. Middle School Bhatnagar,Bathinda,Bathinda,168,Higher Secondary,Hindi
SCH0456,2025-05,32116.5,2943.0,2,2,Govt. Middle School Bhatnagar,Bathinda,Bathinda,168,Higher Secondary,Hindi
SCH0456,2025-06,0.0,4820.0,2,2,Govt. Middle School Bhatnagar,Bathinda,Bathinda,168,Higher Secondary,Hindi
SCH0456,2025-08,33420.976,3558.0,3,2,Govt. Middle School Bhatnagar,Bathinda,Bathinda,168,Higher Secondary,Hindi
SCH0456,2025-09,25988.144,7665.0,5,5,Govt. Middle School Bhatnagar,Bathinda,Bathinda,168,Higher Secondary,Hindi
SCH0456,2025-10,46.648,6961.0,3,3,Govt. Middle School Bhatnagar,Bathinda,Bathinda,168,Higher Secondary,Hindi
SCH0456,2025-11,0.8079999999999999,4848.0,1,1,Govt. Middle School Bhatnagar,Bathinda,Bathinda,168,Higher Secondary,Hindi
SCH0456,2025-12,80.0,2680.0,3,3,Govt. Middle School Bhatnagar,Bathinda,Bathinda,168,Higher Secondary,Hindi
SCH0456,2026-02,10.6,318.0,1,1,Govt. Middle School Bhatnagar,Bathinda,Bathinda,168,Higher Secondary,Hindi
SCH0456,2026-03,35800.0,1432.0,1,1,Govt. Middle School Bhatnagar,Bathinda,Bathinda,168,Higher Secondary,Hindi
SCH0457,2025-04,33.2,2304.0,2,2,Govt. Elementary School Varty,Amritsar,Ajnala,357,Upper Primary,English
SCH0457,2025-05,70.7,6774.0,2,2,Govt. Elementary School Varty,Amritsar,Ajnala,357,Upper Primary,English
SCH0457,2025-06,36841.1,6571.0,3,3,Govt. Elementary School Varty,Amritsar,Ajnala,357,Upper Primary,English
SCH0457,2025-07,42.900000000000006,9219.0,3,3,Govt. Elementary School Varty,Amritsar,Ajnala,357,Upper Primary,English
SCH0457,2025-09,0.0,4092.0,1,1,Govt. Elementary School Varty,Amritsar,Ajnala,357,Upper Primary,English
SCH0457,2025-10,0.0,2460.0,1,1,Govt. Elementary School Varty,Amritsar,Ajnala,357,Upper Primary,English
SCH0457,2025-11,58700.95,7183.0,2,2,Govt. Elementary School Varty,Amritsar,Ajnala,357,Upper Primary,English
SCH0457,2025-12,19.7,5404.0,3,3,Govt. Elementary School Varty,Amritsar,Ajnala,357,Upper Primary,English
SCH0457,2026-02,1.108,8757.0,2,2,Govt. Elementary School Varty,Amritsar,Ajnala,357,Upper Primary,English
SCH0458,2025-04,51600.0,2064.0,1,1,Govt. Senior Secondary School Murty,Jalandhar,Nakodar,201,Upper Primary,Punjabi
SCH0458,2025-05,49.5,3744.0,3,3,Govt. Senior Secondary School Murty,Jalandhar,Nakodar,201,Upper Primary,Punjabi
SCH0458,2025-06,0.0,1449.0,1,1,Govt. Senior Secondary School Murty,Jalandhar,Nakodar,201,Upper Primary,Punjabi
SCH0458,2025-07,58.800000000000004,8865.0,4,3,Govt. Senior Secondary School Murty,Jalandhar,Nakodar,201,Upper Primary,Punjabi
SCH0458,2025-09,0.0,0.0,1,1,Govt. Senior Secondary School Murty,Jalandhar,Nakodar,201,Upper Primary,Punjabi
SCH0458,2025-10,0.0,6468.0,1,1,Govt. Senior Secondary School Murty,Jalandhar,Nakodar,201,Upper Primary,Punjabi
SCH0458,2025-11,20.4,612.0,1,1,Govt. Senior Secondary School Murty,Jalandhar,Nakodar,201,Upper Primary,Punjabi
SCH0458,2026-02,41.4,3726.0,1,1,Govt. Senior Secondary School Murty,Jalandhar,Nakodar,201,Upper Primary,Punjabi
SCH0458,2026-03,57549.108,12944.0,3,3,Govt. Senior Secondary School Murty,Jalandhar,Nakodar,201,Upper Primary,Punjabi
SCH0459,2025-04,27600.0,828.0,1,1,Govt. Elementary School Mani,Bathinda,Rampura Phul,108,Secondary,English
SCH0459,2025-05,24844.5,6062.0,3,2,Govt. Elementary School Mani,Bathinda,Rampura Phul,108,Secondary,English
SCH0459,2025-08,0.0,1962.0,1,1,Govt. Elementary School Mani,Bathinda,Rampura Phul,108,Secondary,English
SCH0459,2025-09,47.3,5676.0,1,1,Govt. Elementary School Mani,Bathinda,Rampura Phul,108,Secondary,English
SCH0459,2025-10,58659.5,10107.0,3,3,Govt. Elementary School Mani,Bathinda,Rampura Phul,108,Secondary,English
SCH0459,2025-12,0.0,1144.0,1,1,Govt. Elementary School Mani,Bathinda,Rampura Phul,108,Secondary,English
SCH0459,2026-01,0.0,4752.0,1,1,Govt. Elementary School Mani,Bathinda,Rampura Phul,108,Secondary,English
SCH0459,2026-03,42500.0,1275.0,1,1,Govt. Elementary School Mani,Bathinda,Rampura Phul,108,Secondary,English
SCH0460,2025-04,0.0,1608.0,1,1,Govt. Senior Secondary School Solanki,Sangrur,Sangrur,129,Primary,Hindi
SCH0460,2025-06,15.0,1401.0,2,2,Govt. Senior Secondary School Solanki,Sangrur,Sangrur,129,Primary,Hindi
SCH0460,2025-08,21001.116,4264.0,3,3,Govt. Senior Secondary School Solanki,Sangrur,Sangrur,129,Primary,Hindi
SCH0460,2025-10,58500.0,1755.0,1,1,Govt. Senior Secondary School Solanki,Sangrur,Sangrur,129,Primary,Hindi
SCH0460,2026-01,12.0,480.0,1,1,Govt. Senior Secondary School Solanki,Sangrur,Sangrur,129,Primary,Hindi
SCH0460,2026-02,16600.0,6951.0,3,3,Govt. Senior Secondary School Solanki,Sangrur,Sangrur,129,Primary,Hindi
SCH0460,2026-03,0.0,4527.0,2,2,Govt. Senior Secondary School Solanki,Sangrur,Sangrur,129,Primary,Hindi
SCH0461,2025-04,12304.8,8181.0,4,4,Govt. Primary School Ramachandran,Bathinda,Bathinda,412,Primary,Hindi
SCH0461,2025-05,0.0,2622.0,3,2,Govt. Primary School Ramachandran,Bathinda,Bathinda,412,Primary,Hindi
SCH0461,2025-06,55.8,5022.0,1,1,Govt. Primary School Ramachandran,Bathinda,Bathinda,412,Primary,Hindi
SCH0461,2025-07,29900.0,3588.0,1,1,Govt. Primary School Ramachandran,Bathinda,Bathinda,412,Primary,Hindi
SCH0461,2025-08,52642.2,6000.0,2,2,Govt. Primary School Ramachandran,Bathinda,Bathinda,412,Primary,Hindi
SCH0461,2025-09,39231.1,6327.0,2,2,Govt. Primary School Ramachandran,Bathinda,Bathinda,412,Primary,Hindi
SCH0461,2025-10,42500.302,12600.0,7,6,Govt. Primary School Ramachandran,Bathinda,Bathinda,412,Primary,Hindi
SCH0461,2025-11,25229.8,4950.0,2,2,Govt. Primary School Ramachandran,Bathinda,Bathinda,412,Primary,Hindi
SCH0461,2025-12,37.09,13710.0,3,3,Govt. Primary School Ramachandran,Bathinda,Bathinda,412,Primary,Hindi
SCH0461,2026-01,24.3,2916.0,1,1,Govt. Primary School Ramachandran,Bathinda,Bathinda,412,Primary,Hindi
SCH0461,2026-02,35300.0,3177.0,1,1,Govt. Primary School Ramachandran,Bathinda,Bathinda,412,Primary,Hindi
SCH0461,2026-03,56729.2,4329.0,2,2,Govt. Primary School Ramachandran,Bathinda,Bathinda,412,Primary,Hindi
SCH0462,2025-04,53.4,6408.0,1,1,Govt. Senior Secondary School Gulati,Ferozepur,Zira,58,Higher Secondary,Hindi
SCH0462,2025-05,41.3,4956.0,1,1,Govt. Senior Secondary School Gulati,Ferozepur,Zira,58,Higher Secondary,Hindi
SCH0462,2025-07,53001.258,4270.0,3,3,Govt. Senior Secondary School Gulati,Ferozepur,Zira,58,Higher Secondary,Hindi
SCH0462,2025-08,56.410000000000004,2106.0,2,2,Govt. Senior Secondary School Gulati,Ferozepur,Zira,58,Higher Secondary,Hindi
SCH0462,2025-09,53.5,3196.0,2,2,Govt. Senior Secondary School Gulati,Ferozepur,Zira,58,Higher Secondary,Hindi
SCH0462,2025-10,16.3,1800.0,2,2,Govt. Senior Secondary School Gulati,Ferozepur,Zira,58,Higher Secondary,Hindi
SCH0462,2025-11,30900.0,5334.0,2,2,Govt. Senior Secondary School Gulati,Ferozepur,Zira,58,Higher Secondary,Hindi
SCH0462,2025-12,0.626,939.0,1,1,Govt. Senior Secondary School Gulati,Ferozepur,Zira,58,Higher Secondary,Hindi
SCH0462,2026-01,0.0,1845.0,1,1,Govt. Senior Secondary School Gulati,Ferozepur,Zira,58,Higher Secondary,Hindi
SCH0462,2026-02,85.0,7092.0,3,3,Govt. Senior Secondary School Gulati,Ferozepur,Zira,58,Higher Secondary,Hindi
SCH0462,2026-03,1.626,10326.0,3,3,Govt. Senior Secondary School Gulati,Ferozepur,Zira,58,Higher Secondary,Hindi
SCH0463,2025-04,49853.5,9051.0,3,3,Govt. Primary School Rajagopalan,Bathinda,Maur,277,Primary,Hindi
SCH0463,2025-05,0.952,4284.0,1,1,Govt. Primary School Rajagopalan,Bathinda,Maur,277,Primary,Hindi
SCH0463,2025-06,0.0,2520.0,1,1,Govt. Primary School Rajagopalan,Bathinda,Maur,277,Primary,Hindi
SCH0463,2025-07,67.6,8115.0,4,4,Govt. Primary School Rajagopalan,Bathinda,Maur,277,Primary,Hindi
SCH0463,2025-08,0.214,321.0,1,1,Govt. Primary School Rajagopalan,Bathinda,Maur,277,Primary,Hindi
SCH0463,2025-09,31.8,954.0,1,1,Govt. Primary School Rajagopalan,Bathinda,Maur,277,Primary,Hindi
SCH0463,2025-11,74.8,4224.0,2,2,Govt. Primary School Rajagopalan,Bathinda,Maur,277,Primary,Hindi
SCH0463,2026-01,34425.372,6521.0,5,4,Govt. Primary School Rajagopalan,Bathinda,Maur,277,Primary,Hindi
SCH0463,2026-03,59.4,8568.0,3,3,Govt. Primary School Rajagopalan,Bathinda,Maur,277,Primary,Hindi
SCH0464,2025-04,56.868,8679.0,2,2,Govt. Elementary School Khalsa,Jalandhar,Jalandhar-II,268,Upper Primary,Punjabi
SCH0464,2025-05,23000.0,690.0,1,1,Govt. Elementary School Khalsa,Jalandhar,Jalandhar-II,268,Upper Primary,Punjabi
SCH0464,2025-06,18.372,4032.0,3,2,Govt. Elementary School Khalsa,Jalandhar,Jalandhar-II,268,Upper Primary,Punjabi
SCH0464,2025-07,0.0,1704.0,1,1,Govt. Elementary School Khalsa,Jalandhar,Jalandhar-II,268,Upper Primary,Punjabi
SCH0464,2025-08,32247.31,6485.0,4,3,Govt. Elementary School Khalsa,Jalandhar,Jalandhar-II,268,Upper Primary,Punjabi
SCH0464,2025-09,56.6,2264.0,1,1,Govt. Elementary School Khalsa,Jalandhar,Jalandhar-II,268,Upper Primary,Punjabi
SCH0464,2025-10,26.8,4006.0,2,2,Govt. Elementary School Khalsa,Jalandhar,Jalandhar-II,268,Upper Primary,Punjabi
SCH0464,2025-11,23021.5,9098.0,4,3,Govt. Elementary School Khalsa,Jalandhar,Jalandhar-II,268,Upper Primary,Punjabi
SCH0464,2025-12,48223.3,2796.0,2,2,Govt. Elementary School Khalsa,Jalandhar,Jalandhar-II,268,Upper Primary,Punjabi
SCH0464,2026-01,14939.2,13633.0,4,3,Govt. Elementary School Khalsa,Jalandhar,Jalandhar-II,268,Upper Primary,Punjabi
SCH0465,2025-04,59.5,6889.0,3,3,Govt. Senior Secondary School Banerjee,Patiala,Rajpura,158,Secondary,English
SCH0465,2025-06,30120.8,3076.0,2,1,Govt. Senior Secondary School Banerjee,Patiala,Rajpura,158,Secondary,English
SCH0465,2025-07,81.4,4452.0,2,2,Govt. Senior Secondary School Banerjee,Patiala,Rajpura,158,Secondary,English
SCH0465,2025-09,21700.0,1953.0,1,1,Govt. Senior Secondary School Banerjee,Patiala,Rajpura,158,Secondary,English
SCH0465,2025-10,0.0,10086.0,3,3,Govt. Senior Secondary School Banerjee,Patiala,Rajpura,158,Secondary,English
SCH0465,2025-11,64500.0,13668.0,5,5,Govt. Senior Secondary School Banerjee,Patiala,Rajpura,158,Secondary,English
SCH0465,2025-12,0.428,2886.0,2,2,Govt. Senior Secondary School Banerjee,Patiala,Rajpura,158,Secondary,English
SCH0465,2026-01,45600.0,2328.0,2,2,Govt. Senior Secondary School Banerjee,Patiala,Rajpura,158,Secondary,English
SCH0465,2026-03,29700.0,3564.0,1,1,Govt. Senior Secondary School Banerjee,Patiala,Rajpura,158,Secondary,English
SCH0466,2025-05,0.0,404.0,1,1,Govt. Middle School Chand,Ferozepur,Mamdot,272,Primary,Hindi
SCH0466,2025-06,43200.0,0.0,1,1,Govt. Middle School Chand,Ferozepur,Mamdot,272,Primary,Hindi
SCH0466,2025-07,43251.238,4188.0,4,4,Govt. Middle School Chand,Ferozepur,Mamdot,272,Primary,Hindi
SCH0466,2025-08,127497.7,16509.0,7,5,Govt. Middle School Chand,Ferozepur,Mamdot,272,Primary,Hindi
SCH0466,2025-11,58.0,5220.0,1,1,Govt. Middle School Chand,Ferozepur,Mamdot,272,Primary,Hindi
SCH0466,2025-12,32440.2,7755.0,4,3,Govt. Middle School Chand,Ferozepur,Mamdot,272,Primary,Hindi
SCH0466,2026-03,0.424,2544.0,1,1,Govt. Middle School Chand,Ferozepur,Mamdot,272,Primary,Hindi
SCH0467,2025-04,42.3,1269.0,1,1,Govt. Elementary School Krishnan,Bathinda,Rampura Phul,336,Upper Primary,Punjabi
SCH0467,2025-06,0.0,1420.0,1,1,Govt. Elementary School Krishnan,Bathinda,Rampura Phul,336,Upper Primary,Punjabi
SCH0467,2025-08,30.312,10986.0,3,3,Govt. Elementary School Krishnan,Bathinda,Rampura Phul,336,Upper Primary,Punjabi
SCH0467,2025-09,116.614,21321.0,5,5,Govt. Elementary School Krishnan,Bathinda,Rampura Phul,336,Upper Primary,Punjabi
SCH0467,2025-11,48700.0,4431.0,2,2,Govt. Elementary School Krishnan,Bathinda,Rampura Phul,336,Upper Primary,Punjabi
SCH0467,2026-01,16500.546,9519.0,4,4,Govt. Elementary School Krishnan,Bathinda,Rampura Phul,336,Upper Primary,Punjabi
SCH0467,2026-02,1.198,1797.0,1,1,Govt. Elementary School Krishnan,Bathinda,Rampura Phul,336,Upper Primary,Punjabi
SCH0467,2026-03,0.0,1932.0,1,1,Govt. Elementary School Krishnan,Bathinda,Rampura Phul,336,Upper Primary,Punjabi
SCH0468,2025-04,35.4,4248.0,1,1,Govt. Middle School Mishra,Bathinda,Talwandi Sabo,154,Secondary,Punjabi
SCH0468,2025-05,28652.27,4885.0,3,3,Govt. Middle School Mishra,Bathinda,Talwandi Sabo,154,Secondary,Punjabi
SCH0468,2025-07,54800.906,6291.0,2,2,Govt. Middle School Mishra,Bathinda,Talwandi Sabo,154,Secondary,Punjabi
SCH0468,2025-08,18.6,1674.0,1,1,Govt. Middle School Mishra,Bathinda,Talwandi Sabo,154,Secondary,Punjabi
SCH0468,2025-09,25.354,6489.0,2,2,Govt. Middle School Mishra,Bathinda,Talwandi Sabo,154,Secondary,Punjabi
SCH0468,2025-10,0.87,6255.0,2,2,Govt. Middle School Mishra,Bathinda,Talwandi Sabo,154,Secondary,Punjabi
SCH0468,2025-11,21900.202,1566.0,2,2,Govt. Middle School Mishra,Bathinda,Talwandi Sabo,154,Secondary,Punjabi
SCH0468,2025-12,35880.2,9627.0,6,5,Govt. Middle School Mishra,Bathinda,Talwandi Sabo,154,Secondary,Punjabi
SCH0468,2026-01,41700.0,3914.0,3,3,Govt. Middle School Mishra,Bathinda,Talwandi Sabo,154,Secondary,Punjabi
SCH0468,2026-03,94900.22,3754.0,3,3,Govt. Middle School Mishra,Bathinda,Talwandi Sabo,154,Secondary,Punjabi
SCH0469,2025-04,49494.399999999994,9101.0,3,2,Govt. Middle School Gera,Ludhiana,Ludhiana-II,265,Primary,Hindi
SCH0469,2025-06,17800.0,534.0,1,1,Govt. Middle School Gera,Ludhiana,Ludhiana-II,265,Primary,Hindi
SCH0469,2025-08,10.9,3279.0,2,2,Govt. Middle School Gera,Ludhiana,Ludhiana-II,265,Primary,Hindi
SCH0469,2025-09,0.938,7986.0,3,3,Govt. Middle School Gera,Ludhiana,Ludhiana-II,265,Primary,Hindi
SCH0469,2025-10,66.5,2134.0,2,1,Govt. Middle School Gera,Ludhiana,Ludhiana-II,265,Primary,Hindi
SCH0469,2025-12,34200.0,5058.0,2,2,Govt. Middle School Gera,Ludhiana,Ludhiana-II,265,Primary,Hindi
SCH0469,2026-01,16300.0,1956.0,1,1,Govt. Middle School Gera,Ludhiana,Ludhiana-II,265,Primary,Hindi
SCH0469,2026-02,28800.0,6228.0,2,2,Govt. Middle School Gera,Ludhiana,Ludhiana-II,265,Primary,Hindi
SCH0469,2026-03,43.9,3441.0,2,2,Govt. Middle School Gera,Ludhiana,Ludhiana-II,265,Primary,Hindi
SCH0470,2025-04,0.0,4383.0,1,1,Govt. Elementary School Handa,Jalandhar,Nakodar,348,Primary,Punjabi
SCH0470,2025-05,0.618,1236.0,1,1,Govt. Elementary School Handa,Jalandhar,Nakodar,348,Primary,Punjabi
SCH0470,2025-06,0.0,5592.0,1,1,Govt. Elementary School Handa,Jalandhar,Nakodar,348,Primary,Punjabi
SCH0470,2025-07,40.1,1604.0,1,1,Govt. Elementary School Handa,Jalandhar,Nakodar,348,Primary,Punjabi
SCH0470,2025-08,1.022,1533.0,1,1,Govt. Elementary School Handa,Jalandhar,Nakodar,348,Primary,Punjabi
SCH0470,2025-10,48.3,1449.0,1,1,Govt. Elementary School Handa,Jalandhar,Nakodar,348,Primary,Punjabi
SCH0470,2025-11,47700.0,1908.0,1,1,Govt. Elementary School Handa,Jalandhar,Nakodar,348,Primary,Punjabi
SCH0470,2025-12,38.7,3483.0,1,1,Govt. Elementary School Handa,Jalandhar,Nakodar,348,Primary,Punjabi
SCH0470,2026-01,0.0,2140.0,1,1,Govt. Elementary School Handa,Jalandhar,Nakodar,348,Primary,Punjabi
SCH0470,2026-02,0.934,1401.0,1,1,Govt. Elementary School Handa,Jalandhar,Nakodar,348,Primary,Punjabi
SCH0470,2026-03,0.0,4176.0,1,1,Govt. Elementary School Handa,Jalandhar,Nakodar,348,Primary,Punjabi
SCH0471,2025-05,47845.5,9831.0,2,2,Govt. Elementary School Chad,Sangrur,Unknown,285,Upper Primary,Punjabi
SCH0471,2025-06,18200.0,5742.0,3,2,Govt. Elementary School Chad,Sangrur,Unknown,285,Upper Primary,Punjabi
SCH0471,2025-07,30.3,3636.0,2,2,Govt. Elementary School Chad,Sangrur,Unknown,285,Upper Primary,Punjabi
SCH0471,2025-08,0.638,5108.0,2,2,Govt. Elementary School Chad,Sangrur,Unknown,285,Upper Primary,Punjabi
SCH0471,2025-09,32.7,1308.0,1,1,Govt. Elementary School Chad,Sangrur,Unknown,285,Upper Primary,Punjabi
SCH0471,2025-10,58023.7,5164.0,2,2,Govt. Elementary School Chad,Sangrur,Unknown,285,Upper Primary,Punjabi
SCH0471,2025-11,28.4,3003.0,2,2,Govt. Elementary School Chad,Sangrur,Unknown,285,Upper Primary,Punjabi
SCH0471,2026-01,0.732,1098.0,2,2,Govt. Elementary School Chad,Sangrur,Unknown,285,Upper Primary,Punjabi
SCH0471,2026-02,0.0,884.0,1,1,Govt. Elementary School Chad,Sangrur,Unknown,285,Upper Primary,Punjabi
SCH0471,2026-03,20.918,2830.0,2,2,Govt. Elementary School Chad,Sangrur,Unknown,285,Upper Primary,Punjabi
SCH0472,2025-04,58331.0,4607.0,3,2,Govt. Senior Secondary School Nazareth,Jalandhar,Unknown,108,Primary,English
SCH0472,2025-05,18800.0,2256.0,1,1,Govt. Senior Secondary School Nazareth,Jalandhar,Unknown,108,Primary,English
SCH0472,2025-06,39900.0,1596.0,1,1,Govt. Senior Secondary School Nazareth,Jalandhar,Unknown,108,Primary,English
SCH0472,2025-07,40300.0,4836.0,1,1,Govt. Senior Secondary School Nazareth,Jalandhar,Unknown,108,Primary,English
SCH0472,2025-09,59.1,3756.0,2,2,Govt. Senior Secondary School Nazareth,Jalandhar,Unknown,108,Primary,English
SCH0472,2025-10,0.0,3996.0,1,1,Govt. Senior Secondary School Nazareth,Jalandhar,Unknown,108,Primary,English
SCH0472,2026-01,0.0,7271.0,2,2,Govt. Senior Secondary School Nazareth,Jalandhar,Unknown,108,Primary,English
SCH0472,2026-02,40.6,1624.0,1,1,Govt. Senior Secondary School Nazareth,Jalandhar,Unknown,108,Primary,English
SCH0473,2025-04,0.0,2448.0,1,1,Govt. Middle School Nori,Jalandhar,Phillaur,346,Primary,Hindi
SCH0473,2025-05,0.0,0.0,1,1,Govt. Middle School Nori,Jalandhar,Phillaur,346,Primary,Hindi
SCH0473,2025-06,57800.0,6936.0,1,1,Govt. Middle School Nori,Jalandhar,Phillaur,346,Primary,Hindi
SCH0473,2025-07,59900.0,6633.0,2,2,Govt. Middle School Nori,Jalandhar,Phillaur,346,Primary,Hindi
SCH0473,2025-08,90644.7,14971.0,5,3,Govt. Middle School Nori,Jalandhar,Phillaur,346,Primary,Hindi
SCH0473,2025-09,52427.5,4872.0,2,2,Govt. Middle School Nori,Jalandhar,Phillaur,346,Primary,Hindi
SCH0473,2025-10,0.0,5352.0,1,1,Govt. Middle School Nori,Jalandhar,Phillaur,346,Primary,Hindi
SCH0473,2025-11,0.0,885.0,1,1,Govt. Middle School Nori,Jalandhar,Phillaur,346,Primary,Hindi
SCH0473,2026-02,55137.3,3145.0,2,2,Govt. Middle School Nori,Jalandhar,Phillaur,346,Primary,Hindi
SCH0473,2026-03,1.094,5625.0,2,2,Govt. Middle School Nori,Jalandhar,Phillaur,346,Primary,Hindi
SCH0474,2025-04,0.982,4419.0,1,1,Govt. Senior Secondary School Borra,Sangrur,Dhuri,286,Higher Secondary,Hindi
SCH0474,2025-05,60.86,4111.0,2,2,Govt. Senior Secondary School Borra,Sangrur,Dhuri,286,Higher Secondary,Hindi
SCH0474,2025-06,50.1,2004.0,1,1,Govt. Senior Secondary School Borra,Sangrur,Dhuri,286,Higher Secondary,Hindi
SCH0474,2025-07,39.5,4740.0,1,1,Govt. Senior Secondary School Borra,Sangrur,Dhuri,286,Higher Secondary,Hindi
SCH0474,2025-08,13848.4,5598.0,2,2,Govt. Senior Secondary School Borra,Sangrur,Dhuri,286,Higher Secondary,Hindi
SCH0474,2025-09,0.0,0.0,1,1,Govt. Senior Secondary School Borra,Sangrur,Dhuri,286,Higher Secondary,Hindi
SCH0474,2025-10,29500.0,2704.0,2,1,Govt. Senior Secondary School Borra,Sangrur,Dhuri,286,Higher Secondary,Hindi
SCH0474,2025-11,52951.2,10417.0,4,3,Govt. Senior Secondary School Borra,Sangrur,Dhuri,286,Higher Secondary,Hindi
SCH0474,2025-12,44.0,14751.0,4,4,Govt. Senior Secondary School Borra,Sangrur,Dhuri,286,Higher Secondary,Hindi
SCH0474,2026-01,0.462,0.0,1,1,Govt. Senior Secondary School Borra,Sangrur,Dhuri,286,Higher Secondary,Hindi
SCH0474,2026-02,34.4,10272.0,2,2,Govt. Senior Secondary School Borra,Sangrur,Dhuri,286,Higher Secondary,Hindi
SCH0475,2025-04,81.5,9837.0,3,3,Govt. Primary School Prakash,Bathinda,Maur,410,Higher Secondary,Punjabi
SCH0475,2025-06,38100.986,3115.0,2,2,Govt. Primary School Prakash,Bathinda,Maur,410,Higher Secondary,Punjabi
SCH0475,2025-07,12657.3,2796.0,2,2,Govt. Primary School Prakash,Bathinda,Maur,410,Higher Secondary,Punjabi
SCH0475,2025-08,51325.024,2527.0,3,3,Govt. Primary School Prakash,Bathinda,Maur,410,Higher Secondary,Punjabi
SCH0475,2025-09,0.994,2351.0,2,1,Govt. Primary School Prakash,Bathinda,Maur,410,Higher Secondary,Punjabi
SCH0475,2025-11,0.7,5454.0,2,2,Govt. Primary School Prakash,Bathinda,Maur,410,Higher Secondary,Punjabi
SCH0475,2025-12,0.0,4616.0,2,2,Govt. Primary School Prakash,Bathinda,Maur,410,Higher Secondary,Punjabi
SCH0475,2026-01,48501.16,8896.0,5,4,Govt. Primary School Prakash,Bathinda,Maur,410,Higher Secondary,Punjabi
SCH0476,2025-04,0.0,0.0,1,1,Govt. Primary School Chowdhury,Jalandhar,Jalandhar-I,48,Higher Secondary,Hindi
SCH0476,2025-05,19.3,3432.0,2,2,Govt. Primary School Chowdhury,Jalandhar,Jalandhar-I,48,Higher Secondary,Hindi
SCH0476,2025-06,29300.0,3237.0,2,2,Govt. Primary School Chowdhury,Jalandhar,Jalandhar-I,48,Higher Secondary,Hindi
SCH0476,2025-07,49601.192,11316.0,2,2,Govt. Primary School Chowdhury,Jalandhar,Jalandhar-I,48,Higher Secondary,Hindi
SCH0476,2025-08,0.81,3372.0,4,4,Govt. Primary School Chowdhury,Jalandhar,Jalandhar-I,48,Higher Secondary,Hindi
SCH0476,2025-10,46.44,6498.0,3,3,Govt. Primary School Chowdhury,Jalandhar,Jalandhar-I,48,Higher Secondary,Hindi
SCH0476,2025-11,20700.0,828.0,1,1,Govt. Primary School Chowdhury,Jalandhar,Jalandhar-I,48,Higher Secondary,Hindi
SCH0476,2025-12,44.0,3236.0,2,2,Govt. Primary School Chowdhury,Jalandhar,Jalandhar-I,48,Higher Secondary,Hindi
SCH0476,2026-01,33200.688,7080.0,2,2,Govt. Primary School Chowdhury,Jalandhar,Jalandhar-I,48,Higher Secondary,Hindi
SCH0476,2026-02,0.89,4005.0,1,1,Govt. Primary School Chowdhury,Jalandhar,Jalandhar-I,48,Higher Secondary,Hindi
SCH0476,2026-03,25.242,4089.0,2,2,Govt. Primary School Chowdhury,Jalandhar,Jalandhar-I,48,Higher Secondary,Hindi
SCH0477,2025-05,0.0,9818.0,3,3,Govt. Primary School Gupta,Ludhiana,Ludhiana-I,87,Upper Primary,Punjabi
SCH0477,2025-07,0.758,8253.0,2,2,Govt. Primary School Gupta,Ludhiana,Ludhiana-I,87,Upper Primary,Punjabi
SCH0477,2025-08,60800.0,9541.0,5,4,Govt. Primary School Gupta,Ludhiana,Ludhiana-I,87,Upper Primary,Punjabi
SCH0477,2025-09,22.564,6514.0,5,4,Govt. Primary School Gupta,Ludhiana,Ludhiana-I,87,Upper Primary,Punjabi
SCH0477,2025-10,21936.9,1983.0,2,2,Govt. Primary School Gupta,Ludhiana,Ludhiana-I,87,Upper Primary,Punjabi
SCH0477,2025-11,1.1480000000000001,2349.0,2,2,Govt. Primary School Gupta,Ludhiana,Ludhiana-I,87,Upper Primary,Punjabi
SCH0477,2025-12,0.282,423.0,1,1,Govt. Primary School Gupta,Ludhiana,Ludhiana-I,87,Upper Primary,Punjabi
SCH0477,2026-02,16.0,12874.0,5,5,Govt. Primary School Gupta,Ludhiana,Ludhiana-I,87,Upper Primary,Punjabi
SCH0477,2026-03,69301.064,9096.0,3,2,Govt. Primary School Gupta,Ludhiana,Ludhiana-I,87,Upper Primary,Punjabi
SCH0478,2025-05,0.47,940.0,1,1,Govt. Elementary School Padmanabhan,Ferozepur,Makhu,62,Higher Secondary,Punjabi
SCH0478,2025-07,0.0,508.0,2,2,Govt. Elementary School Padmanabhan,Ferozepur,Makhu,62,Higher Secondary,Punjabi
SCH0478,2025-08,52660.824,8953.0,3,3,Govt. Elementary School Padmanabhan,Ferozepur,Makhu,62,Higher Secondary,Punjabi
SCH0478,2025-09,21332.4,2889.0,2,2,Govt. Elementary School Padmanabhan,Ferozepur,Makhu,62,Higher Secondary,Punjabi
SCH0478,2025-10,0.75,1500.0,1,1,Govt. Elementary School Padmanabhan,Ferozepur,Makhu,62,Higher Secondary,Punjabi
SCH0478,2025-11,50900.352,2740.0,2,2,Govt. Elementary School Padmanabhan,Ferozepur,Makhu,62,Higher Secondary,Punjabi
SCH0478,2026-01,63.1,4779.0,2,2,Govt. Elementary School Padmanabhan,Ferozepur,Makhu,62,Higher Secondary,Punjabi
SCH0478,2026-02,10.7,0.0,1,1,Govt. Elementary School Padmanabhan,Ferozepur,Makhu,62,Higher Secondary,Punjabi
SCH0478,2026-03,21800.0,1630.0,2,2,Govt. Elementary School Padmanabhan,Ferozepur,Makhu,62,Higher Secondary,Punjabi
SCH0479,2025-04,0.812,1218.0,1,1,Govt. Primary School Tank,Moga,Moga-I,257,Higher Secondary,Hindi
SCH0479,2025-05,35600.666,7269.0,2,2,Govt. Primary School Tank,Moga,Moga-I,257,Higher Secondary,Hindi
SCH0479,2025-06,0.0,1857.0,2,2,Govt. Primary School Tank,Moga,Moga-I,257,Higher Secondary,Hindi
SCH0479,2025-07,40.5,3645.0,1,1,Govt. Primary School Tank,Moga,Moga-I,257,Higher Secondary,Hindi
SCH0479,2025-08,0.0,792.0,1,1,Govt. Primary School Tank,Moga,Moga-I,257,Higher Secondary,Hindi
SCH0479,2025-09,14.276,12144.0,4,4,Govt. Primary School Tank,Moga,Moga-I,257,Higher Secondary,Hindi
SCH0479,2025-10,95900.0,3015.0,3,3,Govt. Primary School Tank,Moga,Moga-I,257,Higher Secondary,Hindi
SCH0479,2025-11,39.8,1194.0,1,1,Govt. Primary School Tank,Moga,Moga-I,257,Higher Secondary,Hindi
SCH0479,2026-03,51800.0,2898.0,2,2,Govt. Primary School Tank,Moga,Moga-I,257,Higher Secondary,Hindi
SCH0480,2025-04,35.564,4137.0,2,2,Govt. Primary School Brar,Unknown,Makhu,136,Primary,Punjabi
SCH0480,2025-07,1.584,5010.0,3,3,Govt. Primary School Brar,Unknown,Makhu,136,Primary,Punjabi
SCH0480,2025-08,57.6,8112.0,2,2,Govt. Primary School Brar,Unknown,Makhu,136,Primary,Punjabi
SCH0480,2025-09,50800.0,4572.0,1,1,Govt. Primary School Brar,Unknown,Makhu,136,Primary,Punjabi
SCH0480,2025-10,45.056,3490.0,3,2,Govt. Primary School Brar,Unknown,Makhu,136,Primary,Punjabi
SCH0480,2025-11,110.0,13200.0,2,2,Govt. Primary School Brar,Unknown,Makhu,136,Primary,Punjabi
SCH0480,2026-01,0.544,1088.0,1,1,Govt. Primary School Brar,Unknown,Makhu,136,Primary,Punjabi
SCH0480,2026-03,0.76,6420.0,2,2,Govt. Primary School Brar,Unknown,Makhu,136,Primary,Punjabi
SCH0481,2025-04,47.3,6483.0,3,3,Govt. Middle School Bhatti,Patiala,Samana,249,Upper Primary,Hindi
SCH0481,2025-05,29400.0,0.0,1,1,Govt. Middle School Bhatti,Patiala,Samana,249,Upper Primary,Hindi
SCH0481,2025-06,26.688,1488.0,2,2,Govt. Middle School Bhatti,Patiala,Samana,249,Upper Primary,Hindi
SCH0481,2025-07,0.0,2472.0,1,1,Govt. Middle School Bhatti,Patiala,Samana,249,Upper Primary,Hindi
SCH0481,2025-08,29.7,3564.0,1,1,Govt. Middle School Bhatti,Patiala,Samana,249,Upper Primary,Hindi
SCH0481,2025-09,45616.8,6144.0,2,1,Govt. Middle School Bhatti,Patiala,Samana,249,Upper Primary,Hindi
SCH0481,2025-10,65619.0,4979.0,4,4,Govt. Middle School Bhatti,Patiala,Samana,249,Upper Primary,Hindi
SCH0481,2025-11,0.0,3222.0,1,1,Govt. Middle School Bhatti,Patiala,Samana,249,Upper Primary,Hindi
SCH0481,2025-12,13.1,2053.0,2,2,Govt. Middle School Bhatti,Patiala,Samana,249,Upper Primary,Hindi
SCH0481,2026-01,0.63,3987.0,2,2,Govt. Middle School Bhatti,Patiala,Samana,249,Upper Primary,Hindi
SCH0481,2026-02,29.854,4800.0,2,2,Govt. Middle School Bhatti,Patiala,Samana,249,Upper Primary,Hindi
SCH0481,2026-03,0.922,10053.0,3,3,Govt. Middle School Bhatti,Patiala,Samana,249,Upper Primary,Hindi
SCH0482,2025-04,0.0,1767.0,1,1,Govt. Elementary School Sibal,Ferozepur,Makhu,353,Higher Secondary,Hindi
SCH0482,2025-06,22212.2,3096.0,2,2,Govt. Elementary School Sibal,Ferozepur,Makhu,353,Higher Secondary,Hindi
SCH0482,2025-07,57700.0,2308.0,1,1,Govt. Elementary School Sibal,Ferozepur,Makhu,353,Higher Secondary,Hindi
SCH0482,2025-08,53.062,7421.0,3,3,Govt. Elementary School Sibal,Ferozepur,Makhu,353,Higher Secondary,Hindi
SCH0482,2025-09,73400.0,2936.0,3,3,Govt. Elementary School Sibal,Ferozepur,Makhu,353,Higher Secondary,Hindi
SCH0482,2025-11,91200.0,9570.0,2,1,Govt. Elementary School Sibal,Ferozepur,Makhu,353,Higher Secondary,Hindi
SCH0482,2025-12,15.0,2366.0,2,2,Govt. Elementary School Sibal,Ferozepur,Makhu,353,Higher Secondary,Hindi
SCH0482,2026-01,0.652,10390.0,3,3,Govt. Elementary School Sibal,Ferozepur,Makhu,353,Higher Secondary,Hindi
SCH0482,2026-02,50233.0,3104.0,3,3,Govt. Elementary School Sibal,Ferozepur,Makhu,353,Higher Secondary,Hindi
SCH0483,2025-04,0.0,1257.0,1,1,Govt. Middle School Varkey,Sangrur,Sunam,229,Higher Secondary,Punjabi
SCH0483,2025-05,26.2,4708.0,2,2,Govt. Middle School Varkey,Sangrur,Sunam,229,Higher Secondary,Punjabi
SCH0483,2025-06,0.426,3452.0,2,2,Govt. Middle School Varkey,Sangrur,Sunam,229,Higher Secondary,Punjabi
SCH0483,2025-08,1.102,4460.0,2,2,Govt. Middle School Varkey,Sangrur,Sunam,229,Higher Secondary,Punjabi
SCH0483,2025-09,45.65,2934.0,2,1,Govt. Middle School Varkey,Sangrur,Sunam,229,Higher Secondary,Punjabi
SCH0483,2025-10,0.0,8376.0,2,2,Govt. Middle School Varkey,Sangrur,Sunam,229,Higher Secondary,Punjabi
SCH0483,2025-11,1.054,6324.0,1,1,Govt. Middle School Varkey,Sangrur,Sunam,229,Higher Secondary,Punjabi
SCH0483,2025-12,32.406,5504.0,2,2,Govt. Middle School Varkey,Sangrur,Sunam,229,Higher Secondary,Punjabi
SCH0483,2026-02,54.9,5242.0,3,2,Govt. Middle School Varkey,Sangrur,Sunam,229,Higher Secondary,Punjabi
SCH0483,2026-03,0.0,1770.0,2,2,Govt. Middle School Varkey,Sangrur,Sunam,229,Higher Secondary,Punjabi
SCH0484,2025-04,35.9,3231.0,1,1,Govt. Elementary School Hayre,Jalandhar,Jalandhar-I,422,Upper Primary,Hindi
SCH0484,2025-05,10.9,436.0,1,1,Govt. Elementary School Hayre,Jalandhar,Jalandhar-I,422,Upper Primary,Hindi
SCH0484,2025-07,70.0,8733.0,3,3,Govt. Elementary School Hayre,Jalandhar,Jalandhar-I,422,Upper Primary,Hindi
SCH0484,2025-09,59835.8,6456.0,2,2,Govt. Elementary School Hayre,Jalandhar,Jalandhar-I,422,Upper Primary,Hindi
SCH0484,2025-10,30700.0,1228.0,2,2,Govt. Elementary School Hayre,Jalandhar,Jalandhar-I,422,Upper Primary,Hindi
SCH0484,2025-12,0.586,3516.0,1,1,Govt. Elementary School Hayre,Jalandhar,Jalandhar-I,422,Upper Primary,Hindi
SCH0484,2026-01,26548.4,6868.0,2,2,Govt. Elementary School Hayre,Jalandhar,Jalandhar-I,422,Upper Primary,Hindi
SCH0484,2026-02,0.6779999999999999,1356.0,1,1,Govt. Elementary School Hayre,Jalandhar,Jalandhar-I,422,Upper Primary,Hindi
SCH0484,2026-03,0.0,6816.0,1,1,Govt. Elementary School Hayre,Jalandhar,Jalandhar-I,422,Upper Primary,Hindi
SCH0485,2025-04,39420.9,6054.0,2,2,Govt. Senior Secondary School Gola,Ludhiana,Ludhiana-II,239,Primary,Hindi
SCH0485,2025-05,24849.452,9336.0,3,3,Govt. Senior Secondary School Gola,Ludhiana,Ludhiana-II,239,Primary,Hindi
SCH0485,2025-06,38.2,3438.0,1,1,Govt. Senior Secondary School Gola,Ludhiana,Ludhiana-II,239,Primary,Hindi
SCH0485,2025-08,54.5,3819.0,2,2,Govt. Senior Secondary School Gola,Ludhiana,Ludhiana-II,239,Primary,Hindi
SCH0485,2025-09,1.022,4386.0,2,2,Govt. Senior Secondary School Gola,Ludhiana,Ludhiana-II,239,Primary,Hindi
SCH0485,2025-10,74812.7,11925.0,4,4,Govt. Senior Secondary School Gola,Ludhiana,Ludhiana-II,239,Primary,Hindi
SCH0485,2025-11,0.0,1836.0,1,1,Govt. Senior Secondary School Gola,Ludhiana,Ludhiana-II,239,Primary,Hindi
SCH0485,2025-12,34.8,5103.0,3,3,Govt. Senior Secondary School Gola,Ludhiana,Ludhiana-II,239,Primary,Hindi
SCH0485,2026-01,84.6,9459.0,3,3,Govt. Senior Secondary School Gola,Ludhiana,Ludhiana-II,239,Primary,Hindi
SCH0485,2026-02,25.8,774.0,1,1,Govt. Senior Secondary School Gola,Ludhiana,Ludhiana-II,239,Primary,Hindi
SCH0486,2025-04,48300.0,6597.0,4,4,Govt. Primary School Johal,Ferozepur,Ferozepur,72,Secondary,Punjabi
SCH0486,2025-05,34.9,1047.0,1,1,Govt. Primary School Johal,Ferozepur,Ferozepur,72,Secondary,Punjabi
SCH0486,2025-07,51.3,2496.0,2,2,Govt. Primary School Johal,Ferozepur,Ferozepur,72,Secondary,Punjabi
SCH0486,2025-08,21100.0,5544.0,3,2,Govt. Primary School Johal,Ferozepur,Ferozepur,72,Secondary,Punjabi
SCH0486,2025-10,24.0,3150.0,2,2,Govt. Primary School Johal,Ferozepur,Ferozepur,72,Secondary,Punjabi
SCH0486,2025-11,25600.0,1024.0,1,1,Govt. Primary School Johal,Ferozepur,Ferozepur,72,Secondary,Punjabi
SCH0486,2025-12,0.0,804.0,1,1,Govt. Primary School Johal,Ferozepur,Ferozepur,72,Secondary,Punjabi
SCH0486,2026-01,46740.348,10451.0,3,3,Govt. Primary School Johal,Ferozepur,Ferozepur,72,Secondary,Punjabi
SCH0486,2026-02,57518.904,16804.0,6,5,Govt. Primary School Johal,Ferozepur,Ferozepur,72,Secondary,Punjabi
SCH0486,2026-03,0.0,1473.0,1,1,Govt. Primary School Johal,Ferozepur,Ferozepur,72,Secondary,Punjabi
SCH0487,2025-05,32800.668,2314.0,2,2,Govt. Senior Secondary School Keer,Bathinda,Bathinda,436,Higher Secondary,Hindi
SCH0487,2025-06,0.366,549.0,1,1,Govt. Senior Secondary School Keer,Bathinda,Bathinda,436,Higher Secondary,Hindi
SCH0487,2025-08,13.9,2724.0,2,1,Govt. Senior Secondary School Keer,Bathinda,Bathinda,436,Higher Secondary,Hindi
SCH0487,2025-09,0.34,1241.0,2,2,Govt. Senior Secondary School Keer,Bathinda,Bathinda,436,Higher Secondary,Hindi
SCH0487,2025-11,0.642,1284.0,1,1,Govt. Senior Secondary School Keer,Bathinda,Bathinda,436,Higher Secondary,Hindi
SCH0487,2025-12,0.0,2772.0,1,1,Govt. Senior Secondary School Keer,Bathinda,Bathinda,436,Higher Secondary,Hindi
SCH0487,2026-01,58.1,7539.0,2,2,Govt. Senior Secondary School Keer,Bathinda,Bathinda,436,Higher Secondary,Hindi
SCH0487,2026-02,23200.656,5275.0,3,3,Govt. Senior Secondary School Keer,Bathinda,Bathinda,436,Higher Secondary,Hindi
SCH0487,2026-03,0.264,828.0,2,2,Govt. Senior Secondary School Keer,Bathinda,Bathinda,436,Higher Secondary,Hindi
SCH0488,2025-05,51.8,6216.0,1,1,Govt. Primary School Nayak,Bathinda,Maur,57,Upper Primary,Punjabi
SCH0488,2025-06,0.0,4338.0,1,1,Govt. Primary School Nayak,Bathinda,Maur,57,Upper Primary,Punjabi
SCH0488,2025-07,0.632,4104.0,2,2,Govt. Primary School Nayak,Bathinda,Maur,57,Upper Primary,Punjabi
SCH0488,2025-08,43.4,1302.0,1,1,Govt. Primary School Nayak,Bathinda,Maur,57,Upper Primary,Punjabi
SCH0488,2025-09,1.05,1575.0,1,1,Govt. Primary School Nayak,Bathinda,Maur,57,Upper Primary,Punjabi
SCH0488,2025-10,0.0,4872.0,1,1,Govt. Primary School Nayak,Bathinda,Maur,57,Upper Primary,Punjabi
SCH0488,2025-11,0.0,3609.0,1,1,Govt. Primary School Nayak,Bathinda,Maur,57,Upper Primary,Punjabi
SCH0488,2025-12,55.9,2775.0,2,2,Govt. Primary School Nayak,Bathinda,Maur,57,Upper Primary,Punjabi
SCH0488,2026-01,1.118,2609.0,2,2,Govt. Primary School Nayak,Bathinda,Maur,57,Upper Primary,Punjabi
SCH0488,2026-02,54900.0,3106.0,2,2,Govt. Primary School Nayak,Bathinda,Maur,57,Upper Primary,Punjabi
SCH0488,2026-03,0.288,1728.0,1,1,Govt. Primary School Nayak,Bathinda,Maur,57,Upper Primary,Punjabi
SCH0489,2025-04,1.6800000000000002,5120.0,2,2,Govt. Elementary School Pant,Jalandhar,Jalandhar-I,181,Secondary,Hindi
SCH0489,2025-05,42753.666,12279.0,5,5,Govt. Elementary School Pant,Jalandhar,Jalandhar-I,181,Secondary,Hindi
SCH0489,2025-06,54.4,3809.0,4,4,Govt. Elementary School Pant,Jalandhar,Jalandhar-I,181,Secondary,Hindi
SCH0489,2025-07,45000.564,2478.0,2,2,Govt. Elementary School Pant,Jalandhar,Jalandhar-I,181,Secondary,Hindi
SCH0489,2025-08,0.0,1920.0,1,1,Govt. Elementary School Pant,Jalandhar,Jalandhar-I,181,Secondary,Hindi
SCH0489,2025-09,0.5,3000.0,1,1,Govt. Elementary School Pant,Jalandhar,Jalandhar-I,181,Secondary,Hindi
SCH0489,2025-10,19600.0,784.0,1,1,Govt. Elementary School Pant,Jalandhar,Jalandhar-I,181,Secondary,Hindi
SCH0489,2025-11,0.82,6762.0,2,2,Govt. Elementary School Pant,Jalandhar,Jalandhar-I,181,Secondary,Hindi
SCH0489,2026-01,0.0,972.0,1,1,Govt. Elementary School Pant,Jalandhar,Jalandhar-I,181,Secondary,Hindi
SCH0489,2026-02,43101.752,11520.0,4,2,Govt. Elementary School Pant,Jalandhar,Jalandhar-I,181,Secondary,Hindi
SCH0489,2026-03,47.8,5736.0,1,1,Govt. Elementary School Pant,Jalandhar,Jalandhar-I,181,Secondary,Hindi
SCH0490,2025-04,41600.488,4176.0,2,2,Govt. Middle School Dutta,Ludhiana,Ludhiana-I,86,Secondary,Hindi
SCH0490,2025-05,98.80000000000001,6914.0,3,3,Govt. Middle School Dutta,Ludhiana,Ludhiana-I,86,Secondary,Hindi
SCH0490,2025-06,24.4,976.0,1,1,Govt. Middle School Dutta,Ludhiana,Ludhiana-I,86,Secondary,Hindi
SCH0490,2025-07,0.442,1989.0,1,1,Govt. Middle School Dutta,Ludhiana,Ludhiana-I,86,Secondary,Hindi
SCH0490,2025-08,25700.0,5217.0,2,2,Govt. Middle School Dutta,Ludhiana,Ludhiana-I,86,Secondary,Hindi
SCH0490,2025-10,37.6,4512.0,1,1,Govt. Middle School Dutta,Ludhiana,Ludhiana-I,86,Secondary,Hindi
SCH0490,2025-11,0.0,4833.0,2,2,Govt. Middle School Dutta,Ludhiana,Ludhiana-I,86,Secondary,Hindi
SCH0490,2026-01,71.30799999999999,3861.0,4,4,Govt. Middle School Dutta,Ludhiana,Ludhiana-I,86,Secondary,Hindi
SCH0490,2026-03,84400.476,7278.0,3,2,Govt. Middle School Dutta,Ludhiana,Ludhiana-I,86,Secondary,Hindi
SCH0491,2025-05,43001.138,5121.0,2,2,Govt. Primary School Raman,Unknown,Dhuri,334,Upper Primary,Hindi
SCH0491,2025-06,25.0,3000.0,1,1,Govt. Primary School Raman,Unknown,Dhuri,334,Upper Primary,Hindi
SCH0491,2025-09,0.6759999999999999,6588.0,2,2,Govt. Primary School Raman,Unknown,Dhuri,334,Upper Primary,Hindi
SCH0491,2025-10,0.0,2304.0,1,1,Govt. Primary School Raman,Unknown,Dhuri,334,Upper Primary,Hindi
SCH0491,2025-11,19600.374,1345.0,2,2,Govt. Primary School Raman,Unknown,Dhuri,334,Upper Primary,Hindi
SCH0491,2025-12,34.166000000000004,2547.0,2,2,Govt. Primary School Raman,Unknown,Dhuri,334,Upper Primary,Hindi
SCH0491,2026-01,54.4,0.0,2,2,Govt. Primary School Raman,Unknown,Dhuri,334,Upper Primary,Hindi
SCH0491,2026-02,40.3,2791.0,2,2,Govt. Primary School Raman,Unknown,Dhuri,334,Upper Primary,Hindi
SCH0491,2026-03,10700.0,1393.0,2,1,Govt. Primary School Raman,Unknown,Dhuri,334,Upper Primary,Hindi
SCH0492,2025-05,0.0,1386.0,1,1,Govt. Middle School Dalal,Bathinda,Rampura Phul,99,Secondary,Punjabi
SCH0492,2025-06,27.3,2457.0,1,1,Govt. Middle School Dalal,Bathinda,Rampura Phul,99,Secondary,Punjabi
SCH0492,2025-07,0.0,2637.0,1,1,Govt. Middle School Dalal,Bathinda,Rampura Phul,99,Secondary,Punjabi
SCH0492,2025-10,35.4,1416.0,1,1,Govt. Middle School Dalal,Bathinda,Rampura Phul,99,Secondary,Punjabi
SCH0492,2025-11,94701.97200000001,9027.0,4,3,Govt. Middle School Dalal,Bathinda,Rampura Phul,99,Secondary,Punjabi
SCH0492,2025-12,44.8,5376.0,1,1,Govt. Middle School Dalal,Bathinda,Rampura Phul,99,Secondary,Punjabi
SCH0492,2026-01,92901.214,8164.0,5,4,Govt. Middle School Dalal,Bathinda,Rampura Phul,99,Secondary,Punjabi
SCH0493,2025-05,0.0,1752.0,1,1,Govt. Primary School Bhattacharyya,Sangrur,Sunam,427,Higher Secondary,English
SCH0493,2025-06,51800.0,0.0,1,1,Govt. Primary School Bhattacharyya,Sangrur,Sunam,427,Higher Secondary,English
SCH0493,2025-07,32000.96,8417.0,3,3,Govt. Primary School Bhattacharyya,Sangrur,Sunam,427,Higher Secondary,English
SCH0493,2025-08,56868.6,6036.0,3,3,Govt. Primary School Bhattacharyya,Sangrur,Sunam,427,Higher Secondary,English
SCH0493,2025-09,59000.0,5310.0,1,1,Govt. Primary School Bhattacharyya,Sangrur,Sunam,427,Higher Secondary,English
SCH0493,2025-10,38.3,1149.0,1,1,Govt. Primary School Bhattacharyya,Sangrur,Sunam,427,Higher Secondary,English
SCH0493,2025-11,28600.936,6306.0,3,3,Govt. Primary School Bhattacharyya,Sangrur,Sunam,427,Higher Secondary,English
SCH0493,2025-12,117000.534,12082.0,4,4,Govt. Primary School Bhattacharyya,Sangrur,Sunam,427,Higher Secondary,English
SCH0493,2026-01,1.042,6252.0,1,1,Govt. Primary School Bhattacharyya,Sangrur,Sunam,427,Higher Secondary,English
SCH0493,2026-02,0.0,0.0,1,1,Govt. Primary School Bhattacharyya,Sangrur,Sunam,427,Higher Secondary,English
SCH0493,2026-03,0.634,1268.0,1,1,Govt. Primary School Bhattacharyya,Sangrur,Sunam,427,Higher Secondary,English
SCH0494,2025-04,96.008,19957.0,5,4,Govt. Senior Secondary School Kurian,Amritsar,Tarn Taran,364,Upper Primary,Punjabi
SCH0494,2025-06,30200.584,6740.0,4,4,Govt. Senior Secondary School Kurian,Amritsar,Tarn Taran,364,Upper Primary,Punjabi
SCH0494,2025-08,0.386,1737.0,1,1,Govt. Senior Secondary School Kurian,Amritsar,Tarn Taran,364,Upper Primary,Punjabi
SCH0494,2025-09,0.0,1740.0,1,1,Govt. Senior Secondary School Kurian,Amritsar,Tarn Taran,364,Upper Primary,Punjabi
SCH0494,2025-10,2.04,8100.0,2,2,Govt. Senior Secondary School Kurian,Amritsar,Tarn Taran,364,Upper Primary,Punjabi
SCH0494,2025-11,54.7,6040.0,5,5,Govt. Senior Secondary School Kurian,Amritsar,Tarn Taran,364,Upper Primary,Punjabi
SCH0494,2025-12,0.218,981.0,1,1,Govt. Senior Secondary School Kurian,Amritsar,Tarn Taran,364,Upper Primary,Punjabi
SCH0494,2026-01,20.8,832.0,1,1,Govt. Senior Secondary School Kurian,Amritsar,Tarn Taran,364,Upper Primary,Punjabi
SCH0494,2026-03,0.0,5850.0,2,2,Govt. Senior Secondary School Kurian,Amritsar,Tarn Taran,364,Upper Primary,Punjabi
SCH0495,2025-04,40700.0,3663.0,1,1,Govt. Elementary School Sandal,Moga,Moga-I,398,Upper Primary,English
SCH0495,2025-05,0.0,4400.0,3,2,Govt. Elementary School Sandal,Moga,Moga-I,398,Upper Primary,English
SCH0495,2025-06,42527.284,6936.0,3,3,Govt. Elementary School Sandal,Moga,Moga-I,398,Upper Primary,English
SCH0495,2025-07,59800.0,2601.0,3,3,Govt. Elementary School Sandal,Moga,Moga-I,398,Upper Primary,English
SCH0495,2025-08,15500.0,5076.0,2,2,Govt. Elementary School Sandal,Moga,Moga-I,398,Upper Primary,English
SCH0495,2025-10,41567.512,11359.0,6,4,Govt. Elementary School Sandal,Moga,Moga-I,398,Upper Primary,English
SCH0495,2025-12,21.4,1926.0,1,1,Govt. Elementary School Sandal,Moga,Moga-I,398,Upper Primary,English
SCH0495,2026-01,48.0,1920.0,1,1,Govt. Elementary School Sandal,Moga,Moga-I,398,Upper Primary,English
SCH0495,2026-02,44900.986,7712.0,2,2,Govt. Elementary School Sandal,Moga,Moga-I,398,Upper Primary,English
SCH0495,2026-03,30900.986,9624.0,2,2,Govt. Elementary School Sandal,Moga,Moga-I,398,Upper Primary,English
SCH0496,2025-04,44700.738,6471.0,2,2,Govt. Middle School Hayre,Amritsar,Amritsar-II,283,Upper Primary,Hindi
SCH0496,2025-05,22868.9,9795.0,4,3,Govt. Middle School Hayre,Amritsar,Amritsar-II,283,Upper Primary,Hindi
SCH0496,2025-06,48.2,8106.0,2,2,Govt. Middle School Hayre,Amritsar,Amritsar-II,283,Upper Primary,Hindi
SCH0496,2025-07,23000.0,920.0,1,1,Govt. Middle School Hayre,Amritsar,Amritsar-II,283,Upper Primary,Hindi
SCH0496,2025-08,0.0,1152.0,1,1,Govt. Middle School Hayre,Amritsar,Amritsar-II,283,Upper Primary,Hindi
SCH0496,2025-09,25.6,7665.0,3,3,Govt. Middle School Hayre,Amritsar,Amritsar-II,283,Upper Primary,Hindi
SCH0496,2025-10,36240.2,4704.0,2,2,Govt. Middle School Hayre,Amritsar,Amritsar-II,283,Upper Primary,Hindi
SCH0496,2025-11,15.7,628.0,1,1,Govt. Middle School Hayre,Amritsar,Amritsar-II,283,Upper Primary,Hindi
SCH0496,2025-12,0.0,5400.0,1,1,Govt. Middle School Hayre,Amritsar,Amritsar-II,283,Upper Primary,Hindi
SCH0496,2026-01,36045.602,19095.0,6,4,Govt. Middle School Hayre,Amritsar,Amritsar-II,283,Upper Primary,Hindi
SCH0496,2026-02,0.0,2140.0,1,1,Govt. Middle School Hayre,Amritsar,Amritsar-II,283,Upper Primary,Hindi
SCH0496,2026-03,30.266000000000002,5658.0,3,3,Govt. Middle School Hayre,Amritsar,Amritsar-II,283,Upper Primary,Hindi
SCH0497,2025-04,19652.9,5263.0,3,3,Govt. Senior Secondary School Wali,Sangrur,Sunam,160,Secondary,Hindi
SCH0497,2025-06,37.5,1125.0,1,1,Govt. Senior Secondary School Wali,Sangrur,Sunam,160,Secondary,Hindi
SCH0497,2025-07,52236.3,4833.0,2,2,Govt. Senior Secondary School Wali,Sangrur,Sunam,160,Secondary,Hindi
SCH0497,2025-08,0.236,1416.0,1,1,Govt. Senior Secondary School Wali,Sangrur,Sunam,160,Secondary,Hindi
SCH0497,2025-09,41.0,1230.0,1,1,Govt. Senior Secondary School Wali,Sangrur,Sunam,160,Secondary,Hindi
SCH0497,2025-10,0.5760000000000001,3456.0,1,1,Govt. Senior Secondary School Wali,Sangrur,Sunam,160,Secondary,Hindi
SCH0497,2025-11,28.5,3420.0,1,1,Govt. Senior Secondary School Wali,Sangrur,Sunam,160,Secondary,Hindi
SCH0497,2025-12,0.79,1580.0,1,1,Govt. Senior Secondary School Wali,Sangrur,Sunam,160,Secondary,Hindi
SCH0497,2026-01,0.0,1092.0,1,1,Govt. Senior Secondary School Wali,Sangrur,Sunam,160,Secondary,Hindi
SCH0497,2026-02,1.074,10227.0,3,3,Govt. Senior Secondary School Wali,Sangrur,Sunam,160,Secondary,Hindi
SCH0498,2025-04,24501.102,3184.0,2,2,Govt. Elementary School Pillay,Moga,Moga-II,438,Primary,Hindi
SCH0498,2025-05,45.437999999999995,8689.0,3,3,Govt. Elementary School Pillay,Moga,Moga-II,438,Primary,Hindi
SCH0498,2025-06,20900.0,1691.0,3,3,Govt. Elementary School Pillay,Moga,Moga-II,438,Primary,Hindi
SCH0498,2025-07,30101.244,13389.0,4,4,Govt. Elementary School Pillay,Moga,Moga-II,438,Primary,Hindi
SCH0498,2025-08,0.0,870.0,1,1,Govt. Elementary School Pillay,Moga,Moga-II,438,Primary,Hindi
SCH0498,2025-09,1.156,6831.0,3,3,Govt. Elementary School Pillay,Moga,Moga-II,438,Primary,Hindi
SCH0498,2025-10,18.0,720.0,1,1,Govt. Elementary School Pillay,Moga,Moga-II,438,Primary,Hindi
SCH0498,2025-11,10.768,5376.0,3,2,Govt. Elementary School Pillay,Moga,Moga-II,438,Primary,Hindi
SCH0498,2025-12,1.022,7563.0,2,2,Govt. Elementary School Pillay,Moga,Moga-II,438,Primary,Hindi
SCH0498,2026-01,59635.596000000005,20851.0,6,4,Govt. Elementary School Pillay,Moga,Moga-II,438,Primary,Hindi
SCH0498,2026-03,53200.0,7380.0,3,3,Govt. Elementary School Pillay,Moga,Moga-II,438,Primary,Hindi
SCH0499,2025-06,39300.0,9381.0,3,3,Govt. Middle School Oak,Ludhiana,Machhiwara,230,Higher Secondary,Hindi
SCH0499,2025-07,0.0,3980.0,2,2,Govt. Middle School Oak,Ludhiana,Machhiwara,230,Higher Secondary,Hindi
SCH0499,2025-08,33400.296,4338.0,2,2,Govt. Middle School Oak,Ludhiana,Machhiwara,230,Higher Secondary,Hindi
SCH0499,2025-09,40.5,1668.0,2,2,Govt. Middle School Oak,Ludhiana,Machhiwara,230,Higher Secondary,Hindi
SCH0499,2025-10,0.6779999999999999,1017.0,1,1,Govt. Middle School Oak,Ludhiana,Machhiwara,230,Higher Secondary,Hindi
SCH0499,2025-11,69418.9,5607.0,3,2,Govt. Middle School Oak,Ludhiana,Machhiwara,230,Higher Secondary,Hindi
SCH0499,2026-01,26.95,10194.0,3,2,Govt. Middle School Oak,Ludhiana,Machhiwara,230,Higher Secondary,Hindi
SCH0499,2026-02,20400.816,5688.0,3,3,Govt. Middle School Oak,Ludhiana,Machhiwara,230,Higher Secondary,Hindi
SCH0500,2025-04,0.0,6111.0,2,2,Govt. Elementary School Kala,Bathinda,Talwandi Sabo,153,Upper Primary,Hindi
SCH0500,2025-05,1.16,6872.0,4,4,Govt. Elementary School Kala,Bathinda,Talwandi Sabo,153,Upper Primary,Hindi
SCH0500,2025-07,0.374,2244.0,1,1,Govt. Elementary School Kala,Bathinda,Talwandi Sabo,153,Upper Primary,Hindi
SCH0500,2025-08,0.446,2397.0,2,2,Govt. Elementary School Kala,Bathinda,Talwandi Sabo,153,Upper Primary,Hindi
SCH0500,2025-09,100.1,7026.0,3,2,Govt. Elementary School Kala,Bathinda,Talwandi Sabo,153,Upper Primary,Hindi
SCH0500,2025-10,93842.948,6878.0,4,3,Govt. Elementary School Kala,Bathinda,Talwandi Sabo,153,Upper Primary,Hindi
SCH0500,2025-11,125301.098,14401.0,5,5,Govt. Elementary School Kala,Bathinda,Talwandi Sabo,153,Upper Primary,Hindi
SCH0500,2025-12,0.574,861.0,2,2,Govt. Elementary School Kala,Bathinda,Talwandi Sabo,153,Upper Primary,Hindi
SCH0500,2026-01,40.9,4908.0,1,1,Govt. Elementary School Kala,Bathinda,Talwandi Sabo,153,Upper Primary,Hindi
SCH0500,2026-02,12.484,6846.0,2,2,Govt. Elementary School Kala,Bathinda,Talwandi Sabo,153,Upper Primary,Hindi
SCH0500,2026-03,86.6,6063.0,2,2,Govt. Elementary School Kala,Bathinda,Talwandi Sabo,153,Upper Primary,Hindi
SCH0501,2025-04,1.6099999999999999,2418.0,3,3,Govt. Primary School Devi,Ludhiana,Doraha,241,Upper Primary,Punjabi
SCH0501,2025-06,0.77,4620.0,1,1,Govt. Primary School Devi,Ludhiana,Doraha,241,Upper Primary,Punjabi
SCH0501,2025-07,43.178000000000004,1998.0,2,2,Govt. Primary School Devi,Ludhiana,Doraha,241,Upper Primary,Punjabi
SCH0501,2025-08,34000.0,4080.0,1,1,Govt. Primary School Devi,Ludhiana,Doraha,241,Upper Primary,Punjabi
SCH0501,2025-09,49.8,6470.0,2,2,Govt. Primary School Devi,Ludhiana,Doraha,241,Upper Primary,Punjabi
SCH0501,2025-10,0.0,2366.0,2,2,Govt. Primary School Devi,Ludhiana,Doraha,241,Upper Primary,Punjabi
SCH0501,2025-11,24.4,976.0,1,1,Govt. Primary School Devi,Ludhiana,Doraha,241,Upper Primary,Punjabi
SCH0501,2025-12,0.0,2224.0,1,1,Govt. Primary School Devi,Ludhiana,Doraha,241,Upper Primary,Punjabi
SCH0501,2026-02,40300.984,4675.0,3,3,Govt. Primary School Devi,Ludhiana,Doraha,241,Upper Primary,Punjabi
SCH0502,2025-04,0.0,1215.0,1,1,Govt. Middle School Yogi,Moga,Moga-I,46,Higher Secondary,English
SCH0502,2025-05,10700.0,963.0,1,1,Govt. Middle School Yogi,Moga,Moga-I,46,Higher Secondary,English
SCH0502,2025-06,38300.0,4173.0,3,3,Govt. Middle School Yogi,Moga,Moga-I,46,Higher Secondary,English
SCH0502,2025-07,56000.0,2240.0,1,1,Govt. Middle School Yogi,Moga,Moga-I,46,Higher Secondary,English
SCH0502,2025-08,1.076,4842.0,1,1,Govt. Middle School Yogi,Moga,Moga-I,46,Higher Secondary,English
SCH0502,2025-10,95700.786,13098.0,4,4,Govt. Middle School Yogi,Moga,Moga-I,46,Higher Secondary,English
SCH0502,2025-11,34.1,5616.0,2,2,Govt. Middle School Yogi,Moga,Moga-I,46,Higher Secondary,English
SCH0502,2026-02,0.992,1488.0,1,1,Govt. Middle School Yogi,Moga,Moga-I,46,Higher Secondary,English
SCH0502,2026-03,0.0,1692.0,1,1,Govt. Middle School Yogi,Moga,Moga-I,46,Higher Secondary,English
SCH0503,2025-04,43374.986,17892.0,4,4,Govt. Elementary School Lala,Jalandhar,Nakodar,161,Secondary,Punjabi
SCH0503,2025-05,0.0,1464.0,1,1,Govt. Elementary School Lala,Jalandhar,Nakodar,161,Secondary,Punjabi
SCH0503,2025-07,0.0,576.0,1,1,Govt. Elementary School Lala,Jalandhar,Nakodar,161,Secondary,Punjabi
SCH0503,2025-08,0.0,4680.0,1,1,Govt. Elementary School Lala,Jalandhar,Nakodar,161,Secondary,Punjabi
SCH0503,2025-09,0.0,5067.0,1,1,Govt. Elementary School Lala,Jalandhar,Nakodar,161,Secondary,Punjabi
SCH0503,2025-10,0.0,1140.0,1,1,Govt. Elementary School Lala,Jalandhar,Nakodar,161,Secondary,Punjabi
SCH0503,2025-12,54.071999999999996,7680.0,2,2,Govt. Elementary School Lala,Jalandhar,Nakodar,161,Secondary,Punjabi
SCH0503,2026-02,12.112,2343.0,2,2,Govt. Elementary School Lala,Jalandhar,Nakodar,161,Secondary,Punjabi
SCH0503,2026-03,67.8,6102.0,2,2,Govt. Elementary School Lala,Jalandhar,Nakodar,161,Secondary,Punjabi
SCH0504,2025-06,85.964,10299.0,4,3,Govt. Senior Secondary School Barad,Moga,Bagha Purana,245,Upper Primary,English
SCH0504,2025-07,20.9,1566.0,2,2,Govt. Senior Secondary School Barad,Moga,Bagha Purana,245,Upper Primary,English
SCH0504,2025-08,18.118000000000002,519.0,2,2,Govt. Senior Secondary School Barad,Moga,Bagha Purana,245,Upper Primary,English
SCH0504,2025-09,55831.4,7848.0,2,2,Govt. Senior Secondary School Barad,Moga,Bagha Purana,245,Upper Primary,English
SCH0504,2025-10,83310.4,8433.0,3,3,Govt. Senior Secondary School Barad,Moga,Bagha Purana,245,Upper Primary,English
SCH0504,2025-11,48100.0,0.0,1,1,Govt. Senior Secondary School Barad,Moga,Bagha Purana,245,Upper Primary,English
SCH0504,2025-12,0.0,1728.0,1,1,Govt. Senior Secondary School Barad,Moga,Bagha Purana,245,Upper Primary,English
SCH0504,2026-01,0.0,2348.0,1,1,Govt. Senior Secondary School Barad,Moga,Bagha Purana,245,Upper Primary,English
SCH0504,2026-02,0.7959999999999999,3608.0,2,2,Govt. Senior Secondary School Barad,Moga,Bagha Purana,245,Upper Primary,English
SCH0504,2026-03,28600.0,858.0,1,1,Govt. Senior Secondary School Barad,Moga,Bagha Purana,245,Upper Primary,English
SCH0505,2025-04,33500.0,3015.0,1,1,Govt. Primary School Chakraborty,Patiala,Rajpura,235,Upper Primary,Punjabi
SCH0505,2025-05,0.254,508.0,1,1,Govt. Primary School Chakraborty,Patiala,Rajpura,235,Upper Primary,Punjabi
SCH0505,2025-06,0.0,792.0,1,1,Govt. Primary School Chakraborty,Patiala,Rajpura,235,Upper Primary,Punjabi
SCH0505,2025-07,0.0,1485.0,1,1,Govt. Primary School Chakraborty,Patiala,Rajpura,235,Upper Primary,Punjabi
SCH0505,2025-09,48000.932,3304.0,2,2,Govt. Primary School Chakraborty,Patiala,Rajpura,235,Upper Primary,Punjabi
SCH0505,2025-10,31400.266,4965.0,2,2,Govt. Primary School Chakraborty,Patiala,Rajpura,235,Upper Primary,Punjabi
SCH0505,2025-11,42921.2,4497.0,2,2,Govt. Primary School Chakraborty,Patiala,Rajpura,235,Upper Primary,Punjabi
SCH0505,2026-01,0.0,1548.0,1,1,Govt. Primary School Chakraborty,Patiala,Rajpura,235,Upper Primary,Punjabi
SCH0505,2026-02,1.446,7060.0,3,3,Govt. Primary School Chakraborty,Patiala,Rajpura,235,Upper Primary,Punjabi
SCH0505,2026-03,33835.5,9142.0,3,3,Govt. Primary School Chakraborty,Patiala,Rajpura,235,Upper Primary,Punjabi
SCH0506,2025-04,10800.0,972.0,1,1,Govt. Primary School Parekh,Jalandhar,Nakodar,442,Secondary,Hindi
SCH0506,2025-05,0.0,1890.0,1,1,Govt. Primary School Parekh,Jalandhar,Nakodar,442,Secondary,Hindi
SCH0506,2025-06,87100.0,6636.0,3,3,Govt. Primary School Parekh,Jalandhar,Nakodar,442,Secondary,Hindi
SCH0506,2025-09,0.0,508.0,1,1,Govt. Primary School Parekh,Jalandhar,Nakodar,442,Secondary,Hindi
SCH0506,2025-10,46750.958000000006,11094.0,3,3,Govt. Primary School Parekh,Jalandhar,Nakodar,442,Secondary,Hindi
SCH0506,2025-11,42.554,5052.0,2,2,Govt. Primary School Parekh,Jalandhar,Nakodar,442,Secondary,Hindi
SCH0506,2025-12,0.924,1848.0,1,1,Govt. Primary School Parekh,Jalandhar,Nakodar,442,Secondary,Hindi
SCH0506,2026-01,58110.9,1308.0,2,2,Govt. Primary School Parekh,Jalandhar,Nakodar,442,Secondary,Hindi
SCH0506,2026-02,39800.0,4130.0,3,3,Govt. Primary School Parekh,Jalandhar,Nakodar,442,Secondary,Hindi
SCH0506,2026-03,0.512,7644.0,4,4,Govt. Primary School Parekh,Jalandhar,Nakodar,442,Secondary,Hindi
SCH0507,2025-04,28145.782,6021.0,3,3,Govt. Middle School Gola,Ludhiana,Ludhiana-II,170,Primary,English
SCH0507,2025-05,0.0,1729.0,2,2,Govt. Middle School Gola,Ludhiana,Ludhiana-II,170,Primary,English
SCH0507,2025-07,1.976,13698.0,3,2,Govt. Middle School Gola,Ludhiana,Ludhiana-II,170,Primary,English
SCH0507,2025-08,55500.0,11343.0,3,3,Govt. Middle School Gola,Ludhiana,Ludhiana-II,170,Primary,English
SCH0507,2025-09,0.0,1888.0,1,1,Govt. Middle School Gola,Ludhiana,Ludhiana-II,170,Primary,English
SCH0507,2025-10,17.5,8004.0,2,2,Govt. Middle School Gola,Ludhiana,Ludhiana-II,170,Primary,English
SCH0507,2025-12,0.6779999999999999,3051.0,1,1,Govt. Middle School Gola,Ludhiana,Ludhiana-II,170,Primary,English
SCH0507,2026-01,0.0,1336.0,1,1,Govt. Middle School Gola,Ludhiana,Ludhiana-II,170,Primary,English
SCH0507,2026-02,27.7,3324.0,1,1,Govt. Middle School Gola,Ludhiana,Ludhiana-II,170,Primary,English
SCH0507,2026-03,0.526,2540.0,2,2,Govt. Middle School Gola,Ludhiana,Ludhiana-II,170,Primary,English
SCH0508,2025-04,1.16,1740.0,1,1,Govt. Senior Secondary School Kara,Bathinda,Rampura Phul,50,Secondary,Hindi
SCH0508,2025-05,0.556,6680.0,2,1,Govt. Senior Secondary School Kara,Bathinda,Rampura Phul,50,Secondary,Hindi
SCH0508,2025-06,56108.299999999996,13116.0,5,5,Govt. Senior Secondary School Kara,Bathinda,Rampura Phul,50,Secondary,Hindi
SCH0508,2025-07,55100.0,1653.0,1,1,Govt. Senior Secondary School Kara,Bathinda,Rampura Phul,50,Secondary,Hindi
SCH0508,2025-08,64.8,10581.0,3,3,Govt. Senior Secondary School Kara,Bathinda,Rampura Phul,50,Secondary,Hindi
SCH0508,2025-09,56132.333999999995,5591.0,4,4,Govt. Senior Secondary School Kara,Bathinda,Rampura Phul,50,Secondary,Hindi
SCH0508,2025-10,38.8,1441.0,2,2,Govt. Senior Secondary School Kara,Bathinda,Rampura Phul,50,Secondary,Hindi
SCH0508,2025-11,48700.0,5844.0,1,1,Govt. Senior Secondary School Kara,Bathinda,Rampura Phul,50,Secondary,Hindi
SCH0508,2025-12,24.294,5205.0,3,3,Govt. Senior Secondary School Kara,Bathinda,Rampura Phul,50,Secondary,Hindi
SCH0508,2026-01,0.0,2538.0,1,1,Govt. Senior Secondary School Kara,Bathinda,Rampura Phul,50,Secondary,Hindi
SCH0508,2026-02,12.9,0.0,1,1,Govt. Senior Secondary School Kara,Bathinda,Rampura Phul,50,Secondary,Hindi
SCH0508,2026-03,57500.0,7206.0,3,3,Govt. Senior Secondary School Kara,Bathinda,Rampura Phul,50,Secondary,Hindi
SCH0509,2025-04,0.0,3033.0,1,1,Govt. Elementary School Maharaj,Jalandhar,Nakodar,221,Higher Secondary,Punjabi
SCH0509,2025-05,59000.942,9549.0,3,3,Govt. Elementary School Maharaj,Jalandhar,Nakodar,221,Higher Secondary,Punjabi
SCH0509,2025-06,43700.316,6561.0,3,3,Govt. Elementary School Maharaj,Jalandhar,Nakodar,221,Higher Secondary,Punjabi
SCH0509,2025-07,0.422,2532.0,1,1,Govt. Elementary School Maharaj,Jalandhar,Nakodar,221,Higher Secondary,Punjabi
SCH0509,2025-08,13157.1,6291.0,3,2,Govt. Elementary School Maharaj,Jalandhar,Nakodar,221,Higher Secondary,Punjabi
SCH0509,2025-11,58.8,8648.0,2,2,Govt. Elementary School Maharaj,Jalandhar,Nakodar,221,Higher Secondary,Punjabi
SCH0509,2025-12,15.6,468.0,1,1,Govt. Elementary School Maharaj,Jalandhar,Nakodar,221,Higher Secondary,Punjabi
SCH0509,2026-02,0.588,2010.0,2,2,Govt. Elementary School Maharaj,Jalandhar,Nakodar,221,Higher Secondary,Punjabi
SCH0509,2026-03,0.446,669.0,1,1,Govt. Elementary School Maharaj,Jalandhar,Nakodar,221,Higher Secondary,Punjabi
SCH0510,2025-04,10600.774,4608.0,3,3,Govt. Middle School Kant,Bathinda,Talwandi Sabo,363,Upper Primary,Hindi
SCH0510,2025-05,44.099999999999994,1527.0,2,2,Govt. Middle School Kant,Bathinda,Talwandi Sabo,363,Upper Primary,Hindi
SCH0510,2025-07,51555.4,8193.0,2,2,Govt. Middle School Kant,Bathinda,Talwandi Sabo,363,Upper Primary,Hindi
SCH0510,2025-08,27.4,2725.0,2,2,Govt. Middle School Kant,Bathinda,Talwandi Sabo,363,Upper Primary,Hindi
SCH0510,2025-10,0.0,7254.0,2,2,Govt. Middle School Kant,Bathinda,Talwandi Sabo,363,Upper Primary,Hindi
SCH0510,2025-11,0.382,764.0,1,1,Govt. Middle School Kant,Bathinda,Talwandi Sabo,363,Upper Primary,Hindi
SCH0510,2025-12,0.0,351.0,1,1,Govt. Middle School Kant,Bathinda,Talwandi Sabo,363,Upper Primary,Hindi
SCH0510,2026-01,1.058,4761.0,1,1,Govt. Middle School Kant,Bathinda,Talwandi Sabo,363,Upper Primary,Hindi
SCH0510,2026-02,0.0,738.0,1,1,Govt. Middle School Kant,Bathinda,Talwandi Sabo,363,Upper Primary,Hindi
SCH0510,2026-03,17334.4,7149.0,3,3,Govt. Middle School Kant,Bathinda,Talwandi Sabo,363,Upper Primary,Hindi
SCH0511,2025-04,28.445999999999998,6588.0,3,3,Govt. Middle School Kuruvilla,Ferozepur,Ferozepur,80,Upper Primary,Hindi
SCH0511,2025-05,36.7,1468.0,1,1,Govt. Middle School Kuruvilla,Ferozepur,Ferozepur,80,Upper Primary,Hindi
SCH0511,2025-06,21.062,3716.0,3,2,Govt. Middle School Kuruvilla,Ferozepur,Ferozepur,80,Upper Primary,Hindi
SCH0511,2025-08,71237.5,6619.0,4,3,Govt. Middle School Kuruvilla,Ferozepur,Ferozepur,80,Upper Primary,Hindi
SCH0511,2025-10,46724.7,3624.0,2,2,Govt. Middle School Kuruvilla,Ferozepur,Ferozepur,80,Upper Primary,Hindi
SCH0511,2025-12,79500.0,7854.0,2,2,Govt. Middle School Kuruvilla,Ferozepur,Ferozepur,80,Upper Primary,Hindi
SCH0511,2026-01,19500.0,585.0,1,1,Govt. Middle School Kuruvilla,Ferozepur,Ferozepur,80,Upper Primary,Hindi
SCH0511,2026-02,39200.0,9336.0,2,2,Govt. Middle School Kuruvilla,Ferozepur,Ferozepur,80,Upper Primary,Hindi
SCH0511,2026-03,53600.552,8916.0,2,2,Govt. Middle School Kuruvilla,Ferozepur,Ferozepur,80,Upper Primary,Hindi
SCH0512,2025-04,43.5,3915.0,1,1,Govt. Elementary School Chana,Ferozepur,Makhu,267,Secondary,Hindi
SCH0512,2025-06,40.6,4872.0,1,1,Govt. Elementary School Chana,Ferozepur,Makhu,267,Secondary,Hindi
SCH0512,2025-07,24200.0,2904.0,1,1,Govt. Elementary School Chana,Ferozepur,Makhu,267,Secondary,Hindi
SCH0512,2025-08,23400.0,702.0,1,1,Govt. Elementary School Chana,Ferozepur,Makhu,267,Secondary,Hindi
SCH0512,2025-09,51.0,6120.0,1,1,Govt. Elementary School Chana,Ferozepur,Makhu,267,Secondary,Hindi
SCH0512,2025-10,0.0,1696.0,1,1,Govt. Elementary School Chana,Ferozepur,Makhu,267,Secondary,Hindi
SCH0512,2025-11,47800.0,1912.0,1,1,Govt. Elementary School Chana,Ferozepur,Makhu,267,Secondary,Hindi
SCH0512,2025-12,0.932,4194.0,1,1,Govt. Elementary School Chana,Ferozepur,Makhu,267,Secondary,Hindi
SCH0512,2026-01,0.0,1431.0,1,1,Govt. Elementary School Chana,Ferozepur,Makhu,267,Secondary,Hindi
SCH0512,2026-02,49.8,5976.0,1,1,Govt. Elementary School Chana,Ferozepur,Makhu,267,Secondary,Hindi
SCH0512,2026-03,48.099999999999994,3065.0,4,3,Govt. Elementary School Chana,Ferozepur,Makhu,267,Secondary,Hindi
SCH0513,2025-04,41400.6,9636.0,5,4,Govt. Primary School Sachdeva,Ludhiana,Ludhiana-II,412,Secondary,Punjabi
SCH0513,2025-05,0.0,6660.0,1,1,Govt. Primary School Sachdeva,Ludhiana,Ludhiana-II,412,Secondary,Punjabi
SCH0513,2025-06,30.4,2176.0,2,2,Govt. Primary School Sachdeva,Ludhiana,Ludhiana-II,412,Secondary,Punjabi
SCH0513,2025-07,0.904,3432.0,2,2,Govt. Primary School Sachdeva,Ludhiana,Ludhiana-II,412,Secondary,Punjabi
SCH0513,2025-09,24100.0,10857.0,3,3,Govt. Primary School Sachdeva,Ludhiana,Ludhiana-II,412,Secondary,Punjabi
SCH0513,2025-10,50.7,1521.0,1,1,Govt. Primary School Sachdeva,Ludhiana,Ludhiana-II,412,Secondary,Punjabi
SCH0513,2025-11,55041.4,10326.0,2,2,Govt. Primary School Sachdeva,Ludhiana,Ludhiana-II,412,Secondary,Punjabi
SCH0513,2025-12,55.094,2964.0,3,3,Govt. Primary School Sachdeva,Ludhiana,Ludhiana-II,412,Secondary,Punjabi
SCH0513,2026-01,0.774,1548.0,1,1,Govt. Primary School Sachdeva,Ludhiana,Ludhiana-II,412,Secondary,Punjabi
SCH0514,2025-04,38460.6,9055.0,4,4,Govt. Primary School Mahal,Amritsar,Amritsar-I,72,Higher Secondary,Hindi
SCH0514,2025-05,51.6,1548.0,1,1,Govt. Primary School Mahal,Amritsar,Amritsar-I,72,Higher Secondary,Hindi
SCH0514,2025-06,56.123999999999995,8668.0,4,3,Govt. Primary School Mahal,Amritsar,Amritsar-I,72,Higher Secondary,Hindi
SCH0514,2025-07,64.5,7740.0,2,2,Govt. Primary School Mahal,Amritsar,Amritsar-I,72,Higher Secondary,Hindi
SCH0514,2025-08,35900.0,4308.0,1,1,Govt. Primary School Mahal,Amritsar,Amritsar-I,72,Higher Secondary,Hindi
SCH0514,2025-09,53940.066,9858.0,4,3,Govt. Primary School Mahal,Amritsar,Amritsar-I,72,Higher Secondary,Hindi
SCH0514,2025-10,1.024,1536.0,1,1,Govt. Primary School Mahal,Amritsar,Amritsar-I,72,Higher Secondary,Hindi
SCH0514,2025-11,72.2,8124.0,2,1,Govt. Primary School Mahal,Amritsar,Amritsar-I,72,Higher Secondary,Hindi
SCH0514,2025-12,1.98,10116.0,2,2,Govt. Primary School Mahal,Amritsar,Amritsar-I,72,Higher Secondary,Hindi
SCH0514,2026-01,56.5,0.0,1,1,Govt. Primary School Mahal,Amritsar,Amritsar-I,72,Higher Secondary,Hindi
SCH0514,2026-02,44.0,10011.0,3,2,Govt. Primary School Mahal,Amritsar,Amritsar-I,72,Higher Secondary,Hindi
SCH0514,2026-03,0.452,2034.0,1,1,Govt. Primary School Mahal,Amritsar,Amritsar-I,72,Higher Secondary,Hindi
SCH0515,2025-04,46.275999999999996,1362.0,2,2,Govt. Elementary School Rattan,Amritsar,Amritsar-I,174,Primary,Hindi
SCH0515,2025-05,100351.3,7331.0,4,4,Govt. Elementary School Rattan,Amritsar,Amritsar-I,174,Primary,Hindi
SCH0515,2025-06,15.13,6399.0,3,3,Govt. Elementary School Rattan,Amritsar,Amritsar-I,174,Primary,Hindi
SCH0515,2025-07,0.0,1863.0,1,1,Govt. Elementary School Rattan,Amritsar,Amritsar-I,174,Primary,Hindi
SCH0515,2025-08,43033.7,3720.0,3,3,Govt. Elementary School Rattan,Amritsar,Amritsar-I,174,Primary,Hindi
SCH0515,2025-09,26500.41,1615.0,2,2,Govt. Elementary School Rattan,Amritsar,Amritsar-I,174,Primary,Hindi
SCH0515,2025-11,43300.0,0.0,1,1,Govt. Elementary School Rattan,Amritsar,Amritsar-I,174,Primary,Hindi
SCH0515,2025-12,44352.1,1911.0,3,3,Govt. Elementary School Rattan,Amritsar,Amritsar-I,174,Primary,Hindi
SCH0515,2026-01,0.0,1736.0,1,1,Govt. Elementary School Rattan,Amritsar,Amritsar-I,174,Primary,Hindi
SCH0515,2026-02,0.408,612.0,1,1,Govt. Elementary School Rattan,Amritsar,Amritsar-I,174,Primary,Hindi
SCH0515,2026-03,0.944,1416.0,1,1,Govt. Elementary School Rattan,Amritsar,Amritsar-I,174,Primary,Hindi
SCH0516,2025-05,0.0,6813.0,2,2,Govt. Middle School Misra,Bathinda,Talwandi Sabo,360,Upper Primary,English
SCH0516,2025-06,24839.9,3429.0,2,2,Govt. Middle School Misra,Bathinda,Talwandi Sabo,360,Upper Primary,English
SCH0516,2025-07,10800.0,432.0,1,1,Govt. Middle School Misra,Bathinda,Talwandi Sabo,360,Upper Primary,English
SCH0516,2025-08,0.0,7044.0,1,1,Govt. Middle School Misra,Bathinda,Talwandi Sabo,360,Upper Primary,English
SCH0516,2025-10,50885.2,14944.0,4,3,Govt. Middle School Misra,Bathinda,Talwandi Sabo,360,Upper Primary,English
SCH0516,2025-11,14200.0,1704.0,1,1,Govt. Middle School Misra,Bathinda,Talwandi Sabo,360,Upper Primary,English
SCH0516,2025-12,39400.0,1182.0,1,1,Govt. Middle School Misra,Bathinda,Talwandi Sabo,360,Upper Primary,English
SCH0516,2026-01,52300.0,1569.0,2,2,Govt. Middle School Misra,Bathinda,Talwandi Sabo,360,Upper Primary,English
SCH0516,2026-02,10100.0,3066.0,2,2,Govt. Middle School Misra,Bathinda,Talwandi Sabo,360,Upper Primary,English
SCH0516,2026-03,44.3,1772.0,1,1,Govt. Middle School Misra,Bathinda,Talwandi Sabo,360,Upper Primary,English
SCH0517,2025-05,0.0,1149.0,1,1,Govt. Senior Secondary School Mangat,Sangrur,Dhuri,316,Higher Secondary,Punjabi
SCH0517,2025-06,34632.9,2561.0,4,4,Govt. Senior Secondary School Mangat,Sangrur,Dhuri,316,Higher Secondary,Punjabi
SCH0517,2025-07,1.186,7116.0,1,1,Govt. Senior Secondary School Mangat,Sangrur,Dhuri,316,Higher Secondary,Punjabi
SCH0517,2025-09,80.4,17532.0,4,3,Govt. Senior Secondary School Mangat,Sangrur,Dhuri,316,Higher Secondary,Punjabi
SCH0517,2025-11,30.724,4339.0,2,2,Govt. Senior Secondary School Mangat,Sangrur,Dhuri,316,Higher Secondary,Punjabi
SCH0517,2025-12,45700.0,4113.0,1,1,Govt. Senior Secondary School Mangat,Sangrur,Dhuri,316,Higher Secondary,Punjabi
SCH0517,2026-01,12.0,1080.0,1,1,Govt. Senior Secondary School Mangat,Sangrur,Dhuri,316,Higher Secondary,Punjabi
SCH0517,2026-03,32.0,1280.0,1,1,Govt. Senior Secondary School Mangat,Sangrur,Dhuri,316,Higher Secondary,Punjabi
SCH0518,2025-04,0.0,1818.0,1,1,Govt. Elementary School Sibal,Ferozepur,Makhu,217,Upper Primary,Punjabi
SCH0518,2025-05,57200.422,2921.0,2,2,Govt. Elementary School Sibal,Ferozepur,Makhu,217,Upper Primary,Punjabi
SCH0518,2025-06,46.9,3388.0,2,1,Govt. Elementary School Sibal,Ferozepur,Makhu,217,Upper Primary,Punjabi
SCH0518,2025-07,52800.628,3368.0,2,2,Govt. Elementary School Sibal,Ferozepur,Makhu,217,Upper Primary,Punjabi
SCH0518,2025-08,0.306,612.0,1,1,Govt. Elementary School Sibal,Ferozepur,Makhu,217,Upper Primary,Punjabi
SCH0518,2025-09,0.47,705.0,1,1,Govt. Elementary School Sibal,Ferozepur,Makhu,217,Upper Primary,Punjabi
SCH0518,2025-11,11.506,5013.0,4,3,Govt. Elementary School Sibal,Ferozepur,Makhu,217,Upper Primary,Punjabi
SCH0518,2025-12,38.0,3420.0,1,1,Govt. Elementary School Sibal,Ferozepur,Makhu,217,Upper Primary,Punjabi
SCH0518,2026-01,49600.804,3900.0,3,3,Govt. Elementary School Sibal,Ferozepur,Makhu,217,Upper Primary,Punjabi
SCH0518,2026-03,88715.2,8229.0,4,4,Govt. Elementary School Sibal,Ferozepur,Makhu,217,Upper Primary,Punjabi
SCH0519,2025-04,22.7,2724.0,1,1,Govt. Elementary School Palan,Unknown,Maur,195,Upper Primary,Punjabi
SCH0519,2025-05,0.0,1323.0,1,1,Govt. Elementary School Palan,Unknown,Maur,195,Upper Primary,Punjabi
SCH0519,2025-06,0.0,5768.0,2,2,Govt. Elementary School Palan,Unknown,Maur,195,Upper Primary,Punjabi
SCH0519,2025-07,0.0,3978.0,1,1,Govt. Elementary School Palan,Unknown,Maur,195,Upper Primary,Punjabi
SCH0519,2025-08,0.6659999999999999,1332.0,1,1,Govt. Elementary School Palan,Unknown,Maur,195,Upper Primary,Punjabi
SCH0519,2025-09,0.344,2772.0,3,3,Govt. Elementary School Palan,Unknown,Maur,195,Upper Primary,Punjabi
SCH0519,2025-10,56300.646,7974.0,2,2,Govt. Elementary School Palan,Unknown,Maur,195,Upper Primary,Punjabi
SCH0519,2025-12,0.0,1665.0,2,2,Govt. Elementary School Palan,Unknown,Maur,195,Upper Primary,Punjabi
SCH0519,2026-02,45659.684,11604.0,4,4,Govt. Elementary School Palan,Unknown,Maur,195,Upper Primary,Punjabi
SCH0519,2026-03,28.8,1563.0,2,2,Govt. Elementary School Palan,Unknown,Maur,195,Upper Primary,Punjabi
SCH0520,2025-04,45.108000000000004,14025.0,4,4,Govt. Primary School Banerjee,Sangrur,Malerkotla,44,Secondary,Hindi
SCH0520,2025-05,35500.508,7065.0,3,3,Govt. Primary School Banerjee,Sangrur,Malerkotla,44,Secondary,Hindi
SCH0520,2025-06,0.932,1864.0,1,1,Govt. Primary School Banerjee,Sangrur,Malerkotla,44,Secondary,Hindi
SCH0520,2025-07,45228.3,15585.0,4,3,Govt. Primary School Banerjee,Sangrur,Malerkotla,44,Secondary,Hindi
SCH0520,2025-08,58.0,3376.0,2,2,Govt. Primary School Banerjee,Sangrur,Malerkotla,44,Secondary,Hindi
SCH0520,2025-09,0.952,5712.0,1,1,Govt. Primary School Banerjee,Sangrur,Malerkotla,44,Secondary,Hindi
SCH0520,2025-10,104600.0,14041.0,6,6,Govt. Primary School Banerjee,Sangrur,Malerkotla,44,Secondary,Hindi
SCH0520,2025-11,0.0,2133.0,1,1,Govt. Primary School Banerjee,Sangrur,Malerkotla,44,Secondary,Hindi
SCH0520,2025-12,1.51,2265.0,2,2,Govt. Primary School Banerjee,Sangrur,Malerkotla,44,Secondary,Hindi
SCH0520,2026-01,25500.0,3060.0,1,1,Govt. Primary School Banerjee,Sangrur,Malerkotla,44,Secondary,Hindi
SCH0520,2026-02,25400.0,762.0,1,1,Govt. Primary School Banerjee,Sangrur,Malerkotla,44,Secondary,Hindi
SCH0520,2026-03,13.284,7195.0,3,3,Govt. Primary School Banerjee,Sangrur,Malerkotla,44,Secondary,Hindi
SCH0521,2025-04,19.9,796.0,1,1,Govt. Senior Secondary School Sharaf,Ferozepur,Mamdot,242,Higher Secondary,Punjabi
SCH0521,2025-05,24800.0,3837.0,2,1,Govt. Senior Secondary School Sharaf,Ferozepur,Mamdot,242,Higher Secondary,Punjabi
SCH0521,2025-06,0.0,2580.0,1,1,Govt. Senior Secondary School Sharaf,Ferozepur,Mamdot,242,Higher Secondary,Punjabi
SCH0521,2025-07,59.290000000000006,2941.0,2,2,Govt. Senior Secondary School Sharaf,Ferozepur,Mamdot,242,Higher Secondary,Punjabi
SCH0521,2025-08,26500.0,8316.0,2,1,Govt. Senior Secondary School Sharaf,Ferozepur,Mamdot,242,Higher Secondary,Punjabi
SCH0521,2025-10,0.0,11124.0,2,2,Govt. Senior Secondary School Sharaf,Ferozepur,Mamdot,242,Higher Secondary,Punjabi
SCH0521,2025-11,0.0,0.0,1,1,Govt. Senior Secondary School Sharaf,Ferozepur,Mamdot,242,Higher Secondary,Punjabi
SCH0521,2025-12,40.2,1608.0,1,1,Govt. Senior Secondary School Sharaf,Ferozepur,Mamdot,242,Higher Secondary,Punjabi
SCH0521,2026-01,1.052,2104.0,1,1,Govt. Senior Secondary School Sharaf,Ferozepur,Mamdot,242,Higher Secondary,Punjabi
SCH0522,2025-05,0.728,4368.0,1,1,Govt. Primary School Lalla,Patiala,Samana,185,Secondary,English
SCH0522,2025-06,38014.0,2080.0,2,2,Govt. Primary School Lalla,Patiala,Samana,185,Secondary,English
SCH0522,2025-07,44.628,14223.0,3,3,Govt. Primary School Lalla,Patiala,Samana,185,Secondary,English
SCH0522,2025-09,59.0,13644.0,2,2,Govt. Primary School Lalla,Patiala,Samana,185,Secondary,English
SCH0522,2025-11,0.0,5664.0,1,1,Govt. Primary School Lalla,Patiala,Samana,185,Secondary,English
SCH0522,2025-12,27900.0,3348.0,1,1,Govt. Primary School Lalla,Patiala,Samana,185,Secondary,English
SCH0522,2026-01,0.946,0.0,1,1,Govt. Primary School Lalla,Patiala,Samana,185,Secondary,English
SCH0522,2026-02,50822.1,11040.0,3,3,Govt. Primary School Lalla,Patiala,Samana,185,Secondary,English
SCH0522,2026-03,22.1,884.0,1,1,Govt. Primary School Lalla,Patiala,Samana,185,Secondary,English
SCH0523,2025-04,59400.294,6741.0,3,3,Govt. Primary School Hora,Amritsar,Tarn Taran,356,Higher Secondary,Hindi
SCH0523,2025-05,0.7120000000000001,1424.0,1,1,Govt. Primary School Hora,Amritsar,Tarn Taran,356,Higher Secondary,Hindi
SCH0523,2025-06,49.2,0.0,1,1,Govt. Primary School Hora,Amritsar,Tarn Taran,356,Higher Secondary,Hindi
SCH0523,2025-07,14256.734,2521.0,3,2,Govt. Primary School Hora,Amritsar,Tarn Taran,356,Higher Secondary,Hindi
SCH0523,2025-08,43.9,1317.0,1,1,Govt. Primary School Hora,Amritsar,Tarn Taran,356,Higher Secondary,Hindi
SCH0523,2025-09,33800.0,4666.0,2,2,Govt. Primary School Hora,Amritsar,Tarn Taran,356,Higher Secondary,Hindi
SCH0523,2025-11,55.2,7554.0,2,2,Govt. Primary School Hora,Amritsar,Tarn Taran,356,Higher Secondary,Hindi
SCH0523,2025-12,58900.0,2356.0,1,1,Govt. Primary School Hora,Amritsar,Tarn Taran,356,Higher Secondary,Hindi
SCH0523,2026-01,0.0,2008.0,1,1,Govt. Primary School Hora,Amritsar,Tarn Taran,356,Higher Secondary,Hindi
SCH0523,2026-02,0.0,1047.0,1,1,Govt. Primary School Hora,Amritsar,Tarn Taran,356,Higher Secondary,Hindi
SCH0523,2026-03,10700.304,1419.0,2,2,Govt. Primary School Hora,Amritsar,Tarn Taran,356,Higher Secondary,Hindi
SCH0524,2025-04,70.4,7188.0,2,2,Govt. Primary School Sabharwal,Ludhiana,Ludhiana-II,92,Upper Primary,Hindi
SCH0524,2025-05,32600.0,978.0,1,1,Govt. Primary School Sabharwal,Ludhiana,Ludhiana-II,92,Upper Primary,Hindi
SCH0524,2025-06,18.8,2256.0,1,1,Govt. Primary School Sabharwal,Ludhiana,Ludhiana-II,92,Upper Primary,Hindi
SCH0524,2025-08,35.9,1436.0,1,1,Govt. Primary School Sabharwal,Ludhiana,Ludhiana-II,92,Upper Primary,Hindi
SCH0524,2025-09,53828.3,9852.0,2,2,Govt. Primary School Sabharwal,Ludhiana,Ludhiana-II,92,Upper Primary,Hindi
SCH0524,2025-10,0.326,8661.0,3,2,Govt. Primary School Sabharwal,Ludhiana,Ludhiana-II,92,Upper Primary,Hindi
SCH0524,2025-12,59.342,2848.0,2,1,Govt. Primary School Sabharwal,Ludhiana,Ludhiana-II,92,Upper Primary,Hindi
SCH0524,2026-02,0.0,9907.0,3,3,Govt. Primary School Sabharwal,Ludhiana,Ludhiana-II,92,Upper Primary,Hindi
SCH0524,2026-03,0.46,690.0,1,1,Govt. Primary School Sabharwal,Ludhiana,Ludhiana-II,92,Upper Primary,Hindi
SCH0525,2025-04,0.0,924.0,1,1,Govt. Elementary School Karpe,Ludhiana,Machhiwara,151,Secondary,Punjabi
SCH0525,2025-05,19.7,1773.0,1,1,Govt. Elementary School Karpe,Ludhiana,Machhiwara,151,Secondary,Punjabi
SCH0525,2025-06,25.36,7592.0,3,3,Govt. Elementary School Karpe,Ludhiana,Machhiwara,151,Secondary,Punjabi
SCH0525,2025-07,54.116,10068.0,2,2,Govt. Elementary School Karpe,Ludhiana,Machhiwara,151,Secondary,Punjabi
SCH0525,2025-10,53500.846,22071.0,6,5,Govt. Elementary School Karpe,Ludhiana,Machhiwara,151,Secondary,Punjabi
SCH0525,2025-11,0.0,1077.0,1,1,Govt. Elementary School Karpe,Ludhiana,Machhiwara,151,Secondary,Punjabi
SCH0525,2026-01,0.5920000000000001,2664.0,1,1,Govt. Elementary School Karpe,Ludhiana,Machhiwara,151,Secondary,Punjabi
SCH0525,2026-03,0.0,5715.0,2,2,Govt. Elementary School Karpe,Ludhiana,Machhiwara,151,Secondary,Punjabi
SCH0526,2025-04,18000.0,0.0,1,1,Govt. Elementary School Raman,Ludhiana,Unknown,81,Upper Primary,Punjabi
SCH0526,2025-05,0.0,1773.0,1,1,Govt. Elementary School Raman,Ludhiana,Unknown,81,Upper Primary,Punjabi
SCH0526,2025-06,20.18,7339.0,3,2,Govt. Elementary School Raman,Ludhiana,Unknown,81,Upper Primary,Punjabi
SCH0526,2025-07,32.8,2827.0,3,3,Govt. Elementary School Raman,Ludhiana,Unknown,81,Upper Primary,Punjabi
SCH0526,2025-08,0.0,1656.0,1,1,Govt. Elementary School Raman,Ludhiana,Unknown,81,Upper Primary,Punjabi
SCH0526,2025-09,50.9,0.0,2,2,Govt. Elementary School Raman,Ludhiana,Unknown,81,Upper Primary,Punjabi
SCH0526,2025-10,31100.0,3732.0,1,1,Govt. Elementary School Raman,Ludhiana,Unknown,81,Upper Primary,Punjabi
SCH0526,2025-12,0.0,1236.0,1,1,Govt. Elementary School Raman,Ludhiana,Unknown,81,Upper Primary,Punjabi
SCH0526,2026-01,0.204,1224.0,1,1,Govt. Elementary School Raman,Ludhiana,Unknown,81,Upper Primary,Punjabi
SCH0527,2025-05,0.5760000000000001,3456.0,1,1,Govt. Senior Secondary School Bath,Jalandhar,Jalandhar-II,168,Primary,Punjabi
SCH0527,2025-06,52700.0,3669.0,3,3,Govt. Senior Secondary School Bath,Jalandhar,Jalandhar-II,168,Primary,Punjabi
SCH0527,2025-07,87800.0,4578.0,3,3,Govt. Senior Secondary School Bath,Jalandhar,Jalandhar-II,168,Primary,Punjabi
SCH0527,2025-08,21.5,860.0,1,1,Govt. Senior Secondary School Bath,Jalandhar,Jalandhar-II,168,Primary,Punjabi
SCH0527,2025-09,0.0,3924.0,1,1,Govt. Senior Secondary School Bath,Jalandhar,Jalandhar-II,168,Primary,Punjabi
SCH0527,2025-11,0.37,3020.0,2,2,Govt. Senior Secondary School Bath,Jalandhar,Jalandhar-II,168,Primary,Punjabi
SCH0527,2025-12,59.5,5355.0,1,1,Govt. Senior Secondary School Bath,Jalandhar,Jalandhar-II,168,Primary,Punjabi
SCH0527,2026-01,76.2,2624.0,3,2,Govt. Senior Secondary School Bath,Jalandhar,Jalandhar-II,168,Primary,Punjabi
SCH0527,2026-03,0.0,4095.0,2,2,Govt. Senior Secondary School Bath,Jalandhar,Jalandhar-II,168,Primary,Punjabi
SCH0528,2025-04,47600.23,1888.0,2,2,Govt. Senior Secondary School Sunder,Patiala,Patiala,141,Primary,English
SCH0528,2025-05,0.7040000000000001,4224.0,1,1,Govt. Senior Secondary School Sunder,Patiala,Patiala,141,Primary,English
SCH0528,2025-08,15.9,6615.0,2,2,Govt. Senior Secondary School Sunder,Patiala,Patiala,141,Primary,English
SCH0528,2025-10,54.3,8043.0,3,3,Govt. Senior Secondary School Sunder,Patiala,Patiala,141,Primary,English
SCH0528,2025-11,18300.0,5847.0,2,2,Govt. Senior Secondary School Sunder,Patiala,Patiala,141,Primary,English
SCH0528,2025-12,0.0,2624.0,2,2,Govt. Senior Secondary School Sunder,Patiala,Patiala,141,Primary,English
SCH0528,2026-01,37.4,3366.0,1,1,Govt. Senior Secondary School Sunder,Patiala,Patiala,141,Primary,English
SCH0528,2026-02,142.5,7650.0,5,5,Govt. Senior Secondary School Sunder,Patiala,Patiala,141,Primary,English
SCH0528,2026-03,65000.0,6687.0,3,2,Govt. Senior Secondary School Sunder,Patiala,Patiala,141,Primary,English
SCH0529,2025-04,0.0,3312.0,1,1,Govt. Middle School Ganguly,Moga,Moga-II,362,Primary,Punjabi
SCH0529,2025-05,56300.0,5067.0,1,1,Govt. Middle School Ganguly,Moga,Moga-II,362,Primary,Punjabi
SCH0529,2025-06,15.5,1395.0,1,1,Govt. Middle School Ganguly,Moga,Moga-II,362,Primary,Punjabi
SCH0529,2025-07,77.8,3720.0,3,3,Govt. Middle School Ganguly,Moga,Moga-II,362,Primary,Punjabi
SCH0529,2025-08,1.014,6084.0,1,1,Govt. Middle School Ganguly,Moga,Moga-II,362,Primary,Punjabi
SCH0529,2025-10,0.742,4452.0,1,1,Govt. Middle School Ganguly,Moga,Moga-II,362,Primary,Punjabi
SCH0529,2025-12,41.9,5511.0,2,2,Govt. Middle School Ganguly,Moga,Moga-II,362,Primary,Punjabi
SCH0529,2026-01,63100.0,4328.0,4,4,Govt. Middle School Ganguly,Moga,Moga-II,362,Primary,Punjabi
SCH0529,2026-03,0.0,5328.0,1,1,Govt. Middle School Ganguly,Moga,Moga-II,362,Primary,Punjabi
SCH0530,2025-05,0.0,510.0,1,1,Govt. Middle School Kata,Patiala,Patiala,160,Secondary,Punjabi
SCH0530,2025-07,36.9,3816.0,2,2,Govt. Middle School Kata,Patiala,Patiala,160,Secondary,Punjabi
SCH0530,2025-08,88627.7,6037.0,3,3,Govt. Middle School Kata,Patiala,Patiala,160,Secondary,Punjabi
SCH0530,2025-09,56.6,2264.0,1,1,Govt. Middle School Kata,Patiala,Patiala,160,Secondary,Punjabi
SCH0530,2025-11,53700.0,6009.0,3,3,Govt. Middle School Kata,Patiala,Patiala,160,Secondary,Punjabi
SCH0530,2025-12,0.366,2600.0,2,2,Govt. Middle School Kata,Patiala,Patiala,160,Secondary,Punjabi
SCH0530,2026-01,0.682,3732.0,3,2,Govt. Middle School Kata,Patiala,Patiala,160,Secondary,Punjabi
SCH0530,2026-03,38.4,7662.0,3,3,Govt. Middle School Kata,Patiala,Patiala,160,Secondary,Punjabi
SCH0531,2025-04,14100.776,2821.0,2,2,Govt. Senior Secondary School Acharya,Patiala,Patiala,61,Higher Secondary,Punjabi
SCH0531,2025-05,33100.0,6071.0,3,3,Govt. Senior Secondary School Acharya,Patiala,Patiala,61,Higher Secondary,Punjabi
SCH0531,2025-07,0.238,6056.0,3,2,Govt. Senior Secondary School Acharya,Patiala,Patiala,61,Higher Secondary,Punjabi
SCH0531,2025-08,54300.0,1629.0,1,1,Govt. Senior Secondary School Acharya,Patiala,Patiala,61,Higher Secondary,Punjabi
SCH0531,2025-09,25701.724,10314.0,4,1,Govt. Senior Secondary School Acharya,Patiala,Patiala,61,Higher Secondary,Punjabi
SCH0531,2025-10,12843.104000000001,5112.0,3,3,Govt. Senior Secondary School Acharya,Patiala,Patiala,61,Higher Secondary,Punjabi
SCH0531,2025-11,1.326,10788.0,4,4,Govt. Senior Secondary School Acharya,Patiala,Patiala,61,Higher Secondary,Punjabi
SCH0531,2025-12,12.745999999999999,1458.0,2,2,Govt. Senior Secondary School Acharya,Patiala,Patiala,61,Higher Secondary,Punjabi
SCH0531,2026-01,23.3,6341.0,3,3,Govt. Senior Secondary School Acharya,Patiala,Patiala,61,Higher Secondary,Punjabi
SCH0531,2026-02,56.832,8689.0,3,3,Govt. Senior Secondary School Acharya,Patiala,Patiala,61,Higher Secondary,Punjabi
SCH0531,2026-03,0.0,10472.0,4,3,Govt. Senior Secondary School Acharya,Patiala,Patiala,61,Higher Secondary,Punjabi
SCH0532,2025-05,34.7,4164.0,1,1,Govt. Primary School Sahni,Patiala,Unknown,295,Secondary,Hindi
SCH0532,2025-06,53.5,2140.0,1,1,Govt. Primary School Sahni,Patiala,Unknown,295,Secondary,Hindi
SCH0532,2025-08,66250.8,12598.0,5,5,Govt. Primary School Sahni,Patiala,Unknown,295,Secondary,Hindi
SCH0532,2025-09,58.8,5292.0,1,1,Govt. Primary School Sahni,Patiala,Unknown,295,Secondary,Hindi
SCH0532,2025-10,0.0,480.0,1,1,Govt. Primary School Sahni,Patiala,Unknown,295,Secondary,Hindi
SCH0532,2025-11,52811.92,5740.0,4,4,Govt. Primary School Sahni,Patiala,Unknown,295,Secondary,Hindi
SCH0532,2025-12,23022.9,6709.0,4,4,Govt. Primary School Sahni,Patiala,Unknown,295,Secondary,Hindi
SCH0532,2026-01,11.9,0.0,1,1,Govt. Primary School Sahni,Patiala,Unknown,295,Secondary,Hindi
SCH0532,2026-02,0.0,1638.0,1,1,Govt. Primary School Sahni,Patiala,Unknown,295,Secondary,Hindi
SCH0532,2026-03,0.488,6726.0,2,2,Govt. Primary School Sahni,Patiala,Unknown,295,Secondary,Hindi
SCH0533,2025-04,0.978,6759.0,4,4,Govt. Elementary School Tailor,Amritsar,Amritsar-II,289,Secondary,Punjabi
SCH0533,2025-05,46500.0,5580.0,1,1,Govt. Elementary School Tailor,Amritsar,Amritsar-II,289,Secondary,Punjabi
SCH0533,2025-06,49.2,4428.0,1,1,Govt. Elementary School Tailor,Amritsar,Amritsar-II,289,Secondary,Punjabi
SCH0533,2025-08,89.5,10266.0,3,3,Govt. Elementary School Tailor,Amritsar,Amritsar-II,289,Secondary,Punjabi
SCH0533,2025-09,0.0,1593.0,1,1,Govt. Elementary School Tailor,Amritsar,Amritsar-II,289,Secondary,Punjabi
SCH0533,2025-11,20.372,3168.0,2,2,Govt. Elementary School Tailor,Amritsar,Amritsar-II,289,Secondary,Punjabi
SCH0533,2025-12,29.924000000000003,7125.0,3,3,Govt. Elementary School Tailor,Amritsar,Amritsar-II,289,Secondary,Punjabi
SCH0533,2026-01,50.9,2872.0,2,2,Govt. Elementary School Tailor,Amritsar,Amritsar-II,289,Secondary,Punjabi
SCH0533,2026-02,45400.0,5448.0,1,1,Govt. Elementary School Tailor,Amritsar,Amritsar-II,289,Secondary,Punjabi
SCH0533,2026-03,40.5,6380.0,2,2,Govt. Elementary School Tailor,Amritsar,Amritsar-II,289,Secondary,Punjabi
SCH0534,2025-04,21.8,6101.0,2,2,Govt. Elementary School Pau,Ferozepur,Makhu,410,Primary,Hindi
SCH0534,2025-05,0.0,852.0,1,1,Govt. Elementary School Pau,Ferozepur,Makhu,410,Primary,Hindi
SCH0534,2025-06,36.7,2620.0,2,2,Govt. Elementary School Pau,Ferozepur,Makhu,410,Primary,Hindi
SCH0534,2025-08,48.018,4658.0,3,3,Govt. Elementary School Pau,Ferozepur,Makhu,410,Primary,Hindi
SCH0534,2025-10,27034.0,3870.0,2,2,Govt. Elementary School Pau,Ferozepur,Makhu,410,Primary,Hindi
SCH0534,2025-11,21200.0,3507.0,2,2,Govt. Elementary School Pau,Ferozepur,Makhu,410,Primary,Hindi
SCH0534,2025-12,50709.108,21237.0,5,3,Govt. Elementary School Pau,Ferozepur,Makhu,410,Primary,Hindi
SCH0534,2026-01,55.699999999999996,5748.0,2,2,Govt. Elementary School Pau,Ferozepur,Makhu,410,Primary,Hindi
SCH0534,2026-03,15900.0,477.0,1,1,Govt. Elementary School Pau,Ferozepur,Makhu,410,Primary,Hindi
SCH0535,2025-04,0.0,1356.0,1,1,Govt. Elementary School Viswanathan,Sangrur,Sunam,330,Secondary,Hindi
SCH0535,2025-05,24985.244,8463.0,4,4,Govt. Elementary School Viswanathan,Sangrur,Sunam,330,Secondary,Hindi
SCH0535,2025-07,39.4,6535.0,2,2,Govt. Elementary School Viswanathan,Sangrur,Sunam,330,Secondary,Hindi
SCH0535,2025-08,43.8,2175.0,2,2,Govt. Elementary School Viswanathan,Sangrur,Sunam,330,Secondary,Hindi
SCH0535,2025-10,93.1,14424.0,3,2,Govt. Elementary School Viswanathan,Sangrur,Sunam,330,Secondary,Hindi
SCH0535,2025-11,17600.0,5424.0,2,2,Govt. Elementary School Viswanathan,Sangrur,Sunam,330,Secondary,Hindi
SCH0535,2025-12,0.0,3288.0,1,1,Govt. Elementary School Viswanathan,Sangrur,Sunam,330,Secondary,Hindi
SCH0535,2026-01,1.22,3360.0,2,2,Govt. Elementary School Viswanathan,Sangrur,Sunam,330,Secondary,Hindi
SCH0535,2026-02,35700.0,1428.0,1,1,Govt. Elementary School Viswanathan,Sangrur,Sunam,330,Secondary,Hindi
SCH0535,2026-03,0.924,1386.0,1,1,Govt. Elementary School Viswanathan,Sangrur,Sunam,330,Secondary,Hindi
SCH0536,2025-04,68.586,7776.0,3,3,Govt. Middle School Chandran,Jalandhar,Jalandhar-I,311,Secondary,Hindi
SCH0536,2025-05,26301.106,4579.0,2,2,Govt. Middle School Chandran,Jalandhar,Jalandhar-I,311,Secondary,Hindi
SCH0536,2025-07,1.54,4577.0,3,2,Govt. Middle School Chandran,Jalandhar,Jalandhar-I,311,Secondary,Hindi
SCH0536,2025-08,53.099999999999994,3552.0,3,3,Govt. Middle School Chandran,Jalandhar,Jalandhar-I,311,Secondary,Hindi
SCH0536,2025-10,30800.0,2942.0,3,2,Govt. Middle School Chandran,Jalandhar,Jalandhar-I,311,Secondary,Hindi
SCH0536,2025-11,14382.9,8208.0,3,3,Govt. Middle School Chandran,Jalandhar,Jalandhar-I,311,Secondary,Hindi
SCH0536,2026-01,23900.0,956.0,1,1,Govt. Middle School Chandran,Jalandhar,Jalandhar-I,311,Secondary,Hindi
SCH0536,2026-03,40.9,9516.0,2,2,Govt. Middle School Chandran,Jalandhar,Jalandhar-I,311,Secondary,Hindi
SCH0537,2025-06,41532.0,10792.0,3,2,Govt. Senior Secondary School Jayaraman,Ferozepur,Zira,49,Secondary,Punjabi
SCH0537,2025-07,64.6,5408.0,3,3,Govt. Senior Secondary School Jayaraman,Ferozepur,Zira,49,Secondary,Punjabi
SCH0537,2025-09,34558.724,12298.0,6,4,Govt. Senior Secondary School Jayaraman,Ferozepur,Zira,49,Secondary,Punjabi
SCH0537,2025-10,1.056,7035.0,3,2,Govt. Senior Secondary School Jayaraman,Ferozepur,Zira,49,Secondary,Punjabi
SCH0537,2025-12,42418.0,5831.0,3,3,Govt. Senior Secondary School Jayaraman,Ferozepur,Zira,49,Secondary,Punjabi
SCH0537,2026-01,60.400000000000006,10200.0,3,3,Govt. Senior Secondary School Jayaraman,Ferozepur,Zira,49,Secondary,Punjabi
SCH0537,2026-02,11.456,978.0,2,2,Govt. Senior Secondary School Jayaraman,Ferozepur,Zira,49,Secondary,Punjabi
SCH0537,2026-03,32.9,6288.0,2,2,Govt. Senior Secondary School Jayaraman,Ferozepur,Zira,49,Secondary,Punjabi
SCH0538,2025-04,30200.0,3624.0,1,1,Govt. Middle School Wali,Ferozepur,Zira,308,Upper Primary,English
SCH0538,2025-05,52700.0,3891.0,2,2,Govt. Middle School Wali,Ferozepur,Zira,308,Upper Primary,English
SCH0538,2025-06,0.0,591.0,1,1,Govt. Middle School Wali,Ferozepur,Zira,308,Upper Primary,English
SCH0538,2025-08,36.8,4471.0,3,2,Govt. Middle School Wali,Ferozepur,Zira,308,Upper Primary,English
SCH0538,2025-09,23557.3,2292.0,2,2,Govt. Middle School Wali,Ferozepur,Zira,308,Upper Primary,English
SCH0538,2025-11,15.3,11526.0,3,3,Govt. Middle School Wali,Ferozepur,Zira,308,Upper Primary,English
SCH0538,2025-12,50.3,5100.0,4,4,Govt. Middle School Wali,Ferozepur,Zira,308,Upper Primary,English
SCH0538,2026-02,49357.654,14995.0,4,3,Govt. Middle School Wali,Ferozepur,Zira,308,Upper Primary,English
SCH0538,2026-03,10917.7,7204.0,3,3,Govt. Middle School Wali,Ferozepur,Zira,308,Upper Primary,English
SCH0539,2025-04,57801.07,9711.0,3,3,Govt. Senior Secondary School Kalita,Amritsar,Amritsar-I,307,Primary,Punjabi
SCH0539,2025-05,90300.0,14796.0,3,2,Govt. Senior Secondary School Kalita,Amritsar,Amritsar-I,307,Primary,Punjabi
SCH0539,2025-06,22.4,2688.0,2,2,Govt. Senior Secondary School Kalita,Amritsar,Amritsar-I,307,Primary,Punjabi
SCH0539,2025-07,0.0,7434.0,2,2,Govt. Senior Secondary School Kalita,Amritsar,Amritsar-I,307,Primary,Punjabi
SCH0539,2025-08,1.16,2320.0,1,1,Govt. Senior Secondary School Kalita,Amritsar,Amritsar-I,307,Primary,Punjabi
SCH0539,2025-09,54800.0,1644.0,2,2,Govt. Senior Secondary School Kalita,Amritsar,Amritsar-I,307,Primary,Punjabi
SCH0539,2025-10,48300.0,3728.0,3,3,Govt. Senior Secondary School Kalita,Amritsar,Amritsar-I,307,Primary,Punjabi
SCH0539,2025-11,27410.4,1096.0,2,2,Govt. Senior Secondary School Kalita,Amritsar,Amritsar-I,307,Primary,Punjabi
SCH0539,2025-12,0.0,4866.0,2,2,Govt. Senior Secondary School Kalita,Amritsar,Amritsar-I,307,Primary,Punjabi
SCH0539,2026-01,52.5,5175.0,2,2,Govt. Senior Secondary School Kalita,Amritsar,Amritsar-I,307,Primary,Punjabi
SCH0539,2026-03,74500.0,5145.0,2,2,Govt. Senior Secondary School Kalita,Amritsar,Amritsar-I,307,Primary,Punjabi
SCH0540,2025-04,37.11,4368.0,2,2,Govt. Elementary School Dugal,Patiala,Patiala,288,Primary,Hindi
SCH0540,2025-05,12.0,8043.0,3,3,Govt. Elementary School Dugal,Patiala,Patiala,288,Primary,Hindi
SCH0540,2025-06,0.0,8439.0,2,2,Govt. Elementary School Dugal,Patiala,Patiala,288,Primary,Hindi
SCH0540,2025-07,0.0,0.0,1,1,Govt. Elementary School Dugal,Patiala,Patiala,288,Primary,Hindi
SCH0540,2025-08,10643.8,7418.0,3,3,Govt. Elementary School Dugal,Patiala,Patiala,288,Primary,Hindi
SCH0540,2025-09,39145.7,7632.0,2,1,Govt. Elementary School Dugal,Patiala,Patiala,288,Primary,Hindi
SCH0540,2025-12,45300.0,1812.0,1,1,Govt. Elementary School Dugal,Patiala,Patiala,288,Primary,Hindi
SCH0540,2026-01,0.452,3292.0,3,3,Govt. Elementary School Dugal,Patiala,Patiala,288,Primary,Hindi
SCH0540,2026-02,37312.1,7469.0,3,2,Govt. Elementary School Dugal,Patiala,Patiala,288,Primary,Hindi
SCH0541,2025-04,1.254,7614.0,3,1,Govt. Senior Secondary School Badami,Bathinda,Bathinda,227,Primary,Punjabi
SCH0541,2025-05,51539.700000000004,7644.0,5,4,Govt. Senior Secondary School Badami,Bathinda,Bathinda,227,Primary,Punjabi
SCH0541,2025-06,0.0,5231.0,2,2,Govt. Senior Secondary School Badami,Bathinda,Bathinda,227,Primary,Punjabi
SCH0541,2025-09,29511.9,6069.0,4,3,Govt. Senior Secondary School Badami,Bathinda,Bathinda,227,Primary,Punjabi
SCH0541,2025-10,10301.138,2016.0,2,2,Govt. Senior Secondary School Badami,Bathinda,Bathinda,227,Primary,Punjabi
SCH0541,2025-11,38.4,3164.0,2,2,Govt. Senior Secondary School Badami,Bathinda,Bathinda,227,Primary,Punjabi
SCH0541,2026-01,53.599999999999994,4824.0,2,2,Govt. Senior Secondary School Badami,Bathinda,Bathinda,227,Primary,Punjabi
SCH0541,2026-02,22.3,14316.0,3,3,Govt. Senior Secondary School Badami,Bathinda,Bathinda,227,Primary,Punjabi
SCH0542,2025-04,33.0,990.0,1,1,Govt. Primary School Balasubramanian,Sangrur,Sangrur,224,Higher Secondary,English
SCH0542,2025-05,0.0,5625.0,2,2,Govt. Primary School Balasubramanian,Sangrur,Sangrur,224,Higher Secondary,English
SCH0542,2025-06,0.0,8574.0,3,3,Govt. Primary School Balasubramanian,Sangrur,Sangrur,224,Higher Secondary,English
SCH0542,2025-07,30500.0,2745.0,1,1,Govt. Primary School Balasubramanian,Sangrur,Sangrur,224,Higher Secondary,English
SCH0542,2025-08,47643.092,6434.0,3,3,Govt. Primary School Balasubramanian,Sangrur,Sangrur,224,Higher Secondary,English
SCH0542,2025-09,40411.59,13380.0,4,4,Govt. Primary School Balasubramanian,Sangrur,Sangrur,224,Higher Secondary,English
SCH0542,2025-10,73.1,2924.0,2,2,Govt. Primary School Balasubramanian,Sangrur,Sangrur,224,Higher Secondary,English
SCH0542,2025-11,26600.0,4821.0,2,1,Govt. Primary School Balasubramanian,Sangrur,Sangrur,224,Higher Secondary,English
SCH0542,2026-01,44700.0,5908.0,2,2,Govt. Primary School Balasubramanian,Sangrur,Sangrur,224,Higher Secondary,English
SCH0542,2026-02,25.8,2322.0,1,1,Govt. Primary School Balasubramanian,Sangrur,Sangrur,224,Higher Secondary,English
SCH0542,2026-03,0.0,2412.0,1,1,Govt. Primary School Balasubramanian,Sangrur,Sangrur,224,Higher Secondary,English
SCH0543,2025-04,0.92,2492.0,2,2,Govt. Primary School Dey,Ludhiana,Ludhiana-I,195,Upper Primary,Hindi
SCH0543,2025-06,53.492000000000004,8724.0,2,2,Govt. Primary School Dey,Ludhiana,Ludhiana-I,195,Upper Primary,Hindi
SCH0543,2025-07,20.284,3504.0,2,2,Govt. Primary School Dey,Ludhiana,Ludhiana-I,195,Upper Primary,Hindi
SCH0543,2025-08,43.6,5232.0,1,1,Govt. Primary School Dey,Ludhiana,Ludhiana-I,195,Upper Primary,Hindi
SCH0543,2025-09,85600.0,6812.0,3,3,Govt. Primary School Dey,Ludhiana,Ludhiana-I,195,Upper Primary,Hindi
SCH0543,2025-10,0.0,4167.0,1,1,Govt. Primary School Dey,Ludhiana,Ludhiana-I,195,Upper Primary,Hindi
SCH0543,2025-11,74.904,19197.0,6,5,Govt. Primary School Dey,Ludhiana,Ludhiana-I,195,Upper Primary,Hindi
SCH0543,2025-12,0.0,3189.0,2,2,Govt. Primary School Dey,Ludhiana,Ludhiana-I,195,Upper Primary,Hindi
SCH0543,2026-01,91822.9,9723.0,4,4,Govt. Primary School Dey,Ludhiana,Ludhiana-I,195,Upper Primary,Hindi
SCH0543,2026-02,26400.0,5544.0,2,1,Govt. Primary School Dey,Ludhiana,Ludhiana-I,195,Upper Primary,Hindi
SCH0543,2026-03,0.906,5436.0,1,1,Govt. Primary School Dey,Ludhiana,Ludhiana-I,195,Upper Primary,Hindi
SCH0544,2025-05,12800.224,384.0,2,2,Govt. Senior Secondary School Khalsa,Ferozepur,Zira,138,Upper Primary,Hindi
SCH0544,2025-06,40217.2,5682.0,2,2,Govt. Senior Secondary School Khalsa,Ferozepur,Zira,138,Upper Primary,Hindi
SCH0544,2025-07,0.0,5976.0,1,1,Govt. Senior Secondary School Khalsa,Ferozepur,Zira,138,Upper Primary,Hindi
SCH0544,2025-08,91.338,16335.0,3,3,Govt. Senior Secondary School Khalsa,Ferozepur,Zira,138,Upper Primary,Hindi
SCH0544,2025-09,90630.144,11312.0,5,5,Govt. Senior Secondary School Khalsa,Ferozepur,Zira,138,Upper Primary,Hindi
SCH0544,2025-10,0.342,684.0,1,1,Govt. Senior Secondary School Khalsa,Ferozepur,Zira,138,Upper Primary,Hindi
SCH0544,2025-11,59202.1,13954.0,5,3,Govt. Senior Secondary School Khalsa,Ferozepur,Zira,138,Upper Primary,Hindi
SCH0544,2025-12,32.9,3948.0,1,1,Govt. Senior Secondary School Khalsa,Ferozepur,Zira,138,Upper Primary,Hindi
SCH0544,2026-01,58500.0,8808.0,2,2,Govt. Senior Secondary School Khalsa,Ferozepur,Zira,138,Upper Primary,Hindi
SCH0544,2026-02,13601.466,2336.0,3,3,Govt. Senior Secondary School Khalsa,Ferozepur,Zira,138,Upper Primary,Hindi
SCH0544,2026-03,0.0,1236.0,1,1,Govt. Senior Secondary School Khalsa,Ferozepur,Zira,138,Upper Primary,Hindi
SCH0545,2025-04,0.0,2541.0,2,2,Govt. Elementary School Prabhakar,Ferozepur,Ferozepur,432,Secondary,Hindi
SCH0545,2025-05,52.9,7424.0,2,1,Govt. Elementary School Prabhakar,Ferozepur,Ferozepur,432,Secondary,Hindi
SCH0545,2025-06,44.7,2423.0,2,2,Govt. Elementary School Prabhakar,Ferozepur,Ferozepur,432,Secondary,Hindi
SCH0545,2025-07,54600.0,1638.0,1,1,Govt. Elementary School Prabhakar,Ferozepur,Ferozepur,432,Secondary,Hindi
SCH0545,2025-08,42538.0,8941.0,4,4,Govt. Elementary School Prabhakar,Ferozepur,Ferozepur,432,Secondary,Hindi
SCH0545,2025-10,50700.0,1440.0,2,2,Govt. Elementary School Prabhakar,Ferozepur,Ferozepur,432,Secondary,Hindi
SCH0545,2025-11,46901.062000000005,1674.0,3,3,Govt. Elementary School Prabhakar,Ferozepur,Ferozepur,432,Secondary,Hindi
SCH0545,2026-01,0.0,9531.0,2,2,Govt. Elementary School Prabhakar,Ferozepur,Ferozepur,432,Secondary,Hindi
SCH0545,2026-03,0.88,5301.0,2,2,Govt. Elementary School Prabhakar,Ferozepur,Ferozepur,432,Secondary,Hindi
SCH0546,2025-04,17801.18,4998.0,3,3,Govt. Elementary School Prabhakar,Jalandhar,Phillaur,298,Upper Primary,English
SCH0546,2025-05,26.01,4079.0,2,2,Govt. Elementary School Prabhakar,Jalandhar,Phillaur,298,Upper Primary,English
SCH0546,2025-07,58642.7,5601.0,2,1,Govt. Elementary School Prabhakar,Jalandhar,Phillaur,298,Upper Primary,English
SCH0546,2025-08,28.7,2583.0,1,1,Govt. Elementary School Prabhakar,Jalandhar,Phillaur,298,Upper Primary,English
SCH0546,2025-10,0.8079999999999999,3636.0,1,1,Govt. Elementary School Prabhakar,Jalandhar,Phillaur,298,Upper Primary,English
SCH0546,2025-11,56.0,1431.0,2,2,Govt. Elementary School Prabhakar,Jalandhar,Phillaur,298,Upper Primary,English
SCH0546,2025-12,23.9,956.0,1,1,Govt. Elementary School Prabhakar,Jalandhar,Phillaur,298,Upper Primary,English
SCH0546,2026-01,39500.0,1580.0,1,1,Govt. Elementary School Prabhakar,Jalandhar,Phillaur,298,Upper Primary,English
SCH0546,2026-02,0.628,3624.0,2,2,Govt. Elementary School Prabhakar,Jalandhar,Phillaur,298,Upper Primary,English
SCH0546,2026-03,52600.0,3763.0,2,2,Govt. Elementary School Prabhakar,Jalandhar,Phillaur,298,Upper Primary,English
SCH0547,2025-04,0.0,6780.0,2,2,Govt. Middle School Lad,Moga,Bagha Purana,251,Higher Secondary,Hindi
SCH0547,2025-06,40.1,5500.0,2,2,Govt. Middle School Lad,Moga,Bagha Purana,251,Higher Secondary,Hindi
SCH0547,2025-07,20200.0,808.0,1,1,Govt. Middle School Lad,Moga,Bagha Purana,251,Higher Secondary,Hindi
SCH0547,2025-08,53.3,1599.0,1,1,Govt. Middle School Lad,Moga,Bagha Purana,251,Higher Secondary,Hindi
SCH0547,2025-10,59.98,9300.0,2,2,Govt. Middle School Lad,Moga,Bagha Purana,251,Higher Secondary,Hindi
SCH0547,2025-11,26737.5,6579.0,2,2,Govt. Middle School Lad,Moga,Bagha Purana,251,Higher Secondary,Hindi
SCH0547,2026-01,19.106,5697.0,2,2,Govt. Middle School Lad,Moga,Bagha Purana,251,Higher Secondary,Hindi
SCH0547,2026-02,94315.8,11344.0,5,5,Govt. Middle School Lad,Moga,Bagha Purana,251,Higher Secondary,Hindi
SCH0548,2025-05,32.338,9059.0,3,3,Govt. Elementary School Yohannan,Patiala,Rajpura,432,Secondary,Punjabi
SCH0548,2025-07,0.532,798.0,1,1,Govt. Elementary School Yohannan,Patiala,Rajpura,432,Secondary,Punjabi
SCH0548,2025-08,27896.0,6887.0,4,4,Govt. Elementary School Yohannan,Patiala,Rajpura,432,Secondary,Punjabi
SCH0548,2025-11,35.8,3940.0,2,2,Govt. Elementary School Yohannan,Patiala,Rajpura,432,Secondary,Punjabi
SCH0548,2026-01,42700.0,9916.0,3,3,Govt. Elementary School Yohannan,Patiala,Rajpura,432,Secondary,Punjabi
SCH0548,2026-02,64.9,2596.0,2,2,Govt. Elementary School Yohannan,Patiala,Rajpura,432,Secondary,Punjabi
SCH0548,2026-03,77212.3,10624.0,4,3,Govt. Elementary School Yohannan,Patiala,Rajpura,432,Secondary,Punjabi
SCH0549,2025-04,52.7,4743.0,1,1,Govt. Middle School Krishnamurthy,Ludhiana,Unknown,185,Upper Primary,Hindi
SCH0549,2025-05,62800.0,3512.0,2,2,Govt. Middle School Krishnamurthy,Ludhiana,Unknown,185,Upper Primary,Hindi
SCH0549,2025-07,59101.1,9292.0,2,1,Govt. Middle School Krishnamurthy,Ludhiana,Unknown,185,Upper Primary,Hindi
SCH0549,2025-08,56300.0,5067.0,1,1,Govt. Middle School Krishnamurthy,Ludhiana,Unknown,185,Upper Primary,Hindi
SCH0549,2025-09,26.1,2349.0,1,1,Govt. Middle School Krishnamurthy,Ludhiana,Unknown,185,Upper Primary,Hindi
SCH0549,2025-11,0.904,4068.0,1,1,Govt. Middle School Krishnamurthy,Ludhiana,Unknown,185,Upper Primary,Hindi
SCH0549,2025-12,0.96,4320.0,1,1,Govt. Middle School Krishnamurthy,Ludhiana,Unknown,185,Upper Primary,Hindi
SCH0549,2026-01,0.0,5676.0,2,2,Govt. Middle School Krishnamurthy,Ludhiana,Unknown,185,Upper Primary,Hindi
SCH0549,2026-02,29.746,1672.0,2,2,Govt. Middle School Krishnamurthy,Ludhiana,Unknown,185,Upper Primary,Hindi
SCH0549,2026-03,12.3,369.0,1,1,Govt. Middle School Krishnamurthy,Ludhiana,Unknown,185,Upper Primary,Hindi
SCH0550,2025-04,47.3,6519.0,3,3,Govt. Senior Secondary School Mittal,Patiala,Unknown,51,Secondary,Punjabi
SCH0550,2025-07,0.0,957.0,1,1,Govt. Senior Secondary School Mittal,Patiala,Unknown,51,Secondary,Punjabi
SCH0550,2025-08,1.186,6312.0,2,2,Govt. Senior Secondary School Mittal,Patiala,Unknown,51,Secondary,Punjabi
SCH0550,2025-09,15546.9,10739.0,5,5,Govt. Senior Secondary School Mittal,Patiala,Unknown,51,Secondary,Punjabi
SCH0550,2025-10,0.994,4473.0,1,1,Govt. Senior Secondary School Mittal,Patiala,Unknown,51,Secondary,Punjabi
SCH0550,2025-12,18700.838,4095.0,3,3,Govt. Senior Secondary School Mittal,Patiala,Unknown,51,Secondary,Punjabi
SCH0550,2026-01,0.0,5400.0,1,1,Govt. Senior Secondary School Mittal,Patiala,Unknown,51,Secondary,Punjabi
SCH0550,2026-03,1.136,8595.0,2,2,Govt. Senior Secondary School Mittal,Patiala,Unknown,51,Secondary,Punjabi
SCH0551,2025-04,57.3,6876.0,1,1,Govt. Middle School Tara,Moga,Unknown,110,Upper Primary,Punjabi
SCH0551,2025-05,0.0,2256.0,1,1,Govt. Middle School Tara,Moga,Unknown,110,Upper Primary,Punjabi
SCH0551,2025-07,44.8,5568.0,3,2,Govt. Middle School Tara,Moga,Unknown,110,Upper Primary,Punjabi
SCH0551,2025-08,0.324,486.0,1,1,Govt. Middle School Tara,Moga,Unknown,110,Upper Primary,Punjabi
SCH0551,2025-09,55400.0,4986.0,1,1,Govt. Middle School Tara,Moga,Unknown,110,Upper Primary,Punjabi
SCH0551,2025-10,35.2,1408.0,1,1,Govt. Middle School Tara,Moga,Unknown,110,Upper Primary,Punjabi
SCH0551,2025-11,32.412,17265.0,5,4,Govt. Middle School Tara,Moga,Unknown,110,Upper Primary,Punjabi
SCH0551,2025-12,64039.3,628.0,3,3,Govt. Middle School Tara,Moga,Unknown,110,Upper Primary,Punjabi
SCH0551,2026-01,17.7,5832.0,2,2,Govt. Middle School Tara,Moga,Unknown,110,Upper Primary,Punjabi
SCH0551,2026-03,54801.335999999996,7352.0,5,5,Govt. Middle School Tara,Moga,Unknown,110,Upper Primary,Punjabi
SCH0552,2025-04,40500.0,1620.0,1,1,Govt. Primary School Bhavsar,Patiala,Patiala,410,Higher Secondary,English
SCH0552,2025-05,36.4,3651.0,3,3,Govt. Primary School Bhavsar,Patiala,Patiala,410,Higher Secondary,English
SCH0552,2025-06,0.0,6471.0,2,2,Govt. Primary School Bhavsar,Patiala,Patiala,410,Higher Secondary,English
SCH0552,2025-07,34500.0,6248.0,2,2,Govt. Primary School Bhavsar,Patiala,Patiala,410,Higher Secondary,English
SCH0552,2025-08,46.004000000000005,5937.0,2,2,Govt. Primary School Bhavsar,Patiala,Patiala,410,Higher Secondary,English
SCH0552,2025-09,0.0,4599.0,1,1,Govt. Primary School Bhavsar,Patiala,Patiala,410,Higher Secondary,English
SCH0552,2025-10,37.028,4057.0,3,3,Govt. Primary School Bhavsar,Patiala,Patiala,410,Higher Secondary,English
SCH0552,2025-12,59.234,9447.0,2,2,Govt. Primary School Bhavsar,Patiala,Patiala,410,Higher Secondary,English
SCH0552,2026-01,0.0,2430.0,2,2,Govt. Primary School Bhavsar,Patiala,Patiala,410,Higher Secondary,English
SCH0553,2025-04,45600.0,1368.0,1,1,Govt. Elementary School Brar,Ludhiana,Machhiwara,80,Secondary,Punjabi
SCH0553,2025-05,60.92,10103.0,4,3,Govt. Elementary School Brar,Ludhiana,Machhiwara,80,Secondary,Punjabi
SCH0553,2025-06,51.0,5175.0,2,2,Govt. Elementary School Brar,Ludhiana,Machhiwara,80,Secondary,Punjabi
SCH0553,2025-07,18451.7,6148.0,3,3,Govt. Elementary School Brar,Ludhiana,Machhiwara,80,Secondary,Punjabi
SCH0553,2025-08,48729.0,5844.0,3,3,Govt. Elementary School Brar,Ludhiana,Machhiwara,80,Secondary,Punjabi
SCH0553,2025-09,56801.014,14643.0,3,3,Govt. Elementary School Brar,Ludhiana,Machhiwara,80,Secondary,Punjabi
SCH0553,2025-10,33.816,7593.0,3,2,Govt. Elementary School Brar,Ludhiana,Machhiwara,80,Secondary,Punjabi
SCH0553,2025-11,41.694,2208.0,4,4,Govt. Elementary School Brar,Ludhiana,Machhiwara,80,Secondary,Punjabi
SCH0553,2025-12,19.8,6318.0,3,3,Govt. Elementary School Brar,Ludhiana,Machhiwara,80,Secondary,Punjabi
SCH0553,2026-01,34600.0,1653.0,2,2,Govt. Elementary School Brar,Ludhiana,Machhiwara,80,Secondary,Punjabi
SCH0553,2026-02,1.076,6456.0,1,1,Govt. Elementary School Brar,Ludhiana,Machhiwara,80,Secondary,Punjabi
SCH0553,2026-03,54800.0,1644.0,1,1,Govt. Elementary School Brar,Ludhiana,Machhiwara,80,Secondary,Punjabi
SCH0554,2025-04,12.17,3192.0,3,3,Govt. Primary School Din,Patiala,Patiala,364,Higher Secondary,Hindi
SCH0554,2025-05,49.099999999999994,4875.0,2,2,Govt. Primary School Din,Patiala,Patiala,364,Higher Secondary,Hindi
SCH0554,2025-06,18949.422,10584.0,4,3,Govt. Primary School Din,Patiala,Patiala,364,Higher Secondary,Hindi
SCH0554,2025-07,0.0,1839.0,2,2,Govt. Primary School Din,Patiala,Patiala,364,Higher Secondary,Hindi
SCH0554,2025-08,0.598,3588.0,2,2,Govt. Primary School Din,Patiala,Patiala,364,Higher Secondary,Hindi
SCH0554,2025-09,0.262,7527.0,2,2,Govt. Primary School Din,Patiala,Patiala,364,Higher Secondary,Hindi
SCH0554,2025-10,50500.0,3503.0,2,2,Govt. Primary School Din,Patiala,Patiala,364,Higher Secondary,Hindi
SCH0554,2025-11,54200.0,4326.0,2,2,Govt. Primary School Din,Patiala,Patiala,364,Higher Secondary,Hindi
SCH0554,2025-12,28100.0,1968.0,2,2,Govt. Primary School Din,Patiala,Patiala,364,Higher Secondary,Hindi
SCH0554,2026-01,62256.744,3582.0,4,4,Govt. Primary School Din,Patiala,Patiala,364,Higher Secondary,Hindi
SCH0555,2025-07,11.6,2418.0,2,2,Govt. Elementary School Mukhopadhyay,Jalandhar,Nakodar,297,Upper Primary,Hindi
SCH0555,2025-08,31319.79,6287.0,3,3,Govt. Elementary School Mukhopadhyay,Jalandhar,Nakodar,297,Upper Primary,Hindi
SCH0555,2025-09,56.154,14284.0,3,3,Govt. Elementary School Mukhopadhyay,Jalandhar,Nakodar,297,Upper Primary,Hindi
SCH0555,2025-10,48600.0,5832.0,1,1,Govt. Elementary School Mukhopadhyay,Jalandhar,Nakodar,297,Upper Primary,Hindi
SCH0555,2025-11,21429.1,3441.0,2,2,Govt. Elementary School Mukhopadhyay,Jalandhar,Nakodar,297,Upper Primary,Hindi
SCH0555,2025-12,44600.0,6315.0,2,2,Govt. Elementary School Mukhopadhyay,Jalandhar,Nakodar,297,Upper Primary,Hindi
SCH0555,2026-02,46800.0,1404.0,1,1,Govt. Elementary School Mukhopadhyay,Jalandhar,Nakodar,297,Upper Primary,Hindi
SCH0555,2026-03,31500.0,6033.0,3,3,Govt. Elementary School Mukhopadhyay,Jalandhar,Nakodar,297,Upper Primary,Hindi
SCH0556,2025-04,58.5,5663.0,3,3,Govt. Middle School Dar,Amritsar,Unknown,261,Higher Secondary,Hindi
SCH0556,2025-06,1.056,0.0,1,1,Govt. Middle School Dar,Amritsar,Unknown,261,Higher Secondary,Hindi
SCH0556,2025-07,84.9,6726.0,3,3,Govt. Middle School Dar,Amritsar,Unknown,261,Higher Secondary,Hindi
SCH0556,2025-08,18300.0,1647.0,1,1,Govt. Middle School Dar,Amritsar,Unknown,261,Higher Secondary,Hindi
SCH0556,2025-10,0.0,903.0,1,1,Govt. Middle School Dar,Amritsar,Unknown,261,Higher Secondary,Hindi
SCH0556,2025-11,37700.0,3393.0,1,1,Govt. Middle School Dar,Amritsar,Unknown,261,Higher Secondary,Hindi
SCH0556,2026-01,40.208,5749.0,3,3,Govt. Middle School Dar,Amritsar,Unknown,261,Higher Secondary,Hindi
SCH0556,2026-02,0.0,2376.0,1,1,Govt. Middle School Dar,Amritsar,Unknown,261,Higher Secondary,Hindi
SCH0556,2026-03,14.2,1386.0,3,3,Govt. Middle School Dar,Amritsar,Unknown,261,Higher Secondary,Hindi
SCH0557,2025-04,16.5,495.0,1,1,Govt. Senior Secondary School Raghavan,Ludhiana,Machhiwara,174,Higher Secondary,Punjabi
SCH0557,2025-05,36200.0,1448.0,1,1,Govt. Senior Secondary School Raghavan,Ludhiana,Machhiwara,174,Higher Secondary,Punjabi
SCH0557,2025-06,16.59,2996.0,2,2,Govt. Senior Secondary School Raghavan,Ludhiana,Machhiwara,174,Higher Secondary,Punjabi
SCH0557,2025-07,0.0,1100.0,1,1,Govt. Senior Secondary School Raghavan,Ludhiana,Machhiwara,174,Higher Secondary,Punjabi
SCH0557,2025-08,1.686,9584.0,4,4,Govt. Senior Secondary School Raghavan,Ludhiana,Machhiwara,174,Higher Secondary,Punjabi
SCH0557,2025-10,43.1,1293.0,1,1,Govt. Senior Secondary School Raghavan,Ludhiana,Machhiwara,174,Higher Secondary,Punjabi
SCH0557,2025-11,12.2,0.0,1,1,Govt. Senior Secondary School Raghavan,Ludhiana,Machhiwara,174,Higher Secondary,Punjabi
SCH0557,2025-12,54.5,1635.0,1,1,Govt. Senior Secondary School Raghavan,Ludhiana,Machhiwara,174,Higher Secondary,Punjabi
SCH0557,2026-02,20800.0,7824.0,2,2,Govt. Senior Secondary School Raghavan,Ludhiana,Machhiwara,174,Higher Secondary,Punjabi
SCH0557,2026-03,0.762,3852.0,2,2,Govt. Senior Secondary School Raghavan,Ludhiana,Machhiwara,174,Higher Secondary,Punjabi
SCH0558,2025-04,88732.95,15228.0,4,3,Govt. Senior Secondary School Morar,Patiala,Rajpura,242,Upper Primary,English
SCH0558,2025-05,49.6,3624.0,3,3,Govt. Senior Secondary School Morar,Patiala,Rajpura,242,Upper Primary,English
SCH0558,2025-06,20.79,7467.0,3,3,Govt. Senior Secondary School Morar,Patiala,Rajpura,242,Upper Primary,English
SCH0558,2025-07,0.0,1329.0,1,1,Govt. Senior Secondary School Morar,Patiala,Rajpura,242,Upper Primary,English
SCH0558,2025-08,17400.0,696.0,1,1,Govt. Senior Secondary School Morar,Patiala,Rajpura,242,Upper Primary,English
SCH0558,2025-09,78.19999999999999,7038.0,2,2,Govt. Senior Secondary School Morar,Patiala,Rajpura,242,Upper Primary,English
SCH0558,2025-11,34500.472,7749.0,3,3,Govt. Senior Secondary School Morar,Patiala,Rajpura,242,Upper Primary,English
SCH0558,2025-12,0.0,804.0,1,1,Govt. Senior Secondary School Morar,Patiala,Rajpura,242,Upper Primary,English
SCH0558,2026-01,0.66,1320.0,2,2,Govt. Senior Secondary School Morar,Patiala,Rajpura,242,Upper Primary,English
SCH0558,2026-02,12.394,4392.0,2,1,Govt. Senior Secondary School Morar,Patiala,Rajpura,242,Upper Primary,English
SCH0558,2026-03,35.5,10302.0,3,3,Govt. Senior Secondary School Morar,Patiala,Rajpura,242,Upper Primary,English
SCH0559,2025-04,0.0,1272.0,1,1,Govt. Elementary School Bera,Ferozepur,Makhu,390,Primary,English
SCH0559,2025-05,54751.9,3198.0,2,2,Govt. Elementary School Bera,Ferozepur,Makhu,390,Primary,English
SCH0559,2025-06,36233.948,6000.0,3,3,Govt. Elementary School Bera,Ferozepur,Makhu,390,Primary,English
SCH0559,2025-07,41.7,7659.0,2,2,Govt. Elementary School Bera,Ferozepur,Makhu,390,Primary,English
SCH0559,2025-08,82.2,5784.0,2,2,Govt. Elementary School Bera,Ferozepur,Makhu,390,Primary,English
SCH0559,2025-09,0.0,1767.0,1,1,Govt. Elementary School Bera,Ferozepur,Makhu,390,Primary,English
SCH0559,2025-10,49900.0,5988.0,1,1,Govt. Elementary School Bera,Ferozepur,Makhu,390,Primary,English
SCH0559,2025-12,27647.6,9024.0,2,2,Govt. Elementary School Bera,Ferozepur,Makhu,390,Primary,English
SCH0559,2026-01,1.736,7131.0,2,2,Govt. Elementary School Bera,Ferozepur,Makhu,390,Primary,English
SCH0559,2026-03,0.0,2100.0,1,1,Govt. Elementary School Bera,Ferozepur,Makhu,390,Primary,English
SCH0560,2025-04,25201.086,5895.0,2,2,Govt. Senior Secondary School Rajagopalan,Patiala,Samana,216,Primary,Hindi
SCH0560,2025-05,58356.4,15972.0,3,2,Govt. Senior Secondary School Rajagopalan,Patiala,Samana,216,Primary,Hindi
SCH0560,2025-06,0.0,4248.0,2,2,Govt. Senior Secondary School Rajagopalan,Patiala,Samana,216,Primary,Hindi
SCH0560,2025-07,51.6,1548.0,1,1,Govt. Senior Secondary School Rajagopalan,Patiala,Samana,216,Primary,Hindi
SCH0560,2025-08,0.0,510.0,1,1,Govt. Senior Secondary School Rajagopalan,Patiala,Samana,216,Primary,Hindi
SCH0560,2025-09,0.0,1852.0,1,1,Govt. Senior Secondary School Rajagopalan,Patiala,Samana,216,Primary,Hindi
SCH0560,2025-10,13200.0,528.0,1,1,Govt. Senior Secondary School Rajagopalan,Patiala,Samana,216,Primary,Hindi
SCH0560,2025-11,0.652,2736.0,2,2,Govt. Senior Secondary School Rajagopalan,Patiala,Samana,216,Primary,Hindi
SCH0560,2025-12,11.5,3096.0,2,2,Govt. Senior Secondary School Rajagopalan,Patiala,Samana,216,Primary,Hindi
SCH0560,2026-01,40100.0,3609.0,1,1,Govt. Senior Secondary School Rajagopalan,Patiala,Samana,216,Primary,Hindi
SCH0560,2026-02,23500.392,4467.0,2,2,Govt. Senior Secondary School Rajagopalan,Patiala,Samana,216,Primary,Hindi
SCH0561,2025-04,90949.6,9198.0,4,4,Govt. Middle School Mishra,Unknown,Sunam,265,Upper Primary,Punjabi
SCH0561,2025-05,0.29,4836.0,2,2,Govt. Middle School Mishra,Unknown,Sunam,265,Upper Primary,Punjabi
SCH0561,2025-07,21.8,872.0,1,1,Govt. Middle School Mishra,Unknown,Sunam,265,Upper Primary,Punjabi
SCH0561,2025-09,56.967999999999996,13116.0,2,2,Govt. Middle School Mishra,Unknown,Sunam,265,Upper Primary,Punjabi
SCH0561,2025-10,0.0,6188.0,3,2,Govt. Middle School Mishra,Unknown,Sunam,265,Upper Primary,Punjabi
SCH0561,2025-11,54400.0,8796.0,2,2,Govt. Middle School Mishra,Unknown,Sunam,265,Upper Primary,Punjabi
SCH0561,2025-12,0.716,3222.0,1,1,Govt. Middle School Mishra,Unknown,Sunam,265,Upper Primary,Punjabi
SCH0561,2026-01,0.25,375.0,1,1,Govt. Middle School Mishra,Unknown,Sunam,265,Upper Primary,Punjabi
SCH0561,2026-02,35.3,3177.0,1,1,Govt. Middle School Mishra,Unknown,Sunam,265,Upper Primary,Punjabi
SCH0562,2025-04,38010.9,5541.0,2,2,Govt. Middle School Andra,Amritsar,Unknown,164,Upper Primary,Punjabi
SCH0562,2025-05,0.0,1128.0,2,2,Govt. Middle School Andra,Amritsar,Unknown,164,Upper Primary,Punjabi
SCH0562,2025-06,0.0,1377.0,2,2,Govt. Middle School Andra,Amritsar,Unknown,164,Upper Primary,Punjabi
SCH0562,2025-07,0.924,5544.0,1,1,Govt. Middle School Andra,Amritsar,Unknown,164,Upper Primary,Punjabi
SCH0562,2025-08,0.0,2680.0,2,2,Govt. Middle School Andra,Amritsar,Unknown,164,Upper Primary,Punjabi
SCH0562,2025-09,1.154,1731.0,1,1,Govt. Middle School Andra,Amritsar,Unknown,164,Upper Primary,Punjabi
SCH0562,2025-10,116.486,25281.0,7,6,Govt. Middle School Andra,Amritsar,Unknown,164,Upper Primary,Punjabi
SCH0562,2025-11,56700.0,5103.0,1,1,Govt. Middle School Andra,Amritsar,Unknown,164,Upper Primary,Punjabi
SCH0562,2026-01,45.0,8463.0,3,3,Govt. Middle School Andra,Amritsar,Unknown,164,Upper Primary,Punjabi
SCH0562,2026-03,31700.636,7257.0,3,2,Govt. Middle School Andra,Amritsar,Unknown,164,Upper Primary,Punjabi
SCH0563,2025-04,10.1,404.0,1,1,Govt. Senior Secondary School Nayak,Unknown,Talwandi Sabo,281,Upper Primary,Hindi
SCH0563,2025-05,0.0,4221.0,1,1,Govt. Senior Secondary School Nayak,Unknown,Talwandi Sabo,281,Upper Primary,Hindi
SCH0563,2025-07,16200.364,3096.0,2,2,Govt. Senior Secondary School Nayak,Unknown,Talwandi Sabo,281,Upper Primary,Hindi
SCH0563,2025-09,108900.0,9801.0,2,2,Govt. Senior Secondary School Nayak,Unknown,Talwandi Sabo,281,Upper Primary,Hindi
SCH0563,2025-10,47.512,10333.0,3,3,Govt. Senior Secondary School Nayak,Unknown,Talwandi Sabo,281,Upper Primary,Hindi
SCH0563,2025-11,0.274,1356.0,2,2,Govt. Senior Secondary School Nayak,Unknown,Talwandi Sabo,281,Upper Primary,Hindi
SCH0563,2026-02,41800.0,4610.0,2,2,Govt. Senior Secondary School Nayak,Unknown,Talwandi Sabo,281,Upper Primary,Hindi
SCH0563,2026-03,49300.0,0.0,1,1,Govt. Senior Secondary School Nayak,Unknown,Talwandi Sabo,281,Upper Primary,Hindi
SCH0564,2025-04,54200.0,1626.0,3,2,Govt. Primary School Nair,Bathinda,Talwandi Sabo,358,Upper Primary,Hindi
SCH0564,2025-07,34500.0,11700.0,3,3,Govt. Primary School Nair,Bathinda,Talwandi Sabo,358,Upper Primary,Hindi
SCH0564,2025-08,0.0,2730.0,2,2,Govt. Primary School Nair,Bathinda,Talwandi Sabo,358,Upper Primary,Hindi
SCH0564,2025-10,2.026,5919.0,2,2,Govt. Primary School Nair,Bathinda,Talwandi Sabo,358,Upper Primary,Hindi
SCH0564,2025-11,46.804,9458.0,3,2,Govt. Primary School Nair,Bathinda,Talwandi Sabo,358,Upper Primary,Hindi
SCH0564,2025-12,55600.0,9349.0,4,3,Govt. Primary School Nair,Bathinda,Talwandi Sabo,358,Upper Primary,Hindi
SCH0564,2026-03,0.476,2142.0,1,1,Govt. Primary School Nair,Bathinda,Talwandi Sabo,358,Upper Primary,Hindi
SCH0565,2025-04,40.2,6768.0,2,2,Govt. Middle School Kibe,Ludhiana,Unknown,127,Upper Primary,Punjabi
SCH0565,2025-06,0.7979999999999999,1197.0,1,1,Govt. Middle School Kibe,Ludhiana,Unknown,127,Upper Primary,Punjabi
SCH0565,2025-07,54800.678,5243.0,2,2,Govt. Middle School Kibe,Ludhiana,Unknown,127,Upper Primary,Punjabi
SCH0565,2025-08,10600.0,954.0,1,1,Govt. Middle School Kibe,Ludhiana,Unknown,127,Upper Primary,Punjabi
SCH0565,2025-09,42522.2,10425.0,3,3,Govt. Middle School Kibe,Ludhiana,Unknown,127,Upper Primary,Punjabi
SCH0565,2025-11,52200.0,5002.0,3,3,Govt. Middle School Kibe,Ludhiana,Unknown,127,Upper Primary,Punjabi
SCH0565,2025-12,19021.93,8981.0,5,4,Govt. Middle School Kibe,Ludhiana,Unknown,127,Upper Primary,Punjabi
SCH0565,2026-02,0.43,1935.0,1,1,Govt. Middle School Kibe,Ludhiana,Unknown,127,Upper Primary,Punjabi
SCH0565,2026-03,29.4,3528.0,1,1,Govt. Middle School Kibe,Ludhiana,Unknown,127,Upper Primary,Punjabi
SCH0566,2025-05,12600.0,378.0,1,1,Govt. Primary School Ramachandran,Amritsar,Tarn Taran,378,Secondary,Punjabi
SCH0566,2025-06,2.3360000000000003,9652.0,3,3,Govt. Primary School Ramachandran,Amritsar,Tarn Taran,378,Secondary,Punjabi
SCH0566,2025-07,0.0,990.0,1,1,Govt. Primary School Ramachandran,Amritsar,Tarn Taran,378,Secondary,Punjabi
SCH0566,2025-11,63.594,9284.0,5,5,Govt. Primary School Ramachandran,Amritsar,Tarn Taran,378,Secondary,Punjabi
SCH0566,2026-01,0.0,3216.0,1,1,Govt. Primary School Ramachandran,Amritsar,Tarn Taran,378,Secondary,Punjabi
SCH0566,2026-02,47.5,10404.0,2,2,Govt. Primary School Ramachandran,Amritsar,Tarn Taran,378,Secondary,Punjabi
SCH0566,2026-03,26.804,1608.0,2,2,Govt. Primary School Ramachandran,Amritsar,Tarn Taran,378,Secondary,Punjabi
SCH0567,2025-04,58.2,9630.0,2,2,Govt. Elementary School Sawhney,Patiala,Rajpura,300,Primary,Hindi
SCH0567,2025-06,0.0,2433.0,2,2,Govt. Elementary School Sawhney,Patiala,Rajpura,300,Primary,Hindi
SCH0567,2025-08,0.0,2106.0,1,1,Govt. Elementary School Sawhney,Patiala,Rajpura,300,Primary,Hindi
SCH0567,2025-09,0.0,2328.0,1,1,Govt. Elementary School Sawhney,Patiala,Rajpura,300,Primary,Hindi
SCH0567,2025-10,0.47,940.0,1,1,Govt. Elementary School Sawhney,Patiala,Rajpura,300,Primary,Hindi
SCH0567,2025-11,41.2,4944.0,1,1,Govt. Elementary School Sawhney,Patiala,Rajpura,300,Primary,Hindi
SCH0567,2025-12,34.1,2031.0,2,2,Govt. Elementary School Sawhney,Patiala,Rajpura,300,Primary,Hindi
SCH0567,2026-01,27800.0,2502.0,1,1,Govt. Elementary School Sawhney,Patiala,Rajpura,300,Primary,Hindi
SCH0567,2026-02,15800.0,632.0,1,1,Govt. Elementary School Sawhney,Patiala,Rajpura,300,Primary,Hindi
SCH0567,2026-03,107602.27,9611.0,5,5,Govt. Elementary School Sawhney,Patiala,Rajpura,300,Primary,Hindi
SCH0568,2025-04,1.5899999999999999,3040.0,3,3,Govt. Primary School Zachariah,Amritsar,Unknown,141,Higher Secondary,Hindi
SCH0568,2025-05,57.37200000000001,8472.0,3,3,Govt. Primary School Zachariah,Amritsar,Unknown,141,Higher Secondary,Hindi
SCH0568,2025-07,60.036,8400.0,2,1,Govt. Primary School Zachariah,Amritsar,Unknown,141,Higher Secondary,Hindi
SCH0568,2025-08,57.0,6840.0,1,1,Govt. Primary School Zachariah,Amritsar,Unknown,141,Higher Secondary,Hindi
SCH0568,2025-09,29100.0,3492.0,1,1,Govt. Primary School Zachariah,Amritsar,Unknown,141,Higher Secondary,Hindi
SCH0568,2025-10,92900.0,9351.0,2,1,Govt. Primary School Zachariah,Amritsar,Unknown,141,Higher Secondary,Hindi
SCH0568,2025-11,0.0,1888.0,1,1,Govt. Primary School Zachariah,Amritsar,Unknown,141,Higher Secondary,Hindi
SCH0568,2026-01,46.0,10800.0,3,2,Govt. Primary School Zachariah,Amritsar,Unknown,141,Higher Secondary,Hindi
SCH0568,2026-03,0.0,6295.0,3,2,Govt. Primary School Zachariah,Amritsar,Unknown,141,Higher Secondary,Hindi
SCH0569,2025-04,1.052,2918.0,2,2,Govt. Middle School Gill,Bathinda,Rampura Phul,290,Upper Primary,English
SCH0569,2025-07,64.2,10323.0,4,4,Govt. Middle School Gill,Bathinda,Rampura Phul,290,Upper Primary,English
SCH0569,2025-09,0.0,1463.0,2,1,Govt. Middle School Gill,Bathinda,Rampura Phul,290,Upper Primary,English
SCH0569,2025-10,30.262,7194.0,3,3,Govt. Middle School Gill,Bathinda,Rampura Phul,290,Upper Primary,English
SCH0569,2025-11,35.9,3231.0,1,1,Govt. Middle School Gill,Bathinda,Rampura Phul,290,Upper Primary,English
SCH0569,2025-12,81300.0,9756.0,2,1,Govt. Middle School Gill,Bathinda,Rampura Phul,290,Upper Primary,English
SCH0569,2026-01,57.17,13803.0,5,3,Govt. Middle School Gill,Bathinda,Rampura Phul,290,Upper Primary,English
SCH0569,2026-03,14.2,2832.0,2,2,Govt. Middle School Gill,Bathinda,Rampura Phul,290,Upper Primary,English
SCH0570,2025-04,0.0,1668.0,1,1,Govt. Primary School Padmanabhan,Patiala,Samana,71,Higher Secondary,English
SCH0570,2025-07,102113.77799999999,12352.0,4,4,Govt. Primary School Padmanabhan,Patiala,Samana,71,Higher Secondary,English
SCH0570,2025-08,0.304,1824.0,1,1,Govt. Primary School Padmanabhan,Patiala,Samana,71,Higher Secondary,English
SCH0570,2025-09,75.1,7260.0,2,2,Govt. Primary School Padmanabhan,Patiala,Samana,71,Higher Secondary,English
SCH0570,2025-10,15.3,6456.0,3,3,Govt. Primary School Padmanabhan,Patiala,Samana,71,Higher Secondary,English
SCH0570,2025-11,15557.6,6579.0,2,2,Govt. Primary School Padmanabhan,Patiala,Samana,71,Higher Secondary,English
SCH0570,2025-12,1.014,9075.0,3,3,Govt. Primary School Padmanabhan,Patiala,Samana,71,Higher Secondary,English
SCH0570,2026-02,67200.0,3843.0,2,2,Govt. Primary School Padmanabhan,Patiala,Samana,71,Higher Secondary,English
SCH0571,2025-04,47.0,1880.0,1,1,Govt. Elementary School Gaba,Patiala,Nabha,214,Upper Primary,Hindi
SCH0571,2025-05,0.0,0.0,1,1,Govt. Elementary School Gaba,Patiala,Nabha,214,Upper Primary,Hindi
SCH0571,2025-06,85039.9,6618.0,3,3,Govt. Elementary School Gaba,Patiala,Nabha,214,Upper Primary,Hindi
SCH0571,2025-07,55700.0,6684.0,1,1,Govt. Elementary School Gaba,Patiala,Nabha,214,Upper Primary,Hindi
SCH0571,2025-08,0.256,1152.0,1,1,Govt. Elementary School Gaba,Patiala,Nabha,214,Upper Primary,Hindi
SCH0571,2025-12,57742.896,9562.0,4,3,Govt. Elementary School Gaba,Patiala,Nabha,214,Upper Primary,Hindi
SCH0571,2026-01,0.0,1017.0,1,1,Govt. Elementary School Gaba,Patiala,Nabha,214,Upper Primary,Hindi
SCH0571,2026-03,35.576,7788.0,2,2,Govt. Elementary School Gaba,Patiala,Nabha,214,Upper Primary,Hindi
SCH0572,2025-04,0.0,2280.0,1,1,Govt. Middle School Dey,Patiala,Rajpura,163,Higher Secondary,Hindi
SCH0572,2025-05,81.47,8292.0,3,3,Govt. Middle School Dey,Patiala,Rajpura,163,Higher Secondary,Hindi
SCH0572,2025-06,31.154,4839.0,2,2,Govt. Middle School Dey,Patiala,Rajpura,163,Higher Secondary,Hindi
SCH0572,2025-07,50.242,6543.0,2,2,Govt. Middle School Dey,Patiala,Rajpura,163,Higher Secondary,Hindi
SCH0572,2025-08,30.778,5742.0,2,2,Govt. Middle School Dey,Patiala,Rajpura,163,Higher Secondary,Hindi
SCH0572,2025-09,0.0,4095.0,1,1,Govt. Middle School Dey,Patiala,Rajpura,163,Higher Secondary,Hindi
SCH0572,2025-10,0.944,1416.0,1,1,Govt. Middle School Dey,Patiala,Rajpura,163,Higher Secondary,Hindi
SCH0572,2026-01,30691.166,6931.0,5,3,Govt. Middle School Dey,Patiala,Rajpura,163,Higher Secondary,Hindi
SCH0572,2026-02,37.7,5877.0,2,2,Govt. Middle School Dey,Patiala,Rajpura,163,Higher Secondary,Hindi
SCH0573,2025-04,0.0,3888.0,1,1,Govt. Middle School Thakkar,Patiala,Nabha,337,Upper Primary,Hindi
SCH0573,2025-05,46300.0,1852.0,1,1,Govt. Middle School Thakkar,Patiala,Nabha,337,Upper Primary,Hindi
SCH0573,2025-06,17.1,513.0,1,1,Govt. Middle School Thakkar,Patiala,Nabha,337,Upper Primary,Hindi
SCH0573,2025-07,24.1,0.0,1,1,Govt. Middle School Thakkar,Patiala,Nabha,337,Upper Primary,Hindi
SCH0573,2025-08,31551.3,7452.0,2,2,Govt. Middle School Thakkar,Patiala,Nabha,337,Upper Primary,Hindi
SCH0573,2025-09,58900.0,1767.0,1,1,Govt. Middle School Thakkar,Patiala,Nabha,337,Upper Primary,Hindi
SCH0573,2025-10,64.9,9192.0,4,4,Govt. Middle School Thakkar,Patiala,Nabha,337,Upper Primary,Hindi
SCH0573,2025-11,42400.0,1696.0,1,1,Govt. Middle School Thakkar,Patiala,Nabha,337,Upper Primary,Hindi
SCH0573,2026-01,50.1,5787.0,3,3,Govt. Middle School Thakkar,Patiala,Nabha,337,Upper Primary,Hindi
SCH0573,2026-02,0.4320000000000001,3624.0,2,2,Govt. Middle School Thakkar,Patiala,Nabha,337,Upper Primary,Hindi
SCH0573,2026-03,0.292,1752.0,1,1,Govt. Middle School Thakkar,Patiala,Nabha,337,Upper Primary,Hindi
SCH0574,2025-04,0.348,522.0,1,1,Govt. Primary School Deep,Jalandhar,Phillaur,434,Upper Primary,Hindi
SCH0574,2025-05,41.217999999999996,5757.0,3,3,Govt. Primary School Deep,Jalandhar,Phillaur,434,Upper Primary,Hindi
SCH0574,2025-06,61100.0,4884.0,2,2,Govt. Primary School Deep,Jalandhar,Phillaur,434,Upper Primary,Hindi
SCH0574,2025-07,26.8,2412.0,1,1,Govt. Primary School Deep,Jalandhar,Phillaur,434,Upper Primary,Hindi
SCH0574,2025-08,65.8,536.0,2,2,Govt. Primary School Deep,Jalandhar,Phillaur,434,Upper Primary,Hindi
SCH0574,2025-09,38.792,4698.0,2,2,Govt. Primary School Deep,Jalandhar,Phillaur,434,Upper Primary,Hindi
SCH0574,2025-10,0.804,6972.0,2,2,Govt. Primary School Deep,Jalandhar,Phillaur,434,Upper Primary,Hindi
SCH0574,2025-11,27.9,3348.0,1,1,Govt. Primary School Deep,Jalandhar,Phillaur,434,Upper Primary,Hindi
SCH0574,2025-12,45251.5,4529.0,4,4,Govt. Primary School Deep,Jalandhar,Phillaur,434,Upper Primary,Hindi
SCH0574,2026-01,51.199999999999996,6144.0,2,2,Govt. Primary School Deep,Jalandhar,Phillaur,434,Upper Primary,Hindi
SCH0574,2026-02,0.0,1392.0,1,1,Govt. Primary School Deep,Jalandhar,Phillaur,434,Upper Primary,Hindi
SCH0574,2026-03,0.856,5388.0,3,3,Govt. Primary School Deep,Jalandhar,Phillaur,434,Upper Primary,Hindi
SCH0575,2025-05,0.612,918.0,1,1,Govt. Middle School Nair,Ludhiana,Doraha,251,Secondary,Hindi
SCH0575,2025-06,0.0,657.0,1,1,Govt. Middle School Nair,Ludhiana,Doraha,251,Secondary,Hindi
SCH0575,2025-07,26.896,3927.0,3,2,Govt. Middle School Nair,Ludhiana,Doraha,251,Secondary,Hindi
SCH0575,2025-08,1.942,8739.0,2,2,Govt. Middle School Nair,Ludhiana,Doraha,251,Secondary,Hindi
SCH0575,2025-09,0.68,3060.0,1,1,Govt. Middle School Nair,Ludhiana,Doraha,251,Secondary,Hindi
SCH0575,2025-10,0.908,1816.0,1,1,Govt. Middle School Nair,Ludhiana,Doraha,251,Secondary,Hindi
SCH0575,2025-11,26929.0,5838.0,2,2,Govt. Middle School Nair,Ludhiana,Doraha,251,Secondary,Hindi
SCH0575,2025-12,36900.558,13104.0,4,4,Govt. Middle School Nair,Ludhiana,Doraha,251,Secondary,Hindi
SCH0575,2026-01,51.3,8595.0,2,2,Govt. Middle School Nair,Ludhiana,Doraha,251,Secondary,Hindi
SCH0576,2025-04,1.014,2028.0,1,1,Govt. Senior Secondary School Tripathi,Unknown,Amritsar-II,134,Secondary,Hindi
SCH0576,2025-06,0.0,2040.0,1,1,Govt. Senior Secondary School Tripathi,Unknown,Amritsar-II,134,Secondary,Hindi
SCH0576,2025-08,39500.802,6392.0,2,2,Govt. Senior Secondary School Tripathi,Unknown,Amritsar-II,134,Secondary,Hindi
SCH0576,2025-09,60.9,2436.0,2,1,Govt. Senior Secondary School Tripathi,Unknown,Amritsar-II,134,Secondary,Hindi
SCH0576,2025-10,0.0,4440.0,1,1,Govt. Senior Secondary School Tripathi,Unknown,Amritsar-II,134,Secondary,Hindi
SCH0576,2025-11,54601.342,5404.0,3,2,Govt. Senior Secondary School Tripathi,Unknown,Amritsar-II,134,Secondary,Hindi
SCH0576,2025-12,101901.026,12045.0,3,2,Govt. Senior Secondary School Tripathi,Unknown,Amritsar-II,134,Secondary,Hindi
SCH0576,2026-01,45558.6,9999.0,4,3,Govt. Senior Secondary School Tripathi,Unknown,Amritsar-II,134,Secondary,Hindi
SCH0576,2026-03,64.8,3276.0,2,2,Govt. Senior Secondary School Tripathi,Unknown,Amritsar-II,134,Secondary,Hindi
SCH0577,2025-04,16100.0,483.0,1,1,Govt. Elementary School Magar,Ludhiana,Doraha,80,Higher Secondary,English
SCH0577,2025-05,0.0,2856.0,1,1,Govt. Elementary School Magar,Ludhiana,Doraha,80,Higher Secondary,English
SCH0577,2025-09,0.0,0.0,1,1,Govt. Elementary School Magar,Ludhiana,Doraha,80,Higher Secondary,English
SCH0577,2025-12,80.8,7599.0,3,1,Govt. Elementary School Magar,Ludhiana,Doraha,80,Higher Secondary,English
SCH0577,2026-01,27419.3,5643.0,5,4,Govt. Elementary School Magar,Ludhiana,Doraha,80,Higher Secondary,English
SCH0577,2026-02,57306.9,18513.0,6,4,Govt. Elementary School Magar,Ludhiana,Doraha,80,Higher Secondary,English
SCH0577,2026-03,10552.1,2412.0,3,3,Govt. Elementary School Magar,Ludhiana,Doraha,80,Higher Secondary,English
SCH0578,2025-04,0.0,6723.0,2,1,Govt. Primary School Narasimhan,Jalandhar,Phillaur,291,Upper Primary,Punjabi
SCH0578,2025-05,53500.856,3852.0,2,2,Govt. Primary School Narasimhan,Jalandhar,Phillaur,291,Upper Primary,Punjabi
SCH0578,2025-07,43100.0,5675.0,2,2,Govt. Primary School Narasimhan,Jalandhar,Phillaur,291,Upper Primary,Punjabi
SCH0578,2025-09,0.0,3936.0,1,1,Govt. Primary School Narasimhan,Jalandhar,Phillaur,291,Upper Primary,Punjabi
SCH0578,2025-10,24.2,726.0,1,1,Govt. Primary School Narasimhan,Jalandhar,Phillaur,291,Upper Primary,Punjabi
SCH0578,2025-11,57800.0,13800.0,2,2,Govt. Primary School Narasimhan,Jalandhar,Phillaur,291,Upper Primary,Punjabi
SCH0578,2026-02,13.3,0.0,1,1,Govt. Primary School Narasimhan,Jalandhar,Phillaur,291,Upper Primary,Punjabi
SCH0578,2026-03,58.0,6960.0,1,1,Govt. Primary School Narasimhan,Jalandhar,Phillaur,291,Upper Primary,Punjabi
SCH0579,2025-04,56.7,6804.0,1,1,Govt. Primary School Puri,Bathinda,Talwandi Sabo,153,Upper Primary,Punjabi
SCH0579,2025-06,18.2,1638.0,1,1,Govt. Primary School Puri,Bathinda,Talwandi Sabo,153,Upper Primary,Punjabi
SCH0579,2025-07,101.8,8256.0,2,2,Govt. Primary School Puri,Bathinda,Talwandi Sabo,153,Upper Primary,Punjabi
SCH0579,2025-08,0.0,2988.0,1,1,Govt. Primary School Puri,Bathinda,Talwandi Sabo,153,Upper Primary,Punjabi
SCH0579,2025-09,52.2,0.0,1,1,Govt. Primary School Puri,Bathinda,Talwandi Sabo,153,Upper Primary,Punjabi
SCH0579,2025-10,0.94,1880.0,1,1,Govt. Primary School Puri,Bathinda,Talwandi Sabo,153,Upper Primary,Punjabi
SCH0579,2025-11,26300.0,3948.0,3,3,Govt. Primary School Puri,Bathinda,Talwandi Sabo,153,Upper Primary,Punjabi
SCH0579,2026-01,0.366,1125.0,2,2,Govt. Primary School Puri,Bathinda,Talwandi Sabo,153,Upper Primary,Punjabi
SCH0579,2026-02,50552.4,6736.0,2,2,Govt. Primary School Puri,Bathinda,Talwandi Sabo,153,Upper Primary,Punjabi
SCH0579,2026-03,89.1,9195.0,3,2,Govt. Primary School Puri,Bathinda,Talwandi Sabo,153,Upper Primary,Punjabi
SCH0580,2025-04,20557.8,7836.0,3,3,Govt. Primary School Apte,Sangrur,Malerkotla,274,Higher Secondary,Punjabi
SCH0580,2025-05,49.9,1497.0,2,1,Govt. Primary School Apte,Sangrur,Malerkotla,274,Higher Secondary,Punjabi
SCH0580,2025-07,17.1,6201.0,2,2,Govt. Primary School Apte,Sangrur,Malerkotla,274,Higher Secondary,Punjabi
SCH0580,2025-08,30300.0,909.0,1,1,Govt. Primary School Apte,Sangrur,Malerkotla,274,Higher Secondary,Punjabi
SCH0580,2025-09,0.918,5508.0,1,1,Govt. Primary School Apte,Sangrur,Malerkotla,274,Higher Secondary,Punjabi
SCH0580,2025-10,0.882,7036.0,2,2,Govt. Primary School Apte,Sangrur,Malerkotla,274,Higher Secondary,Punjabi
SCH0580,2025-12,47.6,1904.0,1,1,Govt. Primary School Apte,Sangrur,Malerkotla,274,Higher Secondary,Punjabi
SCH0580,2026-01,29501.338,3856.0,3,3,Govt. Primary School Apte,Sangrur,Malerkotla,274,Higher Secondary,Punjabi
SCH0580,2026-02,28500.0,3420.0,1,1,Govt. Primary School Apte,Sangrur,Malerkotla,274,Higher Secondary,Punjabi
SCH0580,2026-03,58.400000000000006,2336.0,2,2,Govt. Primary School Apte,Sangrur,Malerkotla,274,Higher Secondary,Punjabi
SCH0581,2025-05,18.241999999999997,1050.0,2,1,Govt. Elementary School Srivastava,Moga,Nihal Singh Wala,353,Primary,Punjabi
SCH0581,2025-07,0.0,1236.0,1,1,Govt. Elementary School Srivastava,Moga,Nihal Singh Wala,353,Primary,Punjabi
SCH0581,2025-09,1.9000000000000001,12240.0,3,3,Govt. Elementary School Srivastava,Moga,Nihal Singh Wala,353,Primary,Punjabi
SCH0581,2025-10,0.0,752.0,1,1,Govt. Elementary School Srivastava,Moga,Nihal Singh Wala,353,Primary,Punjabi
SCH0581,2025-11,29.4,3072.0,2,2,Govt. Elementary School Srivastava,Moga,Nihal Singh Wala,353,Primary,Punjabi
SCH0581,2025-12,72.2,6384.0,2,2,Govt. Elementary School Srivastava,Moga,Nihal Singh Wala,353,Primary,Punjabi
SCH0581,2026-01,78300.0,2837.0,2,2,Govt. Elementary School Srivastava,Moga,Nihal Singh Wala,353,Primary,Punjabi
SCH0581,2026-02,52200.0,13428.0,2,2,Govt. Elementary School Srivastava,Moga,Nihal Singh Wala,353,Primary,Punjabi
SCH0581,2026-03,18.808,4862.0,3,2,Govt. Elementary School Srivastava,Moga,Nihal Singh Wala,353,Primary,Punjabi
SCH0582,2025-04,0.772,4503.0,2,2,Govt. Primary School Tiwari,Unknown,Rajpura,416,Higher Secondary,Punjabi
SCH0582,2025-05,30.0,3509.0,3,2,Govt. Primary School Tiwari,Unknown,Rajpura,416,Higher Secondary,Punjabi
SCH0582,2025-07,24.0,1524.0,2,2,Govt. Primary School Tiwari,Unknown,Rajpura,416,Higher Secondary,Punjabi
SCH0582,2025-09,43.854,13173.0,4,3,Govt. Primary School Tiwari,Unknown,Rajpura,416,Higher Secondary,Punjabi
SCH0582,2025-10,15900.0,2644.0,2,1,Govt. Primary School Tiwari,Unknown,Rajpura,416,Higher Secondary,Punjabi
SCH0582,2025-11,43300.0,8207.0,4,3,Govt. Primary School Tiwari,Unknown,Rajpura,416,Higher Secondary,Punjabi
SCH0582,2026-02,48.3,10757.0,5,5,Govt. Primary School Tiwari,Unknown,Rajpura,416,Higher Secondary,Punjabi
SCH0582,2026-03,12500.0,375.0,1,1,Govt. Primary School Tiwari,Unknown,Rajpura,416,Higher Secondary,Punjabi
SCH0583,2025-05,40142.84,12303.0,4,4,Govt. Middle School Dara,Ferozepur,Makhu,436,Higher Secondary,Punjabi
SCH0583,2025-06,36300.0,3266.0,1,1,Govt. Middle School Dara,Ferozepur,Makhu,436,Higher Secondary,Punjabi
SCH0583,2025-07,41437.6,10992.0,3,3,Govt. Middle School Dara,Ferozepur,Makhu,436,Higher Secondary,Punjabi
SCH0583,2025-08,0.624,6048.0,2,2,Govt. Middle School Dara,Ferozepur,Makhu,436,Higher Secondary,Punjabi
SCH0583,2025-09,29.8,3576.0,1,1,Govt. Middle School Dara,Ferozepur,Makhu,436,Higher Secondary,Punjabi
SCH0583,2025-10,0.324,5644.0,3,3,Govt. Middle School Dara,Ferozepur,Makhu,436,Higher Secondary,Punjabi
SCH0583,2025-11,59023.6,5192.0,2,2,Govt. Middle School Dara,Ferozepur,Makhu,436,Higher Secondary,Punjabi
SCH0583,2025-12,30200.0,4488.0,2,2,Govt. Middle School Dara,Ferozepur,Makhu,436,Higher Secondary,Punjabi
SCH0583,2026-01,41347.9,12594.0,4,4,Govt. Middle School Dara,Ferozepur,Makhu,436,Higher Secondary,Punjabi
SCH0583,2026-02,79.822,11368.0,3,3,Govt. Middle School Dara,Ferozepur,Makhu,436,Higher Secondary,Punjabi
SCH0583,2026-03,12574.334,9010.0,4,3,Govt. Middle School Dara,Ferozepur,Makhu,436,Higher Secondary,Punjabi
SCH0584,2025-04,0.63,3780.0,1,1,Govt. Senior Secondary School Sahota,Jalandhar,Phillaur,370,Primary,English
SCH0584,2025-05,133.4,7992.0,3,3,Govt. Senior Secondary School Sahota,Jalandhar,Phillaur,370,Primary,English
SCH0584,2025-06,28500.0,1511.0,2,2,Govt. Senior Secondary School Sahota,Jalandhar,Phillaur,370,Primary,English
SCH0584,2025-08,40736.2,4749.0,2,2,Govt. Senior Secondary School Sahota,Jalandhar,Phillaur,370,Primary,English
SCH0584,2025-09,16.038,2280.0,2,2,Govt. Senior Secondary School Sahota,Jalandhar,Phillaur,370,Primary,English
SCH0584,2025-10,0.0,1866.0,2,2,Govt. Senior Secondary School Sahota,Jalandhar,Phillaur,370,Primary,English
SCH0584,2025-11,41900.0,3107.0,2,2,Govt. Senior Secondary School Sahota,Jalandhar,Phillaur,370,Primary,English
SCH0584,2025-12,0.884,5323.0,2,2,Govt. Senior Secondary School Sahota,Jalandhar,Phillaur,370,Primary,English
SCH0584,2026-01,28646.2,7846.0,3,3,Govt. Senior Secondary School Sahota,Jalandhar,Phillaur,370,Primary,English
SCH0584,2026-02,22900.0,2370.0,2,2,Govt. Senior Secondary School Sahota,Jalandhar,Phillaur,370,Primary,English
SCH0584,2026-03,0.0,1629.0,1,1,Govt. Senior Secondary School Sahota,Jalandhar,Phillaur,370,Primary,English
SCH0585,2025-04,56.0,8055.0,2,1,Govt. Primary School Bala,Sangrur,Sangrur,131,Upper Primary,Hindi
SCH0585,2025-05,35.6,1424.0,1,1,Govt. Primary School Bala,Sangrur,Sangrur,131,Upper Primary,Hindi
SCH0585,2025-07,77037.5,5685.0,3,3,Govt. Primary School Bala,Sangrur,Sangrur,131,Upper Primary,Hindi
SCH0585,2025-08,0.57,5417.0,3,3,Govt. Primary School Bala,Sangrur,Sangrur,131,Upper Primary,Hindi
SCH0585,2025-09,49.6,1984.0,1,1,Govt. Primary School Bala,Sangrur,Sangrur,131,Upper Primary,Hindi
SCH0585,2025-11,60.1,3509.0,2,2,Govt. Primary School Bala,Sangrur,Sangrur,131,Upper Primary,Hindi
SCH0585,2025-12,80.59400000000001,4567.0,4,3,Govt. Primary School Bala,Sangrur,Sangrur,131,Upper Primary,Hindi
SCH0585,2026-01,47641.9,6671.0,3,3,Govt. Primary School Bala,Sangrur,Sangrur,131,Upper Primary,Hindi
SCH0585,2026-02,0.532,4077.0,2,2,Govt. Primary School Bala,Sangrur,Sangrur,131,Upper Primary,Hindi
SCH0585,2026-03,57300.0,7515.0,2,2,Govt. Primary School Bala,Sangrur,Sangrur,131,Upper Primary,Hindi
SCH0586,2025-04,0.244,1464.0,1,1,Govt. Elementary School Tailor,Amritsar,Amritsar-I,98,Secondary,Hindi
SCH0586,2025-05,0.37,0.0,1,1,Govt. Elementary School Tailor,Amritsar,Amritsar-I,98,Secondary,Hindi
SCH0586,2025-06,1.35,3872.0,3,3,Govt. Elementary School Tailor,Amritsar,Amritsar-I,98,Secondary,Hindi
SCH0586,2025-07,66400.856,6580.0,3,3,Govt. Elementary School Tailor,Amritsar,Amritsar-I,98,Secondary,Hindi
SCH0586,2025-08,58.2,6984.0,1,1,Govt. Elementary School Tailor,Amritsar,Amritsar-I,98,Secondary,Hindi
SCH0586,2025-09,49.0,5880.0,1,1,Govt. Elementary School Tailor,Amritsar,Amritsar-I,98,Secondary,Hindi
SCH0586,2025-10,0.0,1024.0,1,1,Govt. Elementary School Tailor,Amritsar,Amritsar-I,98,Secondary,Hindi
SCH0586,2025-11,12.8,384.0,1,1,Govt. Elementary School Tailor,Amritsar,Amritsar-I,98,Secondary,Hindi
SCH0586,2025-12,0.486,2916.0,1,1,Govt. Elementary School Tailor,Amritsar,Amritsar-I,98,Secondary,Hindi
SCH0586,2026-01,25.2,1008.0,1,1,Govt. Elementary School Tailor,Amritsar,Amritsar-I,98,Secondary,Hindi
SCH0586,2026-02,27300.0,5619.0,2,2,Govt. Elementary School Tailor,Amritsar,Amritsar-I,98,Secondary,Hindi
SCH0586,2026-03,1.042,1563.0,1,1,Govt. Elementary School Tailor,Amritsar,Amritsar-I,98,Secondary,Hindi
SCH0587,2025-04,44.0,1760.0,1,1,Govt. Senior Secondary School Verma,Jalandhar,Phillaur,321,Upper Primary,Hindi
SCH0587,2025-05,27.7,2493.0,1,1,Govt. Senior Secondary School Verma,Jalandhar,Phillaur,321,Upper Primary,Hindi
SCH0587,2025-06,15300.35,3477.0,2,2,Govt. Senior Secondary School Verma,Jalandhar,Phillaur,321,Upper Primary,Hindi
SCH0587,2025-07,49600.0,10104.0,2,2,Govt. Senior Secondary School Verma,Jalandhar,Phillaur,321,Upper Primary,Hindi
SCH0587,2025-08,10.1,8189.0,5,5,Govt. Senior Secondary School Verma,Jalandhar,Phillaur,321,Upper Primary,Hindi
SCH0587,2025-09,42.542,1539.0,2,2,Govt. Senior Secondary School Verma,Jalandhar,Phillaur,321,Upper Primary,Hindi
SCH0587,2025-10,1.138,2276.0,1,1,Govt. Senior Secondary School Verma,Jalandhar,Phillaur,321,Upper Primary,Hindi
SCH0587,2025-12,0.258,1548.0,1,1,Govt. Senior Secondary School Verma,Jalandhar,Phillaur,321,Upper Primary,Hindi
SCH0587,2026-02,0.0,5292.0,1,1,Govt. Senior Secondary School Verma,Jalandhar,Phillaur,321,Upper Primary,Hindi
SCH0587,2026-03,88.0,9201.0,2,2,Govt. Senior Secondary School Verma,Jalandhar,Phillaur,321,Upper Primary,Hindi
SCH0588,2025-04,0.0,1208.0,1,1,Govt. Senior Secondary School Sahota,Jalandhar,Jalandhar-I,254,Higher Secondary,Hindi
SCH0588,2025-05,57200.0,1716.0,1,1,Govt. Senior Secondary School Sahota,Jalandhar,Jalandhar-I,254,Higher Secondary,Hindi
SCH0588,2025-07,58.4,8456.0,3,3,Govt. Senior Secondary School Sahota,Jalandhar,Jalandhar-I,254,Higher Secondary,Hindi
SCH0588,2025-08,10900.0,4908.0,2,2,Govt. Senior Secondary School Sahota,Jalandhar,Jalandhar-I,254,Higher Secondary,Hindi
SCH0588,2025-09,0.0,1823.0,2,2,Govt. Senior Secondary School Sahota,Jalandhar,Jalandhar-I,254,Higher Secondary,Hindi
SCH0588,2025-10,59.3,3836.0,2,2,Govt. Senior Secondary School Sahota,Jalandhar,Jalandhar-I,254,Higher Secondary,Hindi
SCH0588,2025-12,52.034,7257.0,2,2,Govt. Senior Secondary School Sahota,Jalandhar,Jalandhar-I,254,Higher Secondary,Hindi
SCH0588,2026-01,23100.0,693.0,1,1,Govt. Senior Secondary School Sahota,Jalandhar,Jalandhar-I,254,Higher Secondary,Hindi
SCH0588,2026-02,15400.0,4960.0,3,3,Govt. Senior Secondary School Sahota,Jalandhar,Jalandhar-I,254,Higher Secondary,Hindi
SCH0588,2026-03,56.052,2212.0,2,2,Govt. Senior Secondary School Sahota,Jalandhar,Jalandhar-I,254,Higher Secondary,Hindi
SCH0589,2025-04,27081.8,11804.0,4,2,Govt. Elementary School Sarraf,Patiala,Patiala,358,Primary,Punjabi
SCH0589,2025-05,0.772,9399.0,3,2,Govt. Elementary School Sarraf,Patiala,Patiala,358,Primary,Punjabi
SCH0589,2025-06,0.0,944.0,1,1,Govt. Elementary School Sarraf,Patiala,Patiala,358,Primary,Punjabi
SCH0589,2025-07,0.0,2511.0,1,1,Govt. Elementary School Sarraf,Patiala,Patiala,358,Primary,Punjabi
SCH0589,2025-08,0.0,1440.0,1,1,Govt. Elementary School Sarraf,Patiala,Patiala,358,Primary,Punjabi
SCH0589,2025-09,42100.0,1684.0,1,1,Govt. Elementary School Sarraf,Patiala,Patiala,358,Primary,Punjabi
SCH0589,2025-10,55.4,6648.0,1,1,Govt. Elementary School Sarraf,Patiala,Patiala,358,Primary,Punjabi
SCH0589,2025-11,0.848,3816.0,1,1,Govt. Elementary School Sarraf,Patiala,Patiala,358,Primary,Punjabi
SCH0589,2025-12,33.7,732.0,2,2,Govt. Elementary School Sarraf,Patiala,Patiala,358,Primary,Punjabi
SCH0589,2026-01,0.0,2625.0,3,3,Govt. Elementary School Sarraf,Patiala,Patiala,358,Primary,Punjabi
SCH0589,2026-03,31549.362,9363.0,4,4,Govt. Elementary School Sarraf,Patiala,Patiala,358,Primary,Punjabi
SCH0590,2025-04,23778.899999999998,9945.0,3,3,Govt. Elementary School Khare,Sangrur,Unknown,151,Higher Secondary,Hindi
SCH0590,2025-07,0.0,3600.0,1,1,Govt. Elementary School Khare,Sangrur,Unknown,151,Higher Secondary,Hindi
SCH0590,2025-08,35952.4,8294.0,5,4,Govt. Elementary School Khare,Sangrur,Unknown,151,Higher Secondary,Hindi
SCH0590,2025-09,20013.0,6423.0,5,3,Govt. Elementary School Khare,Sangrur,Unknown,151,Higher Secondary,Hindi
SCH0590,2025-10,42300.0,5076.0,1,1,Govt. Elementary School Khare,Sangrur,Unknown,151,Higher Secondary,Hindi
SCH0590,2025-11,31900.0,1276.0,1,1,Govt. Elementary School Khare,Sangrur,Unknown,151,Higher Secondary,Hindi
SCH0590,2025-12,0.0,6300.0,1,1,Govt. Elementary School Khare,Sangrur,Unknown,151,Higher Secondary,Hindi
SCH0590,2026-01,27600.0,2484.0,1,1,Govt. Elementary School Khare,Sangrur,Unknown,151,Higher Secondary,Hindi
SCH0590,2026-02,0.0,1611.0,1,1,Govt. Elementary School Khare,Sangrur,Unknown,151,Higher Secondary,Hindi
SCH0590,2026-03,19.7,788.0,1,1,Govt. Elementary School Khare,Sangrur,Unknown,151,Higher Secondary,Hindi
SCH0591,2025-05,0.0,6655.0,2,2,Govt. Senior Secondary School Anand,Ludhiana,Unknown,320,Upper Primary,English
SCH0591,2025-06,54600.0,5238.0,4,4,Govt. Senior Secondary School Anand,Ludhiana,Unknown,320,Upper Primary,English
SCH0591,2025-07,0.0,1884.0,2,2,Govt. Senior Secondary School Anand,Ludhiana,Unknown,320,Upper Primary,English
SCH0591,2025-08,20.0,600.0,1,1,Govt. Senior Secondary School Anand,Ludhiana,Unknown,320,Upper Primary,English
SCH0591,2025-09,27600.0,3312.0,1,1,Govt. Senior Secondary School Anand,Ludhiana,Unknown,320,Upper Primary,English
SCH0591,2025-10,0.0,3000.0,1,1,Govt. Senior Secondary School Anand,Ludhiana,Unknown,320,Upper Primary,English
SCH0591,2025-11,12926.9,4580.0,3,2,Govt. Senior Secondary School Anand,Ludhiana,Unknown,320,Upper Primary,English
SCH0591,2026-01,87.7,10524.0,2,2,Govt. Senior Secondary School Anand,Ludhiana,Unknown,320,Upper Primary,English
SCH0591,2026-02,0.0,5196.0,1,1,Govt. Senior Secondary School Anand,Ludhiana,Unknown,320,Upper Primary,English
SCH0591,2026-03,0.36,720.0,1,1,Govt. Senior Secondary School Anand,Ludhiana,Unknown,320,Upper Primary,English
SCH0592,2025-04,44231.8,6714.0,4,4,Govt. Primary School Ray,Ludhiana,Unknown,56,Secondary,Punjabi
SCH0592,2025-05,43.4,6304.0,2,2,Govt. Primary School Ray,Ludhiana,Unknown,56,Secondary,Punjabi
SCH0592,2025-06,47700.526,10743.0,3,3,Govt. Primary School Ray,Ludhiana,Unknown,56,Secondary,Punjabi
SCH0592,2025-07,50000.0,6000.0,1,1,Govt. Primary School Ray,Ludhiana,Unknown,56,Secondary,Punjabi
SCH0592,2025-08,12.688,2248.0,2,2,Govt. Primary School Ray,Ludhiana,Unknown,56,Secondary,Punjabi
SCH0592,2025-09,49845.05,4618.0,4,4,Govt. Primary School Ray,Ludhiana,Unknown,56,Secondary,Punjabi
SCH0592,2025-10,26.2,4062.0,2,2,Govt. Primary School Ray,Ludhiana,Unknown,56,Secondary,Punjabi
SCH0592,2025-11,54.0,1620.0,1,1,Govt. Primary School Ray,Ludhiana,Unknown,56,Secondary,Punjabi
SCH0592,2025-12,64.3,3987.0,2,2,Govt. Primary School Ray,Ludhiana,Unknown,56,Secondary,Punjabi
SCH0592,2026-01,19000.0,570.0,1,1,Govt. Primary School Ray,Ludhiana,Unknown,56,Secondary,Punjabi
SCH0592,2026-02,81.4,4206.0,3,3,Govt. Primary School Ray,Ludhiana,Unknown,56,Secondary,Punjabi
SCH0592,2026-03,20332.7,1793.0,2,2,Govt. Primary School Ray,Ludhiana,Unknown,56,Secondary,Punjabi
SCH0593,2025-04,55194.5,4865.0,3,2,Govt. Middle School Iyer,Jalandhar,Jalandhar-II,384,Upper Primary,Punjabi
SCH0593,2025-05,59.198,10620.0,2,2,Govt. Middle School Iyer,Jalandhar,Jalandhar-II,384,Upper Primary,Punjabi
SCH0593,2025-06,34.1,1023.0,1,1,Govt. Middle School Iyer,Jalandhar,Jalandhar-II,384,Upper Primary,Punjabi
SCH0593,2025-07,84.6,6994.0,3,3,Govt. Middle School Iyer,Jalandhar,Jalandhar-II,384,Upper Primary,Punjabi
SCH0593,2025-09,0.0,2116.0,1,1,Govt. Middle School Iyer,Jalandhar,Jalandhar-II,384,Upper Primary,Punjabi
SCH0593,2025-10,22963.4,10331.0,5,5,Govt. Middle School Iyer,Jalandhar,Jalandhar-II,384,Upper Primary,Punjabi
SCH0593,2025-11,46800.0,6324.0,2,2,Govt. Middle School Iyer,Jalandhar,Jalandhar-II,384,Upper Primary,Punjabi
SCH0593,2025-12,46.0,4912.0,2,2,Govt. Middle School Iyer,Jalandhar,Jalandhar-II,384,Upper Primary,Punjabi
SCH0593,2026-01,71.4,6741.0,2,2,Govt. Middle School Iyer,Jalandhar,Jalandhar-II,384,Upper Primary,Punjabi
SCH0593,2026-03,1.14,3518.0,2,2,Govt. Middle School Iyer,Jalandhar,Jalandhar-II,384,Upper Primary,Punjabi
SCH0594,2025-04,53435.3,6258.0,3,3,Govt. Primary School Murthy,Bathinda,Rampura Phul,228,Primary,Hindi
SCH0594,2025-05,0.218,1308.0,1,1,Govt. Primary School Murthy,Bathinda,Rampura Phul,228,Primary,Hindi
SCH0594,2025-06,16.2,648.0,1,1,Govt. Primary School Murthy,Bathinda,Rampura Phul,228,Primary,Hindi
SCH0594,2025-07,0.0,2604.0,1,1,Govt. Primary School Murthy,Bathinda,Rampura Phul,228,Primary,Hindi
SCH0594,2025-08,27500.0,3570.0,2,2,Govt. Primary School Murthy,Bathinda,Rampura Phul,228,Primary,Hindi
SCH0594,2025-09,20725.1,3488.0,2,1,Govt. Primary School Murthy,Bathinda,Rampura Phul,228,Primary,Hindi
SCH0594,2025-10,97300.0,7473.0,2,2,Govt. Primary School Murthy,Bathinda,Rampura Phul,228,Primary,Hindi
SCH0594,2026-01,15825.900000000001,3166.0,5,4,Govt. Primary School Murthy,Bathinda,Rampura Phul,228,Primary,Hindi
SCH0594,2026-02,0.0,1458.0,1,1,Govt. Primary School Murthy,Bathinda,Rampura Phul,228,Primary,Hindi
SCH0595,2025-04,0.0,632.0,1,1,Govt. Primary School Char,Amritsar,Ajnala,208,Upper Primary,Hindi
SCH0595,2025-05,11201.086,4224.0,3,3,Govt. Primary School Char,Amritsar,Ajnala,208,Upper Primary,Hindi
SCH0595,2025-06,0.972,1458.0,1,1,Govt. Primary School Char,Amritsar,Ajnala,208,Upper Primary,Hindi
SCH0595,2025-08,0.542,1084.0,1,1,Govt. Primary School Char,Amritsar,Ajnala,208,Upper Primary,Hindi
SCH0595,2025-09,96601.38,7656.0,4,4,Govt. Primary School Char,Amritsar,Ajnala,208,Upper Primary,Hindi
SCH0595,2025-10,41.128,9186.0,2,2,Govt. Primary School Char,Amritsar,Ajnala,208,Upper Primary,Hindi
SCH0595,2025-11,12.9,516.0,1,1,Govt. Primary School Char,Amritsar,Ajnala,208,Upper Primary,Hindi
SCH0595,2026-01,46.0,12558.0,4,2,Govt. Primary School Char,Amritsar,Ajnala,208,Upper Primary,Hindi
SCH0595,2026-02,0.434,2604.0,1,1,Govt. Primary School Char,Amritsar,Ajnala,208,Upper Primary,Hindi
SCH0595,2026-03,43.9,5268.0,1,1,Govt. Primary School Char,Amritsar,Ajnala,208,Upper Primary,Hindi
SCH0596,2025-04,37.327999999999996,2528.0,2,1,Govt. Middle School Tank,Amritsar,Tarn Taran,410,Secondary,Hindi
SCH0596,2025-05,39.982,7764.0,5,4,Govt. Middle School Tank,Amritsar,Tarn Taran,410,Secondary,Hindi
SCH0596,2025-06,76.5,8388.0,3,3,Govt. Middle School Tank,Amritsar,Tarn Taran,410,Secondary,Hindi
SCH0596,2025-07,52.0,6240.0,1,1,Govt. Middle School Tank,Amritsar,Tarn Taran,410,Secondary,Hindi
SCH0596,2025-08,63.4,2280.0,2,2,Govt. Middle School Tank,Amritsar,Tarn Taran,410,Secondary,Hindi
SCH0596,2025-11,92900.0,6581.0,2,2,Govt. Middle School Tank,Amritsar,Tarn Taran,410,Secondary,Hindi
SCH0596,2025-12,1.198,2396.0,1,1,Govt. Middle School Tank,Amritsar,Tarn Taran,410,Secondary,Hindi
SCH0596,2026-03,43682.2,8632.0,3,3,Govt. Middle School Tank,Amritsar,Tarn Taran,410,Secondary,Hindi
SCH0597,2025-04,35400.38,3946.0,2,2,Govt. Senior Secondary School Zacharia,Moga,Moga-II,354,Higher Secondary,Hindi
SCH0597,2025-05,0.0,4656.0,1,1,Govt. Senior Secondary School Zacharia,Moga,Moga-II,354,Higher Secondary,Hindi
SCH0597,2025-08,54600.0,0.0,1,1,Govt. Senior Secondary School Zacharia,Moga,Moga-II,354,Higher Secondary,Hindi
SCH0597,2025-09,20.5,4803.0,2,1,Govt. Senior Secondary School Zacharia,Moga,Moga-II,354,Higher Secondary,Hindi
SCH0597,2025-10,0.0,1215.0,1,1,Govt. Senior Secondary School Zacharia,Moga,Moga-II,354,Higher Secondary,Hindi
SCH0597,2025-11,50400.0,5520.0,3,2,Govt. Senior Secondary School Zacharia,Moga,Moga-II,354,Higher Secondary,Hindi
SCH0597,2025-12,0.8440000000000001,3798.0,1,1,Govt. Senior Secondary School Zacharia,Moga,Moga-II,354,Higher Secondary,Hindi
SCH0597,2026-01,57.462,9375.0,3,3,Govt. Senior Secondary School Zacharia,Moga,Moga-II,354,Higher Secondary,Hindi
SCH0597,2026-02,24.9,747.0,1,1,Govt. Senior Secondary School Zacharia,Moga,Moga-II,354,Higher Secondary,Hindi
SCH0597,2026-03,56.9,6828.0,1,1,Govt. Senior Secondary School Zacharia,Moga,Moga-II,354,Higher Secondary,Hindi
SCH0598,2025-04,43742.3,12009.0,4,4,Govt. Primary School Warrior,Bathinda,Maur,40,Higher Secondary,Hindi
SCH0598,2025-06,10100.0,1652.0,2,2,Govt. Primary School Warrior,Bathinda,Maur,40,Higher Secondary,Hindi
SCH0598,2025-07,23.9,2649.0,3,3,Govt. Primary School Warrior,Bathinda,Maur,40,Higher Secondary,Hindi
SCH0598,2025-08,35.6,4148.0,2,2,Govt. Primary School Warrior,Bathinda,Maur,40,Higher Secondary,Hindi
SCH0598,2025-09,0.0,4455.0,1,1,Govt. Primary School Warrior,Bathinda,Maur,40,Higher Secondary,Hindi
SCH0598,2025-10,11200.0,336.0,1,1,Govt. Primary School Warrior,Bathinda,Maur,40,Higher Secondary,Hindi
SCH0598,2025-12,58.599999999999994,3360.0,2,1,Govt. Primary School Warrior,Bathinda,Maur,40,Higher Secondary,Hindi
SCH0598,2026-01,36.900000000000006,7701.0,5,5,Govt. Primary School Warrior,Bathinda,Maur,40,Higher Secondary,Hindi
SCH0598,2026-02,56.9,5121.0,1,1,Govt. Primary School Warrior,Bathinda,Maur,40,Higher Secondary,Hindi
SCH0598,2026-03,0.0,1212.0,1,1,Govt. Primary School Warrior,Bathinda,Maur,40,Higher Secondary,Hindi
SCH0599,2025-05,56900.816,11724.0,2,1,Govt. Senior Secondary School Vala,Ferozepur,Mamdot,63,Upper Primary,English
SCH0599,2025-06,0.0,3456.0,1,1,Govt. Senior Secondary School Vala,Ferozepur,Mamdot,63,Upper Primary,English
SCH0599,2025-07,15000.48,4174.0,3,3,Govt. Senior Secondary School Vala,Ferozepur,Mamdot,63,Upper Primary,English
SCH0599,2025-08,0.0,1386.0,1,1,Govt. Senior Secondary School Vala,Ferozepur,Mamdot,63,Upper Primary,English
SCH0599,2025-09,51.192,5773.0,3,3,Govt. Senior Secondary School Vala,Ferozepur,Mamdot,63,Upper Primary,English
SCH0599,2025-10,19300.0,1467.0,2,1,Govt. Senior Secondary School Vala,Ferozepur,Mamdot,63,Upper Primary,English
SCH0599,2025-11,25729.6,6909.0,3,3,Govt. Senior Secondary School Vala,Ferozepur,Mamdot,63,Upper Primary,English
SCH0599,2025-12,0.0,597.0,1,1,Govt. Senior Secondary School Vala,Ferozepur,Mamdot,63,Upper Primary,English
SCH0599,2026-01,32657.2,6635.0,3,3,Govt. Senior Secondary School Vala,Ferozepur,Mamdot,63,Upper Primary,English
SCH0599,2026-02,24.208,2002.0,2,2,Govt. Senior Secondary School Vala,Ferozepur,Mamdot,63,Upper Primary,English
SCH0600,2025-04,83200.0,10215.0,3,2,Govt. Primary School Sandhu,Amritsar,Ajnala,193,Secondary,English
SCH0600,2025-05,28700.0,1148.0,1,1,Govt. Primary School Sandhu,Amritsar,Ajnala,193,Secondary,English
SCH0600,2025-07,27321.432,2979.0,3,3,Govt. Primary School Sandhu,Amritsar,Ajnala,193,Secondary,English
SCH0600,2025-09,0.84,3780.0,1,1,Govt. Primary School Sandhu,Amritsar,Ajnala,193,Secondary,English
SCH0600,2025-10,20.358,1578.0,2,2,Govt. Primary School Sandhu,Amritsar,Ajnala,193,Secondary,English
SCH0600,2025-11,59243.842000000004,13145.0,6,3,Govt. Primary School Sandhu,Amritsar,Ajnala,193,Secondary,English
SCH0600,2025-12,92000.0,7566.0,2,2,Govt. Primary School Sandhu,Amritsar,Ajnala,193,Secondary,English
SCH0600,2026-01,10900.0,327.0,1,1,Govt. Primary School Sandhu,Amritsar,Ajnala,193,Secondary,English
SCH0600,2026-02,0.22,440.0,1,1,Govt. Primary School Sandhu,Amritsar,Ajnala,193,Secondary,English
SCH0600,2026-03,49.775999999999996,8796.0,3,3,Govt. Primary School Sandhu,Amritsar,Ajnala,193,Secondary,English
